donor_ROI_islet_id,PancreasID,RoIID,Group,Age..years.,Gender,height,BS,BMI..kg.m2.,blood,HbA1c....,C.Peptide..ng.ml.,Diabetes.duration..years.,Size_group,area,diameter,Eccentricity,EulerNumber,HoleArea,HoleRatio,n_total_cell,n_INS_cell,n_GLU_cell,n_SST_cell,n_PP_cell,n_CK19_cell,n_CD34_cell,INS_cell_ratio,GLU_cell_ratio,SST_cell_ratio,PP_cell_ratio,CK19_cell_ratio,CD34_cell_ratio,INS_area,GLU_area,SST_area,PP_area,The_intensity_of_INS,The_intensity_of_NGN3,The_intensity_of_CD34,The_intensity_of_SOX9,The_intensity_of_ARX,The_intensity_of_GLU,The_intensity_of_PP,The_intensity_of_PDX1,The_intensity_of_SST,The_intensity_of_SYN,The_intensity_of_CK19,The_intensity_of_P_H3,The_intensity_of_UCN3,The_intensity_of_SMA,The_intensity_of_KI67,The_intensity_of_NKX6_1,The_intensity_of_ALDH,The_intensity_of_GHRELIN,The_intensity_of_CD99,The_intensity_of_BACT,pseudotime,monocle_cluster,UMAP_1,UMAP_2,label_inpaper
1-10-1-1,1,10,ND,53,0,162,55,20.95717116,1,5.5,1.94,0,Large,41710,293.1875688,0.78251673,1,6848,0.164181251,613,521,440,184,0,10,115,0.849918434,0.717781403,0.300163132,0,0.016313214,0.187601958,22107.46997,15114.63763,4096.901777,0,4.760710604,0.304152382,0.048488408,0.004890796,0.287382225,2.262496704,0.001342572,0.37796984,0.975294287,9.59E-05,0.197909424,0.039533936,1.288808708,2.323547745,1.626021913,1.444307257,1.478602767,0.749622402,26.00936204,13.5252811,3.559733656,4,-1.080445886,-2.98033905,Label_II
1-10-2-1,1,10,ND,53,0,162,55,20.95717116,1,5.5,1.94,0,Large,27859,250.7403376,0.811335552,1,7147,0.256541872,381,329,221,62,0,19,63,0.86351706,0.580052493,0.162729659,0,0.049868766,0.165354331,14822.46795,6669.760589,1412.949282,0,4.542785355,0.276902369,0.047325915,0.004235463,0.18603733,1.345513281,0.001417803,0.389501077,0.564357502,3.59E-05,0.138137114,0.027566403,1.376005025,1.558811917,1.469849246,1.450161522,1.239160086,0.624210337,21.91963388,9.914034458,3.235348365,4,-0.619320333,-3.089464664,Label_II
1-10-3-1,1,10,ND,53,0,162,55,20.95717116,1,5.5,1.94,0,Medium,6136,111.153133,0.766835469,1,1341,0.218546284,96,89,30,22,0,1,23,0.927083333,0.3125,0.229166667,0,0.010416667,0.239583333,3915.361903,627.8976699,763.8755092,0,5.241323122,0.321574059,0.047417305,0.007984357,0.147710608,0.961218837,0.001303569,0.494948672,1.253951442,0,0.107218511,0.037151703,1.346749226,1.400439954,1.649177122,1.77244582,1.134430504,0.693498452,27.29379175,12.51556135,4.880433365,4,-0.906920671,-3.907420874,Label_II
1-2-1-1,1,2,ND,53,0,162,55,20.95717116,1,5.5,1.94,0,Large,23145,212.1897319,0.738402293,1,1534,0.066277814,246,203,240,83,0,22,71,0.825203252,0.975609756,0.337398374,0,0.089430894,0.288617886,8075.651084,15033.35047,2323.899594,0,3.503391515,0.39643999,0.080640283,0.007452692,0.513890089,1.817311847,0.001360926,0.416184222,1.484446557,0.003931565,0.315799706,0.084226216,1.203685302,3.962088482,1.958502549,1.525317549,1.992720124,1.082800484,31.58632161,18.11185518,4.263198332,4,-1.695238948,-3.176017284,Label_II
1-2-2-1,1,2,ND,53,0,162,55,20.95717116,1,5.5,1.94,0,Medium,16344,168.7985686,0.523813341,1,1046,0.063999021,173,157,112,26,0,28,34,0.907514451,0.647398844,0.150289017,0,0.161849711,0.196531792,9946.391435,4215.742062,1131.930743,0,6.469409605,0.424992352,0.060752524,0.008045274,0.322300398,0.557295809,0.001040073,0.558213521,0.531599878,0,0.267207097,0.047721016,1.488161517,3.443927807,2.059804221,1.947048027,2.085714286,1.038207403,33.91835424,16.08237993,4.880416848,4,-0.824049234,-3.756452799,Label_I
1-2-3-1,1,2,ND,53,0,162,55,20.95717116,1,5.5,1.94,0,Medium,9252,142.3156024,0.807051716,1,408,0.044098573,122,95,96,61,0,10,35,0.778688525,0.786885246,0.5,0,0.081967213,0.286885246,4802.480925,3941.573976,1860.798876,0,5.876688642,0.539716849,0.089862747,0.008807954,0.488490219,1.188317302,0.000810548,0.784124068,1.94239706,0,0.497136064,0.063114666,1.472009078,4.499243489,2.40613855,2.075056738,2.294823301,1.351831838,37.68194099,22.22090133,4.389736493,4,-1.809030771,-3.281041622,Label_I
1-2-4-1,1,2,ND,53,0,162,55,20.95717116,1,5.5,1.94,0,Medium,8503,128.855905,0.716557066,1,292,0.034340821,97,96,31,6,0,2,29,0.989690722,0.319587629,0.06185567,0,0.020618557,0.298969072,6727.208843,751.911571,165.9804798,0,8.132408278,0.496531044,0.070966604,0.00582079,0.261817968,0.272460019,0.00099953,0.563264346,0.193732361,0,0.159160395,0.014640169,1.739887112,4.033396049,2.214840075,2.273753528,2.155691439,1.079021637,40.39158043,17.57772813,4.880427859,4,-0.626915216,-3.917248726,Label_I
1-2-5-1,1,2,ND,53,0,162,55,20.95717116,1,5.5,1.94,0,Medium,3647,88.629936,0.796684859,1,45,0.012338909,51,48,34,0,0,0,12,0.941176471,0.666666667,0,0,0,0.235294118,2831.223684,1439.605263,0,0,9.141173246,0.65720943,0.070723684,0.010690789,0.473410088,1.669544956,0.003563596,0.815515351,0.034128289,0,0.306469298,0.07716557,1.723684211,5.868969298,2.806743421,2.804824561,2.443530702,1.470805921,48.7560307,23.6189693,4.88043887,4,-0.929742455,-3.777969122,Label_I
1-3-1-1,1,3,ND,53,0,162,55,20.95717116,1,5.5,1.94,0,Large,35016,268.0402758,0.753708844,1,8904,0.254283756,358,279,273,99,4,23,53,0.779329609,0.762569832,0.276536313,0.011173184,0.06424581,0.148044693,13930.60216,11879.66074,2773.920781,48.99860068,3.492774938,0.262101265,0.021689465,0.006125596,0.358540138,3.25174915,0.01999029,0.378758889,0.883956364,0.000671103,0.743510295,0.053045664,1.331838821,2.376802696,1.645300854,1.295128081,1.665605277,0.827583745,25.06862381,14.48360796,3.796457334,4,-1.426778436,-2.92804718,Label_II
1-3-2-1,1,3,ND,53,0,162,55,20.95717116,1,5.5,1.94,0,Medium,13876,158.46669,0.689705782,1,2070,0.149178438,181,148,119,54,0,26,23,0.817679558,0.657458564,0.298342541,0,0.143646409,0.127071823,7758.440873,3734.73085,2144.845428,0,4.740613966,0.310261584,0.030878432,0.016862434,0.342689342,3.250558478,0.004431794,0.557613317,1.629855156,7.21E-05,0.390826548,0.076601571,1.379548894,2.611659581,1.732038625,1.88322404,1.576385386,0.863875477,25.01462852,13.89464582,4.000727842,4,-1.498718262,-3.231029034,Label_II
1-3-3-1,1,3,ND,53,0,162,55,20.95717116,1,5.5,1.94,0,Medium,8260,131.0960939,0.776423869,1,1760,0.213075061,93,84,74,16,0,4,17,0.903225806,0.795698925,0.172043011,0,0.043010753,0.182795699,4174.494613,2392.710326,585.9290643,0,4.632247912,0.276358794,0.022031231,0.00338942,0.316608159,2.679820845,0.00078683,0.381370294,0.91925917,0.000423678,0.129161119,0.035528386,1.415567123,1.759169592,1.533349473,1.37555986,1.657547512,0.856736473,27.36847839,12.37670984,3.235353871,4,-0.525777102,-3.228670359,Label_II
1-3-4-1,1,3,ND,53,0,162,55,20.95717116,1,5.5,1.94,0,Medium,6362,106.8791647,0.695641952,1,1236,0.194278529,76,73,12,27,0,11,9,0.960526316,0.157894737,0.355263158,0,0.144736842,0.118421053,4230.335062,184.9709257,1090.82854,0,4.903740374,0.194876631,0.022945152,0.002828854,0.086358636,0.301430143,0.000550055,0.515558699,1.909869558,0.000392896,0.232280371,0.075357536,1.273298758,1.709413799,1.318560427,1.552569543,1.155508408,0.618340405,23.97791922,11.40421185,4.880444376,4,-0.965889096,-3.745268345,Label_II
1-3-5-1,1,3,ND,53,0,162,55,20.95717116,1,5.5,1.94,0,Medium,5048,88.65900675,0.54514597,1,800,0.158478605,64,38,48,39,0,1,17,0.59375,0.75,0.609375,0,0.015625,0.265625,1886.626263,1688.665478,1574.688057,0,3.053079818,0.22459893,0.03248168,0.002772826,0.237472767,3.803426421,0.007328184,0.486234898,4.183897802,0.008318479,0.291740939,0.056050703,1.227668845,2.869281046,1.466528025,1.557338087,1.430877401,0.778669043,22.95959596,13.15002971,5.036391325,8,-2.167951107,-2.243608236,Label_II
1-3-6-1,1,3,ND,53,0,162,55,20.95717116,1,5.5,1.94,0,Medium,3818,88.20637282,0.73552066,1,845,0.221320063,60,50,18,29,0,4,4,0.833333333,0.3,0.483333333,0,0.066666667,0.066666667,2203.422886,237.93768,805.78895,0,5.041110238,0.354543074,0.017805708,0.00576067,0.164310029,0.700706991,0.003142184,0.542157633,2.328881906,0.00091647,0.2766431,0.052631579,1.481670594,2.553809898,1.738675046,1.79994763,1.456271275,0.982979838,24.95391464,14.48232522,4.388638403,4,-1.613067627,-3.508870125,Label_II
1-4-1-1,1,4,ND,53,0,162,55,20.95717116,1,5.5,1.94,0,Large,20739,188.8990851,0.650420961,1,4490,0.216500313,201,179,149,63,0,2,42,0.890547264,0.741293532,0.313432836,0,0.009950249,0.208955224,10753.48149,5691.725554,2350.886644,0,3.563428158,0.264151398,0.028784957,0.008654773,0.234378014,1.432160077,0.001108968,0.427917068,0.737295082,0.000675024,0.153929605,0.044117647,1.095925747,3.635559306,1.634353905,1.405882353,1.749132112,0.861620058,26.26369335,18.53649952,4.786581065,4,-2.163644791,-3.187036514,Label_II
1-4-2-1,1,4,ND,53,0,162,55,20.95717116,1,5.5,1.94,0,Medium,14671,186.1092764,0.817223842,1,2860,0.194942403,167,142,125,29,0,5,35,0.850299401,0.748502994,0.173652695,0,0.02994012,0.209580838,6911.528899,5303.638495,682.9534487,0,3.253953108,0.305752454,0.029818702,0.002215104,0.404034896,1.402194656,0.00023855,0.397491821,0.2592012,0.000102236,0.165485278,0.033703653,1.356563522,2.21070747,1.532510905,1.485550709,2.218886314,0.85063386,25.40710196,17.06065976,4.821774016,4,-2.106913328,-3.275452852,Label_II
1-4-3-1,1,4,ND,53,0,162,55,20.95717116,1,5.5,1.94,0,Medium,13045,211.0911729,0.916552073,1,1782,0.136604063,156,121,120,60,0,19,24,0.775641026,0.769230769,0.384615385,0,0.121794872,0.153846154,5767.557872,5333.591139,2128.836808,0,2.872221371,0.363598038,0.036026368,0.001839644,0.388126629,1.812279626,0.000574889,0.41989882,1.015521999,3.83E-05,0.37927334,0.078874751,1.299517093,3.587996321,1.784455005,1.5694849,2.074313966,0.977579335,23.6806684,19.63552047,5.784873417,8,-2.451581955,-2.630688429,Label_II
1-4-4-1,1,4,ND,53,0,162,55,20.95717116,1,5.5,1.94,0,Medium,8249,115.8835469,0.583926833,1,1551,0.188022791,91,72,63,25,0,10,17,0.791208791,0.692307692,0.274725275,0,0.10989011,0.186813187,4868.409818,1834.777576,664.9193939,0,3.613757576,0.278666667,0.030787879,0.007515152,0.207818182,0.916848485,6.06E-05,0.439454545,0.366424242,0.000121212,0.403818182,0.065878788,1.348181818,3.065636364,1.636545455,1.621757576,1.947515152,0.854181818,26.12975758,19.23721212,4.835580763,4,-2.384913206,-3.134322643,Label_II
1-5-1-1,1,5,ND,53,0,162,55,20.95717116,1,5.5,1.94,0,Large,59518,471.179539,0.914608447,1,10970,0.184313989,806,696,375,239,9,84,233,0.863523573,0.465260546,0.296526055,0.011166253,0.104218362,0.289081886,37317.37301,11244.81107,6508.89064,164.9972278,6.078857172,0.412641341,0.079470421,0.008241066,0.411935684,1.737176364,0.013777113,0.875963978,1.174692115,0.001923755,0.624187234,0.058435122,1.62636301,3.94653808,2.186545473,1.832994506,2.561274551,1.247954435,42.57568172,18.39620121,3.235359376,1,-0.615944803,-2.942770243,Label_I
1-5-2-1,1,5,ND,53,0,162,55,20.95717116,1,5.5,1.94,0,Large,34124,288.6679497,0.841578535,1,6478,0.189837065,480,399,348,83,0,15,146,0.83125,0.725,0.172916667,0,0.03125,0.304166667,17437.489,13633.60047,2319.932015,0,4.673978022,0.456586081,0.090065934,0.009391941,0.491721612,3.645113553,0.005714286,0.637904762,0.692102564,0.000117216,0.362666667,0.081157509,1.582739927,3.342827839,2.070754579,1.768571429,2.621450549,1.261333333,39.20773626,21.36435165,3.870397207,4,-1.334254265,-3.151660442,Label_I
1-6-1-1,1,6,ND,53,0,162,55,20.95717116,1,5.5,1.94,0,Large,33769,314.4796336,0.891066717,1,9749,0.288696734,412,323,265,120,0,2,39,0.783980583,0.643203883,0.291262136,0,0.004854369,0.094660194,13838.5902,8822.738733,2977.911815,0,3.428294344,0.151465798,0.012851643,0.002176488,0.181684927,1.229997039,0.000162866,0.313591946,0.493263251,1.48E-05,0.075347942,0.017737637,1.042922712,1.570535979,1.201880367,1.262066923,1.210675155,0.445765472,18.59536571,8.519351495,3.235364882,4,-0.528425038,-3.053693533,Label_II
1-6-2-1,1,6,ND,53,0,162,55,20.95717116,1,5.5,1.94,0,Large,27358,212.6996467,0.608662694,1,9675,0.353644272,354,289,199,49,0,22,51,0.816384181,0.562146893,0.138418079,0,0.062146893,0.144067797,11130.59315,6479.763149,1615.940934,0,3.311524544,0.13606126,0.030611499,0.001553419,0.127636244,1.540955444,0.000548266,0.289539091,0.595672356,0.000986878,0.110603458,0.023557148,1.13642677,1.467049234,1.090774517,1.188804415,1.180635257,0.545451223,19.67147922,9.651906137,4.883174469,4,-1.023144007,-3.37863946,Label_II
1-6-3-1,1,6,ND,53,0,162,55,20.95717116,1,5.5,1.94,0,Medium,7636,117.8828187,0.675254433,1,2446,0.320324777,111,86,66,33,0,5,20,0.774774775,0.594594595,0.297297297,0,0.045045045,0.18018018,3088.595522,1786.766008,665.912793,0,3.23975383,0.162956658,0.04190127,0.00085112,0.120204269,0.879141024,0.000654707,0.30306403,0.398585832,0,0.113067959,0.008576666,1.203548514,1.452271834,1.170551264,1.134476889,1.293636245,0.485530968,18.46307451,9.356095325,4.880449881,4,-0.962366521,-3.705677986,Label_II
1-6-4-1,1,6,ND,53,0,162,55,20.95717116,1,5.5,1.94,0,Medium,5455,110.9316161,0.810192028,1,1332,0.244179652,91,86,19,12,0,0,7,0.945054945,0.208791209,0.131868132,0,0,0.076923077,3802.302969,287.9472141,146.9730572,0,5.062591642,0.259072581,0.011363636,0.004032258,0.071480938,0.233870968,0,0.465084311,0.130040323,0,0.03454912,0.013104839,1.419171554,1.554435484,1.398368768,1.726631232,1.343658358,0.624633431,21.66458944,10.9045088,4.880455387,4,-0.748269796,-3.781916618,Label_II
1-7-1-1,1,7,ND,53,0,162,55,20.95717116,1,5.5,1.94,0,Medium,6821,102.7441533,0.499194507,1,1936,0.283829351,83,67,60,3,1,3,11,0.807228916,0.722891566,0.036144578,0.012048193,0.036144578,0.13253012,3269.520668,1901.721196,94.98607446,0.999853415,3.933597186,0.211741425,0.02272061,0.006156552,0.225300498,3.573658751,0.009308121,0.270301964,0.164980944,0.000513046,0.077616535,0.023087071,1.411536206,1.598871299,1.288478452,1.139401935,1.093960715,0.450527704,21.96159484,9.108619173,3.235370387,1,-0.355839044,-2.95693779,Label_II
1-7-2-1,1,7,ND,53,0,162,55,20.95717116,1,5.5,1.94,0,Medium,6411,98.94819598,0.542074348,1,2380,0.371236937,74,68,28,1,0,4,14,0.918918919,0.378378378,0.013513514,0,0.054054054,0.189189189,3576.44214,569.9111042,34.99454148,0,4.289847162,0.219588272,0.062227074,0.003431067,0.096303805,1.375935745,0.004132876,0.272301934,0.022613849,0,0.025888958,0.037897692,1.27705864,1.488849033,1.25062383,1.441593886,0.937461011,0.608702433,23.44003431,10.97645041,4.880460893,4,-0.519150317,-3.832387686,Label_II
1-7-3-1,1,7,ND,53,0,162,55,20.95717116,1,5.5,1.94,0,Medium,5881,111.9693048,0.779244502,1,1752,0.297908519,84,67,23,31,0,7,11,0.797619048,0.273809524,0.369047619,0,0.083333333,0.130952381,2549.566474,529.9098946,1208.794458,0,3.382607956,0.151139068,0.033321999,0.000765046,0.090870452,0.834155049,0.000255015,0.24149949,1.348435906,0.000765046,0.180040802,0.042842571,1.221098266,1.396633798,1.041312479,0.964297858,1.040292418,0.795392724,21.88226794,12.10370622,4.274558064,4,-1.665557265,-3.455878735,Label_II
1-7-4-1,1,7,ND,53,0,162,55,20.95717116,1,5.5,1.94,0,Medium,5856,100.2532068,0.634693112,1,1738,0.296789617,87,65,43,16,0,4,6,0.747126437,0.494252874,0.183908046,0,0.045977011,0.068965517,2882.507768,1052.820215,361.9381936,0,4.272750555,0.2018098,0.009988048,0.003500085,0.154430596,1.697882875,0.000512208,0.263616186,0.374082295,0,0.052501281,0.014597917,1.025951852,1.508109954,1.230151955,1.31970292,0.957998976,0.392607137,20.79204371,7.957486768,0.516064549,7,0.162308618,-3.423811913,Label_II
1-7-5-1,1,7,ND,53,0,162,55,20.95717116,1,5.5,1.94,0,Medium,5191,88.21845718,0.499619028,1,1897,0.365440185,79,76,6,1,0,2,11,0.962025316,0.075949367,0.012658228,0,0.025316456,0.139240506,3198.38386,124.9759245,19.99614792,0,4.639252696,0.142045455,0.040061633,0.001059322,0.063077812,0.209071649,0,0.378755778,0.024364407,0,0.085612481,0.016371341,1.157742681,1.461190293,1.085419877,1.283031587,0.949730354,0.530431433,20.43489985,8.386652542,0.415458649,4,-0.257825851,-3.783840656,Label_II
1-7-6-1,1,7,ND,53,0,162,55,20.95717116,1,5.5,1.94,0,Medium,4484,90.08358884,0.617645698,1,937,0.20896521,93,73,50,41,2,4,15,0.784946237,0.537634409,0.440860215,0.021505376,0.043010753,0.161290323,1784.602007,879.8037904,1284.713489,29.99331104,3.605016722,0.259197324,0.023634337,0.002898551,0.180713489,1.766666667,0.031661093,0.351282051,2.386733556,0.007134894,0.202898551,0.017168339,1.24793757,2.444704571,1.451059086,1.269565217,1.380936455,0.580936455,24.23344482,13.02931996,4.259713317,4,-1.722466707,-3.449074984,Label_II
1-8-1-1,1,8,ND,53,0,162,55,20.95717116,1,5.5,1.94,0,Large,32995,248.7906207,0.728683767,1,8013,0.242854978,382,288,318,101,0,29,101,0.753926702,0.832460733,0.264397906,0,0.07591623,0.264397906,10648.67726,13777.58243,2689.918475,0,3.04380834,0.166944478,0.072463329,0.00275791,0.396714753,1.429052006,0.00036368,1.317750636,0.98101285,0.001636562,0.422793672,0.052718511,1.185067887,2.38557704,1.983694993,1.295808583,2.013865317,1.254227785,36.71351073,13.33755607,0,10,0.698225141,-4.425435543,Label_I
1-8-2-1,1,8,ND,53,0,162,55,20.95717116,1,5.5,1.94,0,Medium,19496,165.3702918,0.382357463,1,4763,0.244306524,254,217,154,57,0,26,77,0.854330709,0.606299213,0.224409449,0,0.102362205,0.303149606,10667.45284,4154.78689,962.9506078,0,5.04890496,0.25660358,0.125352618,0.005821408,0.29240396,0.833282043,0.000743704,1.519208083,0.505770118,0.000820639,0.479817408,0.044929989,1.282197261,2.945786531,2.342745038,1.782428066,1.861286352,1.477201621,38.93214341,14.31645894,0.008777796,10,0.518095136,-4.256558895,Label_I
1-8-3-1,1,8,ND,53,0,162,55,20.95717116,1,5.5,1.94,0,Medium,16734,159.0678256,0.5275953,1,4025,0.240528266,239,164,181,63,0,37,50,0.686192469,0.757322176,0.263598326,0,0.154811715,0.209205021,5984.642366,6438.615238,1376.917717,0,3.260472065,0.182790559,0.077950403,0.002927995,0.412996713,1.39354646,0.00035853,1.478129668,1.116641769,0.004332238,0.561577532,0.06650732,1.235016433,3.854765462,2.218105766,1.46208545,2.094353152,1.317448461,38.85147894,14.71670152,0.053607493,10,0.648828387,-4.580728054,Label_I
1-8-4-1,1,8,ND,53,0,162,55,20.95717116,1,5.5,1.94,0,Medium,11958,153.5537418,0.754877108,1,2707,0.226375648,184,159,91,25,0,11,24,0.864130435,0.494565217,0.135869565,0,0.059782609,0.130434783,7251.393595,1704.85743,679.9431391,0,5.114307216,0.230746718,0.067020654,0.007609332,0.257044903,0.476753909,0.000292667,1.3774145,0.650054352,0.000292667,0.482858099,0.05004599,1.263608997,2.161384731,2.239150431,1.843297935,1.655991304,1.128940547,36.41040221,12.40488335,0.018456735,10,0.688726187,-4.124525547,Label_I
1-9-1-1,1,9,ND,53,0,162,55,20.95717116,1,5.5,1.94,0,Large,58323,467.5869592,0.922364944,1,16733,0.286902251,871,742,501,265,0,11,182,0.851894374,0.575200918,0.304247991,0,0.012629162,0.208955224,29078.50142,14120.75789,6238.893029,0,4.602762156,0.268885879,0.060866882,0.003017626,0.310335368,3.621562307,0.004697895,0.414597764,1.198503189,0.005015088,0.154730471,0.026901447,1.231345587,2.21167101,1.545221521,1.395034634,1.722009807,0.767428503,30.6569594,14.22965675,3.329664039,1,-0.681180954,-2.732970715,Label_II
1-9-2-1,1,9,ND,53,0,162,55,20.95717116,1,5.5,1.94,0,Medium,17704,178.0239591,0.682725082,1,5441,0.307331676,223,183,172,28,0,8,38,0.820627803,0.771300448,0.125560538,0,0.035874439,0.170403587,7636.568653,5092.712341,888.9497882,0,3.654278452,0.173736233,0.054560859,0.002259249,0.267325614,4.62312906,0.009008755,0.303756001,0.608980514,0.002654617,0.123948037,0.022310082,0.993137532,1.552979384,1.197599548,1.11019486,1.337475289,0.619683705,22.21219994,11.04072296,3.16984847,1,-0.67710799,-2.430862665,Label_II
1-9-3-1,1,9,ND,53,0,162,55,20.95717116,1,5.5,1.94,0,Medium,10838,135.1868481,0.639603972,1,2930,0.270345082,146,114,78,63,0,2,18,0.780821918,0.534246575,0.431506849,0,0.01369863,0.123287671,5151.524679,1881.826368,1903.824338,0,4.018959314,0.222437494,0.072146877,0.00166067,0.222898791,2.948334717,0.006781068,0.292185626,1.901282406,0.005673955,0.135021681,0.024079712,1.215933204,2.212427346,1.357874343,1.130962266,1.383983762,0.644063105,25.01370053,12.22137651,4.045530712,4,-1.392077208,-3.193880558,Label_II
1-9-4-1,1,9,ND,53,0,162,55,20.95717116,1,5.5,1.94,0,Medium,4791,82.44229087,0.400712963,1,1716,0.358171572,67,62,8,25,0,12,15,0.925373134,0.119402985,0.373134328,0,0.179104478,0.223880597,2561.465359,159.966611,601.874374,0,4.178839733,0.116444073,0.087541736,0.002191152,0.04956177,0.471097663,0.000834725,0.28130217,1.969845576,0.006782137,0.267529215,0.014294658,1.068551753,0.976001669,0.944177796,0.959411519,0.94292571,0.704507513,20.40025042,8.615191987,4.880422354,4,-0.405688941,-3.798293114,Label_II
10-1-1-1,10,1,ND,30,1,172,70,23.66143862,4,5.5,4.93,0,Medium,10409,137.1935764,0.671909781,1,1840,0.176770103,137,109,96,70,0,27,3,0.795620438,0.700729927,0.510948905,0,0.197080292,0.02189781,4266.590106,3045.707397,2858.72536,0,2.295100865,0.181652257,0.003170029,0.022622478,0.163832853,2.577089337,0.061335255,0.080355427,3.260806916,0.069308357,0.334630163,0.002209414,0.977665706,0.448222863,1.175552354,0.90321806,2.193323727,0.682132565,14.89423631,8.420941402,4.675316593,8,-2.041348219,-1.708709359,Label_IV
10-1-2-1,10,1,ND,30,1,172,70,23.66143862,4,5.5,4.93,0,Medium,6686,99.21479289,0.38236435,1,1754,0.262339216,115,72,77,51,0,20,1,0.626086957,0.669565217,0.443478261,0,0.173913043,0.008695652,2431.636309,1901.715568,1255.812173,0,2.006505159,0.175564528,0.001046807,0.017421863,0.164049649,2.392178854,0.055555556,0.059368925,2.426723493,0.0599671,0.233737102,0.008524002,0.838791685,0.384776432,1.042545237,0.844324809,1.937042022,0.530880814,11.9834754,7.003962913,4.957858281,8,-2.161399841,-1.860390663,Label_IV
10-1-3-1,10,1,ND,30,1,172,70,23.66143862,4,5.5,4.93,0,Medium,4423,94.29983268,0.769112019,1,326,0.07370563,58,45,34,36,0,14,1,0.775862069,0.586206897,0.620689655,0,0.24137931,0.017241379,2372.463608,578.869123,2044.537749,0,2.886980108,0.217789331,0.010962929,0.032775769,0.087025316,1.213042495,0.054362568,0.159923146,4.878390597,0.095049729,0.346971067,0.003051537,0.997287523,0.495705244,1.14579566,0.98994123,1.923485533,0.650203436,13.99514014,7.408227848,4.565790476,8,-2.078598261,-1.368662953,Label_IV
10-2-1-1,10,2,ND,30,1,172,70,23.66143862,4,5.5,4.93,0,Medium,8166,120.8982059,0.618322718,1,1795,0.219813862,141,107,114,35,0,10,5,0.758865248,0.808510638,0.24822695,0,0.070921986,0.035460993,3299.595935,3017.630464,962.8820864,0,1.519652259,0.112587241,0.003673319,0.016836048,0.197318477,3.212134199,0.035569977,0.064956532,1.304640627,0.023141913,0.191624832,0.014570834,0.66236072,0.640320803,0.955797723,0.778743725,1.875596914,0.439941227,14.12048488,7.114301457,3.333304789,1,-1.027596116,-1.800956845,Label_IV
10-2-2-1,10,2,ND,30,1,172,70,23.66143862,4,5.5,4.93,0,Medium,7385,109.8923261,0.588803945,1,1388,0.187948544,114,95,70,34,0,0,4,0.833333333,0.614035088,0.298245614,0,0,0.035087719,4081.447333,1895.743298,834.8869483,0,1.679393447,0.087462767,0.000880043,0.007717303,0.154142973,2.080760899,0.023964257,0.04704847,1.017059301,0.020444083,0.135323585,0.00264013,0.608651503,0.327579204,0.918291362,0.724546439,1.671134579,0.43819388,11.62401841,7.055239643,3.89115755,4,-1.700884342,-2.535336494,Label_IV
10-3-1-1,10,3,ND,30,1,172,70,23.66143862,4,5.5,4.93,0,Medium,13498,142.5218155,0.49692806,1,3512,0.260186694,208,149,128,112,5,2,7,0.716346154,0.615384615,0.538461538,0.024038462,0.009615385,0.033653846,4778.645974,3117.76902,3381.749463,51.99614786,1.213275057,0.062078672,0.003666938,0.004741092,0.118490259,1.395547818,0.027779836,0.035928587,2.20108897,0.030668938,0.135973035,0.001148233,0.386621231,0.264649233,0.804763316,0.577116823,1.425068524,0.400622268,10.67082747,6.071746055,4.705430791,8,-2.04873395,-1.783469319,Label_IV
10-3-2-1,10,3,ND,30,1,172,70,23.66143862,4,5.5,4.93,0,Medium,10560,159.4526665,0.817956006,1,2497,0.236458333,195,117,184,42,0,0,3,0.6,0.943589744,0.215384615,0,0,0.015384615,2725.741881,5862.444844,879.9166746,0,1.040431777,0.109696052,0.00142032,0.00781176,0.29732033,3.197613862,0.030584225,0.036880977,0.739655336,0.007433008,0.141605909,0.006012688,0.536170817,0.349209355,0.94735347,0.62967522,1.928747278,0.449389262,14.01178866,8.244153016,3.533693545,1,-1.213021994,-1.541258216,Label_IV
10-4-1-1,10,4,ND,30,1,172,70,23.66143862,4,5.5,4.93,0,Large,38312,269.6258144,0.725288176,1,12992,0.339110461,595,358,478,228,10,4,71,0.601680672,0.803361345,0.383193277,0.016806723,0.006722689,0.119327731,7774.797066,15849.5863,5640.852765,68.99819904,2.730339571,0.225667528,0.016469606,0.016978571,0.248988594,5.41239266,0.108918644,0.085467074,1.886265758,0.04332733,0.242150184,0.005559471,0.448711925,1.079894553,1.202907629,0.771082922,2.208558453,0.763892151,24.71685851,11.33313758,3.162518379,1,-0.354851276,-1.343095422,Label_II
10-5-1-1,10,5,ND,30,1,172,70,23.66143862,4,5.5,4.93,0,Large,22257,174.9831978,0.321800611,1,1987,0.089275284,358,249,308,183,0,7,39,0.695530726,0.860335196,0.511173184,0,0.019553073,0.108938547,6721.697996,13031.4145,5946.732815,0,2.833138647,0.31979513,0.008019588,0.018263096,0.472773834,7.458891185,0.172252673,0.11023003,2.964596999,0.05948423,0.363622068,0.014039896,0.680070087,0.468865127,1.349335071,1.01945368,2.378380807,1.19444694,26.22059484,13.05609219,4.134534613,1,-1.005567908,-1.075112104,Label_II
10-5-2-1,10,5,ND,30,1,172,70,23.66143862,4,5.5,4.93,0,Medium,5789,94.8252405,0.558575847,1,305,0.052686129,116,103,69,54,0,3,8,0.887931034,0.594827586,0.465517241,0,0.025862069,0.068965517,4340.250259,1640.71658,1078.813644,0,6.150518135,0.458117444,0.002936097,0.03134715,0.235233161,3.628411054,0.161917098,0.171070812,3.659671848,0.101727116,0.171848014,0.008981002,0.666753022,0.571329879,1.495423143,1.539378238,1.867789292,0.675129534,20.40215889,9.302677029,2.758113913,1,-0.662842929,-2.136244297,Label_II
10-5-3-1,10,5,ND,30,1,172,70,23.66143862,4,5.5,4.93,0,Medium,3824,92.95792504,0.817238738,1,452,0.118200837,73,46,41,34,0,1,0,0.630136986,0.561643836,0.465753425,0,0.01369863,0,1737.545621,1106.710588,1098.71268,0,3.993856209,0.302222222,0.001045752,0.011633987,0.224183007,3.693986928,0.104052288,0.161960784,4.177908497,0.119477124,0.342875817,0.007320261,0.463398693,0.820130719,1.285098039,1.122745098,1.591895425,0.546535948,21.82470588,9.240522876,2.973999714,1,-0.691278815,-1.926189303,Label_II
10-6-1-1,10,6,ND,30,1,172,70,23.66143862,4,5.5,4.93,0,Medium,17981,223.5023732,0.877786528,1,2931,0.163005395,284,232,202,120,0,8,9,0.816901408,0.711267606,0.422535211,0,0.028169014,0.031690141,8486.528028,6086.661495,3814.787843,0,4.706234012,0.275775776,0.005922589,0.015626738,0.175453231,3.699727505,0.097486375,0.101017684,3.191747303,0.078356134,0.202230008,0.008925592,0.792542543,0.463741519,1.219830942,1.047742187,1.691052163,0.473334446,16.42219998,8.560338116,4.308122559,8,-1.603663087,-1.592324734,Label_IV
10-6-2-1,10,6,ND,30,1,172,70,23.66143862,4,5.5,4.93,0,Medium,12672,141.2297441,0.576616211,1,2116,0.166982323,212,162,144,102,0,7,8,0.764150943,0.679245283,0.481132075,0,0.033018868,0.037735849,5346.578079,4183.669849,3072.757516,0,4.209895052,0.223861753,0.00339304,0.014085063,0.231397459,3.451668902,0.09989742,0.075199242,3.771916673,0.097687998,0.248204845,0.012427997,0.853507457,0.267616192,1.171230174,0.920973724,1.741694942,0.487572003,16.64515111,9.076027776,4.583548226,8,-1.911712885,-1.584381104,Label_IV
10-6-3-1,10,6,ND,30,1,172,70,23.66143862,4,5.5,4.93,0,Medium,11604,175.0215851,0.868509621,1,1994,0.171837297,211,125,189,69,0,10,13,0.592417062,0.895734597,0.327014218,0,0.047393365,0.061611374,3719.679449,5932.488755,1511.869711,0,3.459284791,0.286902197,0.009435588,0.029211547,0.37022835,5.816242999,0.144765187,0.105816458,1.781861267,0.046833262,0.234510987,0.038776389,0.795734597,0.7632486,1.367212408,1.042740198,1.988108574,0.653726842,18.53395088,9.96484274,4.244481335,1,-1.012432218,-0.997921586,Label_IV
10-6-4-1,10,6,ND,30,1,172,70,23.66143862,4,5.5,4.93,0,Medium,6592,97.83395709,0.470068842,1,1116,0.169296117,102,84,46,60,3,7,12,0.823529412,0.450980392,0.588235294,0.029411765,0.068627451,0.117647059,3418.48142,888.86516,2446.628849,8.998634916,4.783937509,0.228348248,0.032306992,0.01220992,0.071287729,1.34680722,0.082890945,0.086227817,5.365918398,0.133247384,0.207341119,0.016456848,0.932731685,0.843773699,1.097679357,0.918549977,1.444638253,0.4702715,11.25504323,6.775443652,4.565795982,8,-2.112500429,-1.195071578,Label_IV
10-6-5-1,10,6,ND,30,1,172,70,23.66143862,4,5.5,4.93,0,Medium,4699,88.91605295,0.634665073,1,682,0.145137263,56,47,25,22,10,0,6,0.839285714,0.446428571,0.392857143,0.178571429,0,0.107142857,2902.38234,676.8559574,953.7970213,186.9602128,5.612978723,0.293191489,0.02212766,0.030425532,0.09,1.650957447,1.105425532,0.147234043,2.957978723,0.062978723,0.125957447,0.014361702,1.025744681,0.704148936,1.235531915,1.033191489,1.710531915,0.56606383,14.19968085,6.991382979,4.606738363,4,-2.095332146,-3.160185575,Label_IV
10-6-6-1,10,6,ND,30,1,172,70,23.66143862,4,5.5,4.93,0,Medium,3666,87.83417323,0.771086569,1,601,0.163938898,53,37,28,19,13,5,5,0.698113208,0.528301887,0.358490566,0.245283019,0.094339623,0.094339623,1739.525498,798.7821107,762.791928,276.9244614,4.509408236,0.230569948,0.002999727,0.005999455,0.159258249,2.248431961,1.655576766,0.144395964,3.796973002,0.103354241,0.18789201,0.023179711,0.961139896,0.371557131,1.147941096,1.013907827,1.761248977,0.553449686,15.66157622,7.856694846,4.171231305,8,-1.634035349,-1.977872491,Label_IV
10-7-1-1,10,7,ND,30,1,172,70,23.66143862,4,5.5,4.93,0,Large,36521,230.0498097,0.435470725,1,6421,0.175816653,556,367,502,165,0,2,50,0.660071942,0.902877698,0.29676259,0,0.003597122,0.089928058,10810.70399,21511.41099,3555.902634,0,2.198031324,0.156179837,0.010158261,0.005873172,0.355237939,6.029940858,0.082019057,0.050887137,1.171471989,0.021480204,0.193732545,0.007721373,0.379620503,0.493688736,1.043508023,0.659643503,2.055815673,0.594340398,22.1790017,11.46934724,3.92318268,1,-0.691299796,-1.091450691,Label_II
10-8-1-1,10,8,ND,30,1,172,70,23.66143862,4,5.5,4.93,0,Large,23952,182.6948831,0.351465813,1,5414,0.226035404,366,257,280,153,0,8,9,0.702185792,0.765027322,0.418032787,0,0.021857923,0.024590164,8446.647351,8999.624264,3860.838809,0,1.174654532,0.030810337,0.003068509,0.00411222,0.119129128,1.315847702,0.00768171,0.023671356,1.635369265,0.019976621,0.069719868,0.000667975,0.458502067,0.193545694,0.673527324,0.486348265,1.014987684,0.224460402,8.617250449,4.488414812,4.591980771,8,-1.843506336,-1.466216922,Label_IV
10-8-2-1,10,8,ND,30,1,172,70,23.66143862,4,5.5,4.93,0,Medium,11289,130.0177766,0.495589703,1,2652,0.234918948,174,117,134,60,11,3,4,0.672413793,0.770114943,0.344827586,0.063218391,0.017241379,0.022988506,3775.665545,4069.639504,1912.830558,228.9797166,1.150398583,0.02976085,0.003055802,0.002480071,0.106288751,1.204738707,0.159255979,0.017936227,1.803188663,0.026793623,0.05938884,0.005447298,0.447342781,0.404960142,0.646457042,0.399512843,1.015234721,0.256554473,7.98724535,4.395039858,5.025211078,8,-2.285945654,-1.982650876,Label_IV
11-1-1-2,11,1,PreD,43,0,160,55,21.484375,4,6.1,3.71,0,Large,32415,217.5986629,0.425958104,1,3229,0.099614376,443,424,220,118,0,29,3,0.957110609,0.496613995,0.266365688,0,0.065462754,0.006772009,25516.21283,5735.82305,3502.891936,0,0.948944965,0.007048988,0.000570706,0.000215943,0.027964585,0.752190276,0.000262216,0.08511229,1.080130183,0.010951382,0.065662019,0.002205701,0.353745064,0.149201012,0.477850444,0.241717053,0.817713475,0.088274309,4.307070582,2.624598963,9.528831655,6,-4.39791584,0.331480265,Label_III
11-1-2-2,11,1,PreD,43,0,160,55,21.484375,4,6.1,3.71,0,Large,25525,236.7399952,0.779088228,1,8180,0.320470127,338,302,131,84,2,3,1,0.893491124,0.387573964,0.24852071,0.00591716,0.00887574,0.00295858,14186.44421,1972.922706,2507.901747,6.99972577,0.519196114,0.002076314,0.000411345,5.88E-05,0.007306276,0.296912952,0.003937162,0.081936065,1.02769725,0.00579801,0.036942725,0.00054846,0.170061898,0.178425919,0.274484839,0.121738619,0.382492361,0.064071927,2.144010029,1.230666771,9.528837161,6,-4.581477165,0.392394215,Label_III
11-1-3-2,11,1,PreD,43,0,160,55,21.484375,4,6.1,3.71,0,Medium,17600,183.2344665,0.714582723,1,2961,0.168238636,206,196,38,25,0,6,3,0.951456311,0.184466019,0.121359223,0,0.029126214,0.014563107,13987.20527,585.9667064,827.9529572,0,0.814925288,0.002386228,0.001249929,2.84E-05,0.000738594,0.12891313,0.000624964,0.101187433,0.588915403,0.003550935,0.025765582,0.000198852,0.203567979,0.184904267,0.24870746,0.14771888,0.324498608,0.059911369,2.870717573,1.183569115,8.720238798,6,-4.987723827,-0.400457948,Label_III
11-1-4-2,11,1,PreD,43,0,160,55,21.484375,4,6.1,3.71,0,Medium,16833,192.2655002,0.812689226,1,2417,0.143587002,258,240,103,59,4,2,0,0.930232558,0.399224806,0.228682171,0.015503876,0.007751938,0,12674.24706,1904.886836,1555.907568,18.99887133,0.908696685,0.003059285,0.000207913,0,0.011494594,0.431418558,0.010455031,0.083699655,0.886984674,0.00778187,0.04734466,0.001455388,0.298829749,0.149251515,0.452180112,0.241356778,0.666745871,0.051532613,3.746554592,2.197665439,9.06231851,6,-4.447386265,-0.32958585,Label_III
11-1-5-2,11,1,PreD,43,0,160,55,21.484375,4,6.1,3.71,0,Medium,15801,152.3984048,0.487501107,1,5376,0.340231631,209,197,36,21,2,1,1,0.942583732,0.172248804,0.100478469,0.009569378,0.004784689,0.004784689,9626.390773,538.9658904,587.9627895,77.99506392,0.529553221,0.001866852,0.000506265,0,0.002562967,0.127452221,0.037083913,0.090368308,0.329673459,0.000696114,0.007815466,0.004081762,0.11125174,0.101790913,0.145044931,0.108055942,0.218864701,0.067175041,2.264238704,1.089419061,8.981237402,6,-4.927367687,-0.786411583,Label_III
11-1-6-2,11,1,PreD,43,0,160,55,21.484375,4,6.1,3.71,0,Medium,13515,152.1265551,0.641096074,1,2711,0.200591935,189,168,84,29,0,14,0,0.888888889,0.444444444,0.153439153,0,0.074074074,0,9586.290693,2153.840633,835.9381474,0,0.744635987,0.001220775,3.70E-05,0,0.010025155,0.676605505,0.000332939,0.111645457,0.986571471,0.009692217,0.052345368,0.000665877,0.243082273,0.16114235,0.319843149,0.188813258,0.430637763,0.052678307,3.002959455,1.354246819,8.968437073,6,-4.802629471,-0.82681489,Label_III
11-1-7-2,11,1,PreD,43,0,160,55,21.484375,4,6.1,3.71,0,Medium,9314,141.777512,0.790244126,1,1442,0.1548207,120,117,33,29,0,4,0,0.975,0.275,0.241666667,0,0.033333333,0,7273.219109,304.9672571,1021.890284,0,0.86489533,0.003274289,0.000483092,0.000107354,0.008266237,0.161996779,0,0.0856146,1.040526033,0.010305958,0.047504026,0.000966184,0.280568975,0.243585615,0.519484702,0.254159957,0.564841653,0.089694042,3.393558776,2.33322598,9.218726329,6,-4.901067257,-0.911097586,Label_III
11-1-8-2,11,1,PreD,43,0,160,55,21.484375,4,6.1,3.71,0,Medium,7434,109.3845598,0.574853445,1,902,0.121334409,110,102,15,16,29,0,0,0.927272727,0.136363636,0.145454545,0.263636364,0,0,5794.220578,206.9721587,312.9579018,684.9078682,0.873705447,0.001950235,0,0,0.023066577,0.117686617,0.57605918,0.100874243,0.441022192,0.003496974,0.015265636,0,0.271687962,0.083322125,0.391324815,0.223402824,0.559852051,0.044653665,3.49603228,1.914996638,7.284181521,6,-4.270282269,-1.775452852,Label_III
11-1-9-2,11,1,PreD,43,0,160,55,21.484375,4,6.1,3.71,0,Medium,6917,102.6731818,0.511826876,1,625,0.090357091,84,78,30,5,0,2,0,0.928571429,0.357142857,0.05952381,0,0.023809524,0,5794.16233,615.9109569,325.9528766,0,1.162763805,0.007372073,0.00014455,0.00014455,0.011708586,0.35790691,0.000505927,0.111520671,0.568444637,0.004553339,0.02406765,0.003758312,0.303194565,0.183289968,0.446371784,0.306085574,0.611087019,0.081165077,3.217331599,2.191818445,9.749293208,6,-5.12429285,-1.492526531,Label_III
11-2-1-2,11,2,PreD,43,0,160,55,21.484375,4,6.1,3.71,0,Large,25921,204.5726257,0.597454061,1,8685,0.335056518,329,313,81,10,3,0,3,0.951367781,0.246200608,0.030395137,0.009118541,0,0.009118541,16210.37462,1281.950544,291.9887354,22.99911272,0.543013656,0.000578659,0.001080164,9.64E-05,0.004745004,0.177744773,0.006673868,0.089537844,0.126514158,0.001118741,0.004320654,0.000810123,0.095517321,0.085680117,0.187832729,0.126803487,0.245254996,0.059428285,1.971067047,1.095825939,8.718067049,6,-4.915597439,-0.326078594,Label_III
11-2-2-2,11,2,PreD,43,0,160,55,21.484375,4,6.1,3.71,0,Large,25619,259.477852,0.845546794,1,6894,0.269097154,321,273,131,89,0,10,0,0.85046729,0.408099688,0.277258567,0,0.031152648,0,15366.4002,2603.898361,3058.880601,0,0.593384075,0.001307572,5.85E-05,0,0.005444965,0.406967213,0.007806401,0.114227166,1.1774395,0.006186573,0.059035909,0.002068696,0.176327088,0.187822014,0.252693208,0.134406714,0.344028103,0.10204918,2.583177205,1.284875098,9.528842666,6,-4.312951088,0.456245989,Label_III
11-2-3-2,11,2,PreD,43,0,160,55,21.484375,4,6.1,3.71,0,Medium,20298,219.460018,0.839266707,1,2263,0.111488817,314,295,154,99,6,18,9,0.939490446,0.49044586,0.315286624,0.01910828,0.057324841,0.02866242,14682.27666,2802.861914,3592.822996,91.99546776,0.834154392,0.005665304,0.002832652,2.46E-05,0.021134046,0.550396571,0.035592886,0.086482093,1.866323464,0.018917188,0.099364501,0.002463176,0.326888024,0.203606089,0.521651313,0.252672545,0.753657816,0.103748953,4.088181684,2.880092615,9.528848172,6,-4.008060932,0.19112815,Label_III
11-2-4-2,11,2,PreD,43,0,160,55,21.484375,4,6.1,3.71,0,Medium,15766,148.3035263,0.380267299,1,2226,0.141189902,240,203,128,12,0,2,0,0.845833333,0.533333333,0.05,0,0.008333333,0,11187.29042,3405.783979,186.9881398,0,0.786706412,0.005042177,0.000190271,0.000221983,0.032124057,0.94529714,0.00104649,0.098750555,0.139627069,0.000253694,0.02127862,0.000443965,0.32958077,0.258134078,0.482843915,0.237965371,0.741865922,0.071002727,3.704255724,2.334464388,8.170932238,6,-4.325293064,-0.930228174,Label_III
11-2-5-2,11,2,PreD,43,0,160,55,21.484375,4,6.1,3.71,0,Medium,9409,125.2769349,0.635462036,1,3121,0.331703688,136,114,63,27,0,2,0,0.838235294,0.463235294,0.198529412,0,0.014705882,0,5109.456961,1337.857811,477.949203,0,0.486716259,0.001647184,5.31E-05,0,0.013443146,0.605260361,0.001434644,0.078002125,0.461530287,0.000903294,0.028533475,0.00021254,0.148990436,0.147077577,0.279702444,0.137619554,0.414505845,0.050584485,2.250584485,1.39272051,7.869049588,6,-4.177017689,-1.266699791,Label_III
11-2-6-2,11,2,PreD,43,0,160,55,21.484375,4,6.1,3.71,0,Medium,4202,86.7169048,0.415461498,1,1145,0.272489291,61,56,12,14,0,2,1,0.918032787,0.196721311,0.229508197,0,0.032786885,0.016393443,2767.341423,174.9583631,273.9348085,0,0.588508208,0.034261242,0.008327385,0.002141328,0.000832739,0.121341899,0.001308589,0.052700452,0.843683084,0.012729003,0.03866286,0.001665477,0.08589103,0.096954556,0.115631692,0.089340947,0.206638116,0.021056388,2.090292648,0.718891268,9.817692068,6,-5.091099739,-1.534342527,Label_III
11-3-1-2,11,3,PreD,43,0,160,55,21.484375,4,6.1,3.71,0,Medium,16512,180.2988258,0.743452797,1,3592,0.21753876,257,247,47,76,7,3,0,0.961089494,0.182879377,0.295719844,0.027237354,0.011673152,0,11009.33325,830.949676,2022.87749,160.9902501,0.628959002,0.002301217,3.03E-05,0,0.004451039,0.084751408,0.070944105,0.132592503,1.246533035,0.00805426,0.040725489,0.000605583,0.15433295,0.232241264,0.346666263,0.194573972,0.324168837,0.051625992,1.752952219,1.187821716,8.819615011,6,-4.760670185,-0.366828859,Label_III
11-3-2-2,11,3,PreD,43,0,160,55,21.484375,4,6.1,3.71,0,Medium,9752,131.7640064,0.687172968,1,1574,0.161402789,154,147,43,17,2,0,4,0.954545455,0.279220779,0.11038961,0.012987013,0,0.025974026,7568.223931,1275.869168,242.9750846,9.998974674,0.791705116,0.005895622,0.001179124,0,0.00702348,0.299600123,0.0044089,0.12985748,0.201835333,0.000358864,0.028606583,0.000256331,0.26617451,0.281298062,0.473136471,0.307546396,0.517738132,0.100174305,3.100994566,1.80652107,9.480570128,6,-5.285974026,-1.173080206,Label_III
11-3-3-2,11,3,PreD,43,0,160,55,21.484375,4,6.1,3.71,0,Medium,7952,118.0169995,0.659638012,1,680,0.085513078,134,128,38,18,0,0,0,0.955223881,0.28358209,0.134328358,0,0,0,6662.162203,831.8953854,522.9342387,0,0.897900163,0.002137558,0.000565824,0.000314347,0.00295486,0.17804602,0.000125739,0.120520558,0.906261788,0.01175657,0.032063372,0,0.268389287,0.140135798,0.411228467,0.258958883,0.490632466,0.049478184,3.080472778,1.92958632,9.516274164,6,-5.269417286,-1.208957672,Label_III
11-3-4-2,11,3,PreD,43,0,160,55,21.484375,4,6.1,3.71,0,Medium,6598,115.3260139,0.760684146,1,904,0.137011216,111,106,33,11,0,9,4,0.954954955,0.297297297,0.099099099,0,0.081081081,0.036036036,5223.208365,824.8749811,274.958327,0,0.800272769,0.003030762,0.002348841,0.000227307,0.00401576,0.238066374,0.000909229,0.117593575,0.60751629,0.005758448,0.039930292,0.004394605,0.214047583,0.175859979,0.394377936,0.278148204,0.52409456,0.10115169,2.892635248,1.736550993,9.728280318,6,-5.260602951,-1.477041841,Label_III
11-3-5-2,11,3,PreD,43,0,160,55,21.484375,4,6.1,3.71,0,Medium,5370,152.1595626,0.947520729,1,514,0.095716946,102,91,39,20,7,0,3,0.892156863,0.382352941,0.196078431,0.068627451,0,0.029411765,4229.212437,812.8486315,593.8894061,108.9797058,0.866319121,0.00586483,0.001024018,0.000279278,0.011543474,0.281139453,0.06758518,0.111804133,1.057531186,0.008657606,0.047663377,0.000651648,0.346862782,0.276391733,0.503723701,0.320331409,0.710296034,0.127816049,3.755818283,2.399925526,7.699976178,6,-4.450463295,-1.565211058,Label_III
11-5-1-2,11,5,PreD,43,0,160,55,21.484375,4,6.1,3.71,0,Large,22109,193.1124033,0.643484963,1,2008,0.090822742,330,310,161,61,0,0,5,0.939393939,0.487878788,0.184848485,0,0,0.015151515,17340.21569,4835.781275,1687.923654,0,1.030167345,0.008548168,0.001266395,0.000158299,0.039393939,0.950135685,0.00452284,0.074378109,0.789755767,0.006535504,0.043668024,0.002781547,0.310108548,0.158977838,0.644029851,0.341904116,0.943803709,0.100226142,5.198281321,3.467209408,8.994671291,6,-4.261026382,-0.202078775,Label_III
11-5-2-2,11,5,PreD,43,0,160,55,21.484375,4,6.1,3.71,0,Medium,17508,172.6803201,0.64098491,1,4972,0.283984464,275,249,145,77,0,4,5,0.905454545,0.527272727,0.28,0,0.014545455,0.018181818,9171.476155,3266.81341,1665.904849,0,0.52909932,0.00254155,0.001656291,0.000114227,0.028014164,0.69004512,0.000599692,0.041864184,1.098720658,0.011451254,0.065937518,0.003912274,0.183134388,0.179621909,0.407219144,0.162830544,0.610114798,0.101147981,3.668713233,2.341595751,6.410518741,13,-3.663246155,-1.292357564,Label_III
11-5-3-2,11,5,PreD,43,0,160,55,21.484375,4,6.1,3.71,0,Medium,8361,146.1974775,0.738989261,1,3725,0.445520871,146,5,3,0,145,0,1,0.034246575,0.020547945,0,0.993150685,0,0.006849315,33.99593399,27.99665152,0,4614.448099,0.009327912,0.006397991,0.00083712,0.000298972,0.188352069,0.009925855,6.688591246,0.161922985,0.00125568,0,0.001136092,0,0.297297297,0.52720641,0.727696723,0.159292035,0.878378378,0.090169816,1.213286295,1.830483138,4.53107622,14,0.439508915,0.107969932,Label_III
11-5-4-2,11,5,PreD,43,0,160,55,21.484375,4,6.1,3.71,0,Medium,7773,143.8939151,0.845450633,1,1874,0.241090956,132,93,55,62,0,5,0,0.704545455,0.416666667,0.46969697,0,0.037878788,0,3978.488166,946.8781837,1652.787368,0,0.475881142,0.001222022,6.43E-05,0,0.003087214,0.441986108,6.43E-05,0.056213018,2.021481863,0.009454592,0.079109853,0.000321585,0.149022382,0.107666581,0.288332905,0.135966041,0.448546437,0.044828917,2.580331875,1.681502444,7.284122793,13,-2.656374693,-0.275271654,Label_III
11-6-1-2,11,6,PreD,43,0,160,55,21.484375,4,6.1,3.71,0,Large,26397,204.1847316,0.499889103,1,12026,0.455582074,432,329,220,190,0,6,0,0.761574074,0.509259259,0.439814815,0,0.013888889,0,6233.763846,4655.823623,5225.80203,0,0.182191833,0.000113645,0.000189408,0,0.001022805,0.215224638,0.000151527,0.01577771,1.440563679,0.004924616,0.065232215,0.003163118,0.012860823,0.156167134,0.212591863,0.034604894,0.140654595,0.028903705,1.048015001,0.895465566,7.500755855,6,-3.196247816,0.563988388,Label_III
11-6-2-2,11,6,PreD,43,0,160,55,21.484375,4,6.1,3.71,0,Medium,15713,186.7781618,0.809116078,1,6950,0.442308916,232,173,121,37,19,2,0,0.745689655,0.521551724,0.159482759,0.081896552,0.00862069,0,5910.623839,2470.842752,789.9497264,291.9814178,0.318346697,0.000572738,0,0,0.003627339,0.197180858,0.078592338,0.027777778,0.357261041,0.001240932,0.01540028,6.36E-05,0.067996691,0.253563701,0.326142293,0.089156166,0.306032837,0.025995927,1.507668321,1.403716431,6.958157765,13,-2.787719011,-0.716804743,Label_III
11-6-3-2,11,6,PreD,43,0,160,55,21.484375,4,6.1,3.71,0,Medium,4076,112.0877745,0.833453865,1,1950,0.478410206,89,41,46,36,0,1,0,0.460674157,0.516853933,0.404494382,0,0.011235955,0,721.822909,715.8243807,791.8057395,0,0.141402992,0.000367918,0,0,0.00453765,0.186534216,0.000122639,0.028207015,1.44518028,0.005396125,0.073338239,0,0.094064263,0.445548197,0.385332352,0.059847927,0.366936473,0.048074565,2.042187883,1.504905568,7.665426469,13,-2.328850985,-0.124132454,Label_III
11-7-1-2,11,7,PreD,43,0,160,55,21.484375,4,6.1,3.71,0,Medium,18725,194.2779551,0.766258185,1,5939,0.317169559,274,238,108,85,0,13,15,0.868613139,0.394160584,0.310218978,0,0.047445255,0.054744526,8572.542187,2863.847058,2229.880914,0,5.597377977,0.215208801,0.005660579,0.001388444,0.131047741,1.917814803,0.032041012,0.718840115,1.270666453,0.016607925,0.403930364,0.007796646,0.980775393,0.939389085,1.800090783,1.292454342,2.431779344,0.585255794,21.71021574,8.063174196,1.478913123,7,0.274941444,-2.893725157,Label_II
11-7-2-2,11,7,PreD,43,0,160,55,21.484375,4,6.1,3.71,0,Medium,12227,148.5886691,0.6922212,1,3769,0.308252229,179,147,83,27,0,0,14,0.82122905,0.463687151,0.150837989,0,0,0.078212291,6191.493621,2070.830635,595.9512594,0,6.145035983,0.209805365,0.00511122,0.001921819,0.117435394,2.393931959,0.034797187,0.494111874,0.622178606,0.009118417,0.213608113,0.004865882,0.991290481,0.882155708,1.657139352,1.1421737,2.367803402,0.449337586,19.98568858,7.118580307,0.957463855,7,0.928478241,-2.90312624,Label_II
11-7-3-2,11,7,PreD,43,0,160,55,21.484375,4,6.1,3.71,0,Medium,5216,144.2865087,0.891013006,1,770,0.147622699,51,23,50,7,6,0,13,0.450980392,0.980392157,0.137254902,0.117647059,0,0.254901961,1785,4179,45,266,4.504697086,0.333876534,0.028374233,0.003738497,0.236771472,11.28537193,0.87154908,0.520034509,0.104102761,0.000191718,0.287384969,0.047162577,1.279812117,3.250095859,2.749712423,1.323715491,2.973734663,1.252971626,20.35419862,10.13017638,6.559012048,11,-0.834042251,1.115423322,Label_IV
11-8-1-2,11,8,PreD,43,0,160,55,21.484375,4,6.1,3.71,0,Large,25589,214.8481149,0.695471522,1,9642,0.376802532,395,325,220,120,4,29,5,0.82278481,0.556962025,0.303797468,0.010126582,0.073417722,0.012658228,9885.613677,4650.818249,3436.86569,15.99937476,1.257659242,0.014536928,0.001817116,3.91E-05,0.024189136,0.775615475,0.00576397,0.078878468,1.732121923,0.030343884,0.087612349,0.004259476,0.435463072,0.3507034,0.808069558,0.429347401,1.063247362,0.121766315,4.786576788,4.418757327,5.625152323,8,-3.233935118,-1.731647015,Label_III
11-8-2-2,11,8,PreD,43,0,160,55,21.484375,4,6.1,3.71,0,Medium,8016,109.1355691,0.440648383,1,4531,0.565244511,128,92,59,21,0,0,0,0.71875,0.4609375,0.1640625,0,0,0,1896.763378,1421.822627,346.956717,0,0.899650742,0.003118373,0,0,0.028314831,0.679181739,0.000311837,0.055319945,0.602095547,0.010914307,0.017400524,6.24E-05,0.316015966,0.114506673,0.516589747,0.29743046,0.765373581,0.039166771,2.948047898,2.537233379,7.15872382,13,-2.394710541,-0.495924115,Label_III
11-8-3-2,11,8,PreD,43,0,160,55,21.484375,4,6.1,3.71,0,Medium,7660,123.5979375,0.730720385,1,2389,0.311879896,125,115,33,10,0,6,0,0.92,0.264,0.08,0,0.048,0,4674.389766,538.9296436,228.9701083,0,1.615063308,0.006526563,0,0,0.003328547,0.293107949,0.000391594,0.096527868,0.47983292,0.008941391,0.018600705,0,0.39198538,0.076426054,0.574468085,0.433037462,0.809293826,0.042487926,4.271635557,2.390549537,7.745454238,6,-4.163760662,-1.420382977,Label_III
11-8-4-2,11,8,PreD,43,0,160,55,21.484375,4,6.1,3.71,0,Medium,7244,124.9966715,0.772908635,1,3244,0.447818885,128,117,30,15,1,3,0,0.9140625,0.234375,0.1171875,0.0078125,0.0234375,0,3538.511525,366.9493444,320.9556936,4.999309869,1.398067633,0.011663216,6.90E-05,0.000345066,0.007936508,0.212698413,0.004899931,0.090821256,0.689233954,0.009385783,0.028571429,0.000207039,0.438992409,0.186749482,0.66763285,0.367425811,0.873015873,0.134230504,5.154451346,3.156797792,6.423463972,13,-3.365579605,-1.36257267,Label_III
11-8-5-2,11,8,PreD,43,0,160,55,21.484375,4,6.1,3.71,0,Medium,4908,105.5465397,0.802126678,1,2153,0.438671557,76,63,15,35,6,4,0,0.828947368,0.197368421,0.460526316,0.078947368,0.052631579,0,1675.658586,256.9476472,966.8030149,107.9779996,1.095131391,0.006518639,0,0,0.005907517,0.235995111,0.114891017,0.093807293,2.961193726,0.048889794,0.109085353,0.001731514,0.305357507,0.135261764,0.618863312,0.327459768,0.74332858,0.122020778,3.897127725,3.131696883,6.944079743,13,-3.089184523,-0.693061769,Label_III
11-8-6-2,11,8,PreD,43,0,160,55,21.484375,4,6.1,3.71,0,Medium,4144,86.38846898,0.653665415,1,1537,0.370897683,70,58,25,18,4,0,0,0.828571429,0.357142857,0.257142857,0.057142857,0,0,1550.625814,646.8439083,513.8759952,120.9708082,1.146079614,0.005790109,0,0.000120627,0.013027744,0.600965018,0.097466828,0.061881785,1.609529554,0.023884198,0.037394451,0,0.395778046,0.115681544,0.576598311,0.344390832,0.866586248,0.065741858,3.931121834,2.996381182,6.423469478,13,-3.308227539,-1.220005393,Label_III
11-8-7-2,11,8,PreD,43,0,160,55,21.484375,4,6.1,3.71,0,Medium,3777,82.76042322,0.67850848,1,1915,0.50701615,56,53,7,5,10,0,1,0.946428571,0.125,0.089285714,0.178571429,0,0.017857143,1596.57729,94.97485442,167.955532,175.9534145,1.311937533,0.009264161,0.002911593,0.00026469,0.01310217,0.091053467,0.151270513,0.121492853,0.389227104,0.004896771,0.010455267,0,0.442032822,0.280836421,0.633536263,0.453679195,0.821201694,0.11011117,3.976839598,3.104155638,6.324375271,13,-3.662810802,-1.166162014,Label_III
11-9-1-2,11,9,PreD,43,0,160,55,21.484375,4,6.1,3.71,0,Large,26561,215.0354483,0.66810288,1,4300,0.161891495,405,386,228,111,0,26,8,0.95308642,0.562962963,0.274074074,0,0.064197531,0.019753086,19215.27656,5027.810707,2990.887396,0,0.902981703,0.007040133,0.001882388,9.41E-05,0.026014607,0.838415782,0.004310669,0.051276259,1.280061742,0.03887132,0.085328665,0.012762593,0.279967623,0.52428281,0.651739327,0.268654469,0.817558919,0.147240419,3.527520518,3.459848656,9.528853677,6,-4.03963089,0.196156353,Label_III
11-9-2-2,11,9,PreD,43,0,160,55,21.484375,4,6.1,3.71,0,Large,24677,186.3807958,0.370936076,1,6846,0.277424322,393,353,174,53,0,4,0,0.89821883,0.442748092,0.134860051,0,0.010178117,0,15093.38836,2885.883054,1249.949348,0,0.607200746,0.002147662,8.10E-05,4.05E-05,0.010920658,0.455446146,0.000344436,0.047977956,0.494063538,0.005288111,0.027879083,0.001073831,0.17728341,0.359064754,0.499230083,0.159271416,0.532295972,0.072392414,2.572108761,2.395696572,9.133354507,6,-4.508827209,-0.096008815,Label_III
11-9-3-2,11,9,PreD,43,0,160,55,21.484375,4,6.1,3.71,0,Medium,11327,184.3254414,0.891482797,1,1452,0.128189282,177,167,58,20,0,6,1,0.943502825,0.327683616,0.11299435,0,0.033898305,0.005649718,9011.204449,1105.902366,492.9564795,0,1.006267655,0.010460805,0.000573799,4.41E-05,0.012314619,0.435381356,0.004899364,0.057997881,0.544888771,0.005075918,0.051244703,0.003398658,0.349002472,0.710584393,0.803760593,0.375617938,0.843485169,0.153204449,4.875485523,3.810337218,8.202470997,6,-4.171923637,-1.084840059,Label_III
12-2-1-2,12,2,PreD,44,1,175,90,29.3877551,3,6.1,6.46,0,Large,45741,299.2104692,0.703029146,1,9262,0.202487921,709,504,621,197,12,4,49,0.710860367,0.875881523,0.277856135,0.016925247,0.005641749,0.069111425,14683.67898,26762.41491,4827.894451,65.99855712,3.076046085,0.436349526,0.011040182,0.003661843,0.332921604,14.10807354,0.180949674,0.193028289,1.272375497,0.057113812,0.193716934,0.103001618,1.434392899,1.974760614,1.832101788,1.07398015,3.550861353,0.843874339,14.0892943,13.80364873,9.209369221,2,-2.82577014,2.717683554,Label_IV
12-2-2-2,12,2,PreD,44,1,175,90,29.3877551,3,6.1,6.46,0,Large,31099,255.1479082,0.717883288,1,8012,0.257628863,478,294,351,223,18,2,22,0.615062762,0.734309623,0.466527197,0.037656904,0.0041841,0.046025105,9527.693633,13478.56659,6645.786302,339.9890675,2.889228296,0.342041801,0.006221865,0.000900322,0.197893891,10.27348875,0.198697749,0.136832797,2.616205788,0.149067524,0.161318328,0.053810289,1.161318328,1.157942122,1.380594855,0.868424437,2.587717042,0.657540193,11.2727492,9.96085209,9.209374726,2,-2.592636824,2.448247671,Label_IV
12-2-3-2,12,2,PreD,44,1,175,90,29.3877551,3,6.1,6.46,0,Medium,4159,94.5244069,0.751459356,1,730,0.175522962,77,57,17,23,51,3,8,0.74025974,0.220779221,0.298701299,0.662337662,0.038961039,0.103896104,2047.507692,279.9326923,679.8365385,1327.680769,4.595552885,0.515384615,0.026442308,0.001201923,0.138701923,1.676322115,2.959375,0.516826923,2.181850962,0.096153846,0.264543269,0.047596154,1.503245192,2.670913462,2.159375,1.4,2.283293269,1.511298077,14.66069712,12.9390625,5.83319329,8,-2.841233015,-2.335412502,Label_II
12-21-1-2,12,21,PreD,44,1,175,90,29.3877551,3,6.1,6.46,0,Large,28248,299.9917461,0.90524029,1,11147,0.394612008,399,262,323,100,2,3,0,0.656641604,0.80952381,0.250626566,0.005012531,0.007518797,0,6770.76031,10162.64024,2291.918864,8.999681405,0.232822401,0.006106411,0.000318595,0.000300896,0.013469503,2.892739566,0.00479663,0.050178767,0.553701016,0.003309852,0.023469857,0.006779001,0.14246522,0.527788594,0.397907891,0.060126022,0.519522815,0.097366278,1.961025169,1.438157103,9.209380232,2,-2.776271343,2.499713421,Label_III
12-21-2-2,12,21,PreD,44,1,175,90,29.3877551,3,6.1,6.46,0,Medium,15101,169.5172092,0.714505661,1,5294,0.35057281,239,205,145,66,0,0,0,0.857740586,0.606694561,0.276150628,0,0,0,6205.589061,3536.765793,1499.900675,0,0.401238247,0.010263541,0,0.000165541,0.010164217,1.925374123,0.002118925,0.046351477,0.708051914,0.007581777,0.024831148,0.005628394,0.155111906,0.324261687,0.371771951,0.076811018,0.407131506,0.13703483,2.100384055,1.480466163,8.205371454,2,-2.074187994,2.326500416,Label_III
12-21-3-2,12,21,PreD,44,1,175,90,29.3877551,3,6.1,6.46,0,Medium,13480,142.3695459,0.518536524,1,4381,0.325,165,75,158,20,0,0,4,0.454545455,0.957575758,0.121212121,0,0,0.024242424,1817.865144,7622.434537,324.975892,0,0.13459684,0.009865737,0.001706105,0.000222535,0.021511757,4.02577702,0.00778874,0.048846525,0.168273867,0.001743194,0.025035235,0.017580298,0.230620874,0.776277724,0.517839923,0.072657815,0.976411245,0.106742823,2.56898598,2.048438543,10.16013421,2,-2.006335974,3.838132381,Label_III
12-21-4-2,12,21,PreD,44,1,175,90,29.3877551,3,6.1,6.46,0,Medium,7607,111.4246997,0.584088442,1,3653,0.480215591,104,71,74,1,0,0,0,0.682692308,0.711538462,0.009615385,0,0,0,1913.748423,2538.666272,23.99684543,0,0.24329653,0.016364353,6.57E-05,0.000985804,0.011895373,2.842074132,0.003877497,0.046727129,0.017284437,0,0.008675079,6.57E-05,0.134069401,0.403719769,0.37276551,0.047121451,0.65621714,0.104758149,2.062039958,1.51347266,8.581115756,2,-1.663517952,3.017856121,Label_III
12-3-2-2,12,3,PreD,44,1,175,90,29.3877551,3,6.1,6.46,0,Large,25130,285.6541016,0.864559648,1,10579,0.420970951,432,276,258,199,3,0,22,0.638888889,0.597222222,0.460648148,0.006944444,0,0.050925926,6218.752537,4851.806932,4991.801361,28.99884605,4.365047153,0.560582547,0.004695396,0.003282798,0.331681986,15.24638892,0.287672596,0.25566034,2.314153834,0.08344276,0.319346624,0.070928336,1.598245195,1.847419522,1.96253631,1.365504755,3.577613306,0.890613187,15.35903864,13.97353866,9.257489469,2,-2.707728386,2.706428766,Label_IV
12-3-3-2,12,3,PreD,44,1,175,90,29.3877551,3,6.1,6.46,0,Medium,11365,158.161419,0.807691709,1,2354,0.207127145,192,132,132,119,0,6,20,0.6875,0.6875,0.619791667,0,0.03125,0.104166667,3995.648425,3891.657575,3136.724001,0,6.058595812,0.755366884,0.015880697,0.007654408,0.361912722,21.71753475,0.396005631,0.387823333,3.777582263,0.145345768,0.467798698,0.084242478,1.90322013,2.220790076,2.369259194,1.455217315,4.308947739,1.151724441,21.52560267,18.62590181,8.989612431,2,-2.42925787,2.695039749,Label_V
12-3-4-2,12,3,PreD,44,1,175,90,29.3877551,3,6.1,6.46,0,Medium,4755,98.43864788,0.755718924,1,930,0.195583596,93,45,87,17,7,13,2,0.483870968,0.935483871,0.182795699,0.075268817,0.139784946,0.021505376,1126.763036,2752.421152,217.9541632,123.9739277,4.750420521,0.792682927,0.001051304,0.009251472,0.935134567,32.69049622,0.923465097,1.047834315,0.457211943,0.010723297,0.684924306,0.093566022,1.951745164,2.811501262,3.149074853,1.755046257,7.639718251,1.628889823,34.59629941,18.66978553,9.342790797,2,-2.455682039,3.337976694,Label_V
12-4-1-2,12,4,PreD,44,1,175,90,29.3877551,3,6.1,6.46,0,Large,44618,342.7136379,0.843027132,1,8057,0.180577345,711,422,650,188,26,82,120,0.593530239,0.914205345,0.264416315,0.036568214,0.11533052,0.168776371,12654.71638,29126.34721,3324.92548,514.9884578,4.041462157,0.573869876,0.029460544,0.010152626,0.690389744,25.73818329,0.588112687,0.869147673,0.722237164,0.016887425,0.843228221,0.243719043,1.387559112,3.359331227,3.154889173,1.246643806,4.672258455,1.44167283,26.25913848,17.33716578,9.245000696,2,-2.700077295,3.089870214,Label_V
12-4-2-2,12,4,PreD,44,1,175,90,29.3877551,3,6.1,6.46,0,Large,28517,237.9852924,0.745665794,1,2479,0.086930603,448,336,381,122,37,23,74,0.75,0.850446429,0.272321429,0.082589286,0.051339286,0.165178571,12919.54695,17368.39095,2274.920226,529.9814152,7.574163686,0.728399607,0.031857073,0.015306122,0.662844519,26.88789536,0.692141805,1.004558524,0.843572481,0.018286696,0.680201978,0.178536363,1.614857283,3.224998247,3.357230521,1.610333824,4.298302826,1.409180167,26.24968441,16.98593871,9.299401938,2,-2.655860186,3.232664108,Label_V
12-5-1-2,12,5,PreD,44,1,175,90,29.3877551,3,6.1,6.46,0,Large,40140,352.6134573,0.905299902,1,5481,0.136547085,643,308,612,249,25,180,108,0.479004666,0.951788491,0.387247278,0.038880249,0.279937792,0.167962675,6420.840039,29073.2757,4999.875439,347.9913306,3.047607185,0.50165666,0.038464413,0.006103485,0.852744077,33.99275055,1.020776762,1.138075783,1.210620064,0.032535313,1.268665454,0.21707232,1.744201689,2.72214195,2.992787923,1.208415336,5.052988217,1.686841384,24.39180638,15.62725144,9.957893752,2,-2.437725067,4.051967144,Label_V
12-5-2-2,12,5,PreD,44,1,175,90,29.3877551,3,6.1,6.46,0,Medium,14947,163.6520121,0.684052816,1,3196,0.213822172,255,146,183,92,35,112,71,0.57254902,0.717647059,0.360784314,0.137254902,0.439215686,0.278431373,5856.608175,5217.650923,2276.847672,569.9618678,7.495885737,0.632325395,0.05238159,0.013981804,0.437784319,19.59733744,1.187951565,1.106770136,1.66888547,0.053953706,4.141925341,0.332452502,1.697451164,3.445310409,3.028833289,1.67500669,3.91604228,1.194607974,22.79244715,15.51822986,8.882296697,2,-2.330317259,2.771742344,Label_V
12-5-3-2,12,5,PreD,44,1,175,90,29.3877551,3,6.1,6.46,0,Medium,4687,118.3984759,0.885795486,1,401,0.085555793,77,71,16,29,0,11,8,0.922077922,0.207792208,0.376623377,0,0.142857143,0.103896104,3817.18558,288.9383532,725.8451365,0,13.90155717,0.761518771,0.012052048,0.012585324,0.187180034,3.912755973,0.19475256,1.026983788,2.235814846,0.075618601,0.627133106,0.04052901,1.701045222,2.738161263,2.690699659,2.183767065,2.391638225,1.171608362,22.40891638,11.64665102,5.515623426,4,-2.761075974,-3.920650005,Label_II
12-6-1-2,12,6,PreD,44,1,175,90,29.3877551,3,6.1,6.46,0,Large,35599,309.6904057,0.852632838,1,5012,0.140790472,575,317,561,148,11,95,35,0.551304348,0.975652174,0.257391304,0.019130435,0.165217391,0.060869565,6776.809635,25233.29118,3279.907865,140.9960393,3.379297753,0.414466292,0.015716292,0.007176966,0.805505618,30.06426966,0.64380618,1.296474719,0.995997191,0.02505618,0.886769663,0.167921348,1.803230337,1.972064607,2.769508427,1.195238764,4.483960674,1.268483146,24.27949438,11.19521067,9.957899257,2,-2.528441668,4.036550045,Label_V
12-6-2-2,12,6,PreD,44,1,175,90,29.3877551,3,6.1,6.46,0,Medium,6366,112.6288837,0.757631809,1,1467,0.230442978,116,90,94,38,3,9,3,0.775862069,0.810344828,0.327586207,0.025862069,0.077586207,0.025862069,2639.585362,2096.670646,909.8570755,66.98947699,5.771085283,0.485864614,0.012329197,0.005418564,0.550573268,17.59368619,0.488377572,1.657531019,1.714072562,0.041699387,0.586932621,0.217213758,1.991361709,1.984922255,2.880948641,1.782629182,3.778467096,1.26433171,25.00062824,11.93482017,7.567971321,11,-1.313943863,1.911332369,Label_V
12-6-3-2,12,6,PreD,44,1,175,90,29.3877551,3,6.1,6.46,0,Medium,4178,89.20691477,0.739340713,1,831,0.198898995,75,58,59,49,0,14,7,0.773333333,0.786666667,0.653333333,0,0.186666667,0.093333333,1378.670017,1425.65877,1412.661881,0,4.892199091,0.493299832,0.020339794,0.005862647,0.574300072,16.95525245,0.29624312,1.556951424,4.203278296,0.107441972,1.036850921,0.220507298,1.89566882,2.334410146,2.979301268,1.616056473,3.825915291,1.194185212,20.69119407,10.49521417,7.891966457,2,-1.620129943,2.36559844,Label_V
12-6-4-2,12,6,PreD,44,1,175,90,29.3877551,3,6.1,6.46,0,Medium,3736,71.10820616,0.259347468,1,509,0.13624197,66,45,59,34,0,21,15,0.681818182,0.893939394,0.515151515,0,0.318181818,0.227272727,1099.705646,1976.470966,1158.689858,0,4.096066363,0.566630987,0.05472304,0.004013915,0.569842119,32.06355365,0.507626438,1.170858978,4.976719294,0.143296762,1.509633396,0.338239229,2.225180626,3.247123361,3.184372491,1.425207386,4.956515922,1.686914637,20.80278298,14.65788065,10.13512234,2,-2.123523951,4.401550293,Label_V
12-7-1-2,12,7,PreD,44,1,175,90,29.3877551,3,6.1,6.46,0,Large,68476,325.1775869,0.545546481,1,21470,0.313540511,1024,633,863,361,7,56,186,0.618164063,0.842773438,0.352539063,0.006835938,0.0546875,0.181640625,14189.79278,32054.53189,8612.874221,87.9987149,4.904880471,0.419440104,0.044598916,0.015172978,0.707325087,26.85514114,0.46802576,0.859025658,1.336346511,0.031842809,0.586759058,0.211903267,1.592615039,1.903799816,2.758919053,1.343524103,3.661207413,1.184200534,20.75510755,8.896673336,9.957904763,2,-2.535450697,4.156924725,Label_V
12-8-1-2,12,8,PreD,44,1,175,90,29.3877551,3,6.1,6.46,0,Large,30713,233.7692854,0.690483585,1,5797,0.188747436,465,379,362,226,4,97,19,0.815053763,0.778494624,0.486021505,0.008602151,0.208602151,0.040860215,11518.62496,12579.59041,5701.814352,38.99873022,5.668978316,0.470974149,0.012307091,0.005176792,0.4577717,24.895406,0.417203881,1.246565084,1.74330924,0.033079377,1.040925962,0.086133359,1.606140522,2.370677867,2.676255128,1.551295826,4.113140587,1.06542619,24.0518656,11.17829003,9.564431761,2,-2.625492811,3.579414129,Label_V
12-8-2-2,12,8,PreD,44,1,175,90,29.3877551,3,6.1,6.46,0,Medium,16664,192.6360455,0.753380956,1,5429,0.325792127,250,136,200,143,0,32,20,0.544,0.8,0.572,0,0.128,0.08,3036.817762,6207.627483,3299.80198,0,2.925472547,0.316351635,0.021632163,0.003630363,0.537623762,22.68166817,0.31530153,1.257185719,1.582748275,0.021422142,0.933753375,0.092709271,1.452025203,2.620282028,2.478847885,1.12370237,4.312931293,1.090489049,23.01728173,10.57446745,9.525103304,2,-2.597678661,3.503017902,Label_V
12-8-3-2,12,8,PreD,44,1,175,90,29.3877551,3,6.1,6.46,0,Medium,5277,122.5424784,0.87937521,1,1351,0.256016676,85,64,71,21,0,7,2,0.752941176,0.835294118,0.247058824,0,0.082352941,0.023529412,1613.694202,2357.55324,506.9039409,0,4.521504358,0.406025009,0.00530504,0.0066313,0.411519515,27.3627321,0.414550966,1.149772641,1.341985601,0.03751421,0.70651762,0.048029557,1.429329291,3.919477075,2.423929519,1.371447518,3.818681319,1.133383858,26.39664646,10.50454718,10.14142279,2,-2.281843185,3.836210966,Label_V
13-1-1-2,13,1,PreD,53,1,175,72,23.51020408,1,6,29.96,0,Medium,12378,149.8445325,0.689475866,1,1820,0.147035062,168,136,131,29,0,3,11,0.80952381,0.779761905,0.172619048,0,0.017857143,0.06547619,6241.495759,5872.525567,638.9483803,0,3.006099039,0.636804265,0.018337507,0.125615963,0.796752565,1.092212618,0.23176347,0.402173035,0.511228694,0,0.428507957,0.107520801,1.16406818,1.326359157,2.236893125,1.938201793,2.484611035,0.996607157,29.58126666,6.500525083,5.211587693,7,2.794114113,-3.060469866,Label_II
13-10-1-2,13,10,PreD,53,1,175,72,23.51020408,1,6,29.96,0,Large,30770,253.3735564,0.683101111,1,11485,0.373253169,454,325,273,160,3,14,42,0.715859031,0.601321586,0.352422907,0.00660793,0.030837004,0.092511013,10025.67417,6964.773651,4097.866823,11.99961002,2.131584934,0.282944981,0.013096747,0.037535342,0.464284554,0.212554028,0.169607748,0.927382925,1.024454844,0.009278217,0.584722628,0.040102694,0.644064216,1.256329011,2.132998603,1.761886192,1.723944623,0.783172468,30.61345098,8.718549933,0.240275633,10,1.6137743,-4.625019073,Label_II
13-2-1-2,13,2,PreD,53,1,175,72,23.51020408,1,6,29.96,0,Large,28964,233.4780555,0.687052714,1,8280,0.285872117,444,271,348,128,0,26,78,0.61036036,0.783783784,0.288288288,0,0.058558559,0.175675676,7900.727223,12444.57034,2920.899154,0,4.018142586,0.634679786,0.063904713,0.090851027,0.612100811,0.891800449,0.249438978,0.44087692,1.195736233,0,0.553599171,0.077679959,0.76599344,3.004091144,2.38556879,2.134766097,2.699792853,1.272863801,32.77631624,9.903055412,0.090030998,10,1.171090722,-4.131260395,Label_II
13-2-2-2,13,2,PreD,53,1,175,72,23.51020408,1,6,29.96,0,Medium,9570,183.6717582,0.910800594,1,2001,0.209090909,172,95,145,59,0,6,10,0.552325581,0.843023256,0.343023256,0,0.034883721,0.058139535,1972.793856,5030.47435,1756.816425,0,3.459826559,0.712621461,0.014418556,0.130289416,0.715964894,1.445669209,0.316633581,0.522306969,2.769512068,0,0.622818932,0.104430049,0.925138439,2.63091631,2.436840456,2.43522098,2.929892383,1.186500888,32.83183575,10.38036778,0.090025493,10,1.55497551,-3.93124342,Label_II
13-3-1-2,13,3,PreD,53,1,175,72,23.51020408,1,6,29.96,0,Medium,20199,177.5723666,0.529919055,1,6730,0.333184811,288,128,243,106,0,77,70,0.444444444,0.84375,0.368055556,0,0.267361111,0.243055556,3553.824059,8519.578218,3135.844752,0,2.115,0.684529703,0.07299505,0.129381188,1.303193069,0.461361386,0.43519802,1.411856436,1.660792079,0.013242574,1.208613861,0.248886139,1.085420792,1.880618812,3.378094059,1.749628713,2.597351485,1.375792079,41.19487624,4.347673267,5.070910319,3,5.185082436,-2.162937641,Label_I
13-3-2-2,13,3,PreD,53,1,175,72,23.51020408,1,6,29.96,0,Medium,10687,153.086435,0.793789811,1,3601,0.336951436,147,89,115,14,0,9,41,0.605442177,0.782312925,0.095238095,0,0.06122449,0.278911565,2952.723709,4344.593469,204.9808196,0,2.574522829,0.65105726,0.14712762,0.147595434,0.976188249,0.480726048,0.466691617,1.324335704,0.142355913,0,0.631455838,0.263800524,1.131409057,7.516794536,3.531811377,2.481895584,2.48241018,1.627151946,41.44947605,5.38543226,4.795434259,3,4.975757122,-1.805105209,Label_I
13-4-1-2,13,4,PreD,53,1,175,72,23.51020408,1,6,29.96,0,Large,21513,225.3846787,0.79595746,1,7878,0.366197183,316,227,185,135,2,124,71,0.71835443,0.585443038,0.42721519,0.006329114,0.392405063,0.224683544,6525.696663,4615.785442,4282.80092,64.99697871,4.359207958,0.864948406,0.072557404,0.16665892,0.826020266,0.219345542,0.631658455,1.853653435,3.259110347,0,1.777098633,0.286023055,1.397764247,2.367946453,3.801942921,2.9371572,2.716115088,1.427512318,42.95763224,5.5341638,4.823080712,3,4.712034702,-2.192203283,Label_I
13-4-2-2,13,4,PreD,53,1,175,72,23.51020408,1,6,29.96,0,Medium,3950,81.12910389,0.562472428,1,1444,0.36556962,64,53,14,28,10,20,11,0.828125,0.21875,0.4375,0.15625,0.3125,0.171875,1721.564161,211.9463427,579.8532017,201.9488737,5.709567198,0.923437105,0.043153632,0.177043786,0.476588206,0.057200709,1.594279929,1.976841306,2.394203999,0,1.126676791,0.219564667,1.528726905,2.354593774,3.896355353,3.629460896,2.381042774,1.288787649,35.85547963,5.000632751,4.496744131,3,4.292708874,-2.620550156,Label_II
13-5-1-2,13,5,PreD,53,1,175,72,23.51020408,1,6,29.96,0,Large,35952,328.4640044,0.890596672,1,9088,0.252781486,543,338,443,179,0,103,106,0.622467772,0.815837937,0.329650092,0,0.189686924,0.195211786,9857.725809,16476.54171,4305.880233,0,2.763621951,0.633076517,0.057825494,0.114997358,1.100408867,0.573276222,0.413261758,1.29699886,1.141782327,0,1.038981448,0.213181098,0.937126248,4.645133925,3.240605791,2.066990237,2.315147554,1.31073902,31.15029344,4.250159931,4.858146684,3,4.760102749,-1.729493022,Label_II
13-6-1-2,13,6,PreD,53,1,175,72,23.51020408,1,6,29.96,0,Large,26485,209.4420374,0.46936237,1,8827,0.33328299,356,256,223,105,3,29,48,0.719101124,0.626404494,0.29494382,0.008426966,0.081460674,0.134831461,10269.61225,6434.757041,2955.888394,72.99724383,3.343162425,0.505550102,0.04283395,0.058257192,0.677018047,0.230857812,0.266216114,0.942007098,1.243751416,0,0.760798158,0.079702484,0.786585366,1.626840595,2.750641849,2.050120819,1.85452692,1.029430643,30.08266631,3.343275693,4.804950076,3,4.646955013,-2.051228285,Label_II
13-6-2-2,13,6,PreD,53,1,175,72,23.51020408,1,6,29.96,0,Medium,6101,124.4749503,0.847630101,1,1591,0.260776922,110,68,77,37,0,5,20,0.618181818,0.7,0.336363636,0,0.045454545,0.181818182,2392.607833,1891.689938,924.8484104,0,3.397164864,0.62020649,0.0517863,0.090380203,0.820140937,0.371599476,0.356604392,1.063012127,2.11783022,0,0.789167486,0.095214684,0.8442314,1.763520157,2.862995739,2.596361849,2.067600787,1.180760406,34.22484431,4.221320878,4.822046087,3,4.70941782,-2.172826529,Label_II
13-7-1-2,13,7,PreD,53,1,175,72,23.51020408,1,6,29.96,0,Medium,10903,131.7260352,0.553117992,1,2221,0.203705402,165,102,139,78,0,4,16,0.618181818,0.842424242,0.472727273,0,0.024242424,0.096969697,3631.666911,4524.585015,2990.725697,0,2.880456713,0.567268892,0.033657373,0.084005869,0.623303375,0.769946809,0.222945708,0.290443874,5.781548056,0,0.6027146,0.054337858,0.705796038,0.97780631,1.95125642,1.665673147,2.584143434,0.973587674,33.53127293,8.855970286,0.58773864,7,1.838580489,-3.405192137,Label_II
13-7-2-2,13,7,PreD,53,1,175,72,23.51020408,1,6,29.96,0,Medium,5155,111.931178,0.793917306,1,1304,0.252958293,97,51,71,34,0,4,10,0.525773196,0.731958763,0.350515464,0,0.041237113,0.103092784,1418.724787,1818.647207,1083.78976,0,2.590089216,0.543638479,0.016291699,0.058572537,0.445403413,0.561481769,0.144200931,0.39681924,3.07253685,0,0.49117533,0.017649341,0.704906905,1.18628782,1.933669511,2.14352211,2.761055081,0.927366175,34.35599302,8.143134213,0.587744146,7,2.231966257,-3.590482473,Label_II
13-8-1-2,13,8,PreD,53,1,175,72,23.51020408,1,6,29.96,0,Medium,15356,180.3268572,0.720877558,1,5221,0.339997395,240,207,71,38,0,0,6,0.8625,0.295833333,0.158333333,0,0,0.025,7937.483102,1098.928437,1406.908381,0,1.548088819,0.11496386,0.005404701,0.012046624,0.08507521,0.072475093,0.022172299,0.185680797,0.919287621,0.011428013,0.084879859,0.002344208,0.45734844,0.233248681,0.986683597,1.376603503,1.27423976,0.391678062,16.57807514,6.239011526,0.000915051,10,0.474861532,-4.390254974,Label_IV
13-8-2-2,13,8,PreD,53,1,175,72,23.51020408,1,6,29.96,0,Medium,11818,154.3737882,0.725274244,1,2917,0.246826874,184,160,70,31,0,3,1,0.869565217,0.380434783,0.168478261,0,0.016304348,0.005434783,7415.372536,1532.870294,668.9433962,0,1.958837465,0.191302141,0.004738134,0.020560115,0.108638633,0.150689568,0.043277773,0.181995093,0.593916575,0.004061257,0.12619511,0.007530248,0.644005415,0.294525764,1.105338861,1.439969541,1.639817243,0.44804975,18.9653524,6.667019206,0,10,0.685437322,-4.217729568,Label_II
13-8-3-2,13,8,PreD,53,1,175,72,23.51020408,1,6,29.96,0,Medium,3642,91.80694613,0.725613307,1,935,0.256727073,47,46,0,1,0,0,0,0.978723404,0,0.021276596,0,0,0,2626.278891,0,94.97392259,0,1.973373593,0.089212188,0.002058743,0.014548449,0.006450727,0,0.026214658,0.241559155,0.280949767,0.001784244,0.065879769,0.003293988,0.643013999,0.204639034,0.952237167,1.696953061,1.335712325,0.479275323,15.75459786,4.470903102,0,10,0.578634381,-3.766217947,Label_IV
13-9-1-2,13,9,PreD,53,1,175,72,23.51020408,1,6,29.96,0,Large,21459,225.2620926,0.820138184,1,7270,0.338785591,318,208,185,72,0,18,12,0.65408805,0.581761006,0.226415094,0,0.056603774,0.037735849,7448.652889,4759.778192,2637.877074,0,1.35195713,0.110461323,0.005615098,0.010251631,0.293150047,0.214631873,0.03028891,0.226770736,1.117101584,0.016425909,0.367101584,0.003448276,0.351514445,0.313117428,1.105195713,1.068406337,1.808014911,0.452842498,29.22264678,8.359366263,0.229260611,10,1.611021876,-4.462907314,Label_II
13-9-2-2,13,9,PreD,53,1,175,72,23.51020408,1,6,29.96,0,Medium,18762,246.6758974,0.908323053,1,8470,0.451444409,325,182,159,109,0,2,28,0.56,0.489230769,0.335384615,0,0.006153846,0.086153846,5027.732026,2580.862442,3268.825774,0,1.003410968,0.071816874,0.023024037,0.004876619,0.190907637,0.130069818,0.020492459,0.176251133,1.379363641,0.01236476,0.165751745,0.001572243,0.241032884,1.343068806,1.239354048,0.938575921,1.561770506,0.576693493,25.30837286,8.634653307,0.07551032,10,1.475564837,-4.899579525,Label_II
14-1-1-2,14,1,PreD,60,1,175,70,22.85714286,3,5.9,2.86,0,Medium,12106,131.0491835,0.30459749,1,4765,0.393606476,155,120,52,10,24,1,12,0.774193548,0.335483871,0.064516129,0.15483871,0.006451613,0.077419355,5304.561824,1384.885603,239.9801768,763.936896,5.344883125,0.395184604,0.015280416,0.044148014,0.168827951,1.194226481,1.605641364,0.237507227,0.292640621,0,0.130461716,0.013463286,0.891261254,0.483150244,1.333030478,1.993846535,2.018914677,0.742545635,32.0287437,5.750722722,5.211593199,3,3.402272701,-2.704006433,Label_II
14-1-2-2,14,1,PreD,60,1,175,70,22.85714286,3,5.9,2.86,0,Medium,8458,159.1169307,0.864284947,1,2733,0.323126035,150,94,105,17,14,1,23,0.626666667,0.7,0.113333333,0.093333333,0.006666667,0.153333333,2900.657052,2639.687906,506.9400638,230.9726918,4.518382788,0.321905663,0.033219057,0.030086299,0.467312921,3.391358317,0.956614257,0.220593451,1.386393191,0.000236435,0.169405367,0.027958388,0.813689561,1.450998936,1.404303109,1.822792292,2.052488474,0.73891713,28.66402648,6.628856839,2.044090695,12,2.530936003,-1.740275264,Label_II
14-1-3-2,14,1,PreD,60,1,175,70,22.85714286,3,5.9,2.86,0,Medium,4611,116.2594254,0.884116792,1,1547,0.33550206,58,37,33,8,0,6,2,0.637931034,0.568965517,0.137931034,0,0.103448276,0.034482759,1721.626626,1127.755421,350.9238942,0,4.961188205,0.267671292,0.001626193,0.011600173,0.118928881,2.390611448,0.077406765,0.109605377,1.026669558,0,0.313313096,0.012359063,0.899826539,0.475715525,1.151452732,1.232111882,1.788269731,0.539028621,25.08727233,4.835429315,2.779023423,12,2.910876513,-2.128115177,Label_II
14-1-4-2,14,1,PreD,60,1,175,70,22.85714286,3,5.9,2.86,0,Medium,4525,97.0215393,0.719510125,1,1622,0.358453039,81,45,52,22,0,0,11,0.555555556,0.641975309,0.271604938,0,0,0.135802469,1278.717411,1293.714096,528.8831198,0,3.956031816,0.383230225,0.022978347,0.024745913,0.238068935,2.824016792,0.105501547,0.215642952,1.316725586,0,0.222050376,0.008506407,0.827772868,0.596774194,1.327330977,1.728236854,1.903336279,0.723707468,25.35472824,5.740167919,1.660135677,12,2.27843833,-2.023072243,Label_II
14-1-5-2,14,1,PreD,60,1,175,70,22.85714286,3,5.9,2.86,0,Medium,4308,84.23833265,0.571090887,1,1027,0.238393686,83,46,63,29,0,20,12,0.554216867,0.759036145,0.34939759,0,0.240963855,0.144578313,1321.6932,1725.599443,985.7711766,0,3.996054769,0.473311673,0.013576236,0.050591785,0.451148758,4.117196565,0.179159898,0.184265491,4.223833836,0.000348109,0.848340682,0.089347877,0.924344395,0.578092365,1.525876073,1.544789974,2.536551404,0.921559527,28.55070782,9.628684149,2.502423225,1,0.523018658,-1.928674817,Label_II
14-1-6-2,14,1,PreD,60,1,175,70,22.85714286,3,5.9,2.86,0,Medium,3957,106.844313,0.889339738,1,1790,0.452362901,64,55,13,0,4,0,7,0.859375,0.203125,0,0.0625,0,0.109375,1962.504042,152.9613441,0,66.98307226,5.903991915,0.320869126,0.004168772,0.02299141,0.08274381,0.353082365,0.30621526,0.318089944,0,0,0.03322385,0.011116726,0.895149065,0.403991915,1.224482062,2.322637696,1.646791309,0.599545225,27.99279939,4.214123295,5.211598705,3,3.373733997,-2.816302776,Label_II
14-2-1-2,14,2,PreD,60,1,175,70,22.85714286,3,5.9,2.86,0,Large,35697,245.2676356,0.615642219,1,7791,0.218253635,430,343,284,94,14,0,41,0.797674419,0.660465116,0.218604651,0.03255814,0,0.095348837,17905.4984,9921.722057,3751.894896,161.9954619,3.110706482,0.218863802,0.018852597,0.013081965,0.314247297,3.132976637,0.138102975,0.149280072,2.833380021,0.004972267,0.223976133,0.014286515,0.571684688,0.654266345,1.095103367,1.247590901,1.833758194,0.562076307,27.22470447,6.591755841,2.324069953,12,1.902283192,-1.208719492,Label_II
14-2-2-2,14,2,PreD,60,1,175,70,22.85714286,3,5.9,2.86,0,Medium,16756,175.4541891,0.675742973,1,3370,0.201121986,232,166,167,27,18,7,47,0.715517241,0.719827586,0.11637931,0.077586207,0.030172414,0.202586207,9218.449842,5338.681387,617.9631199,410.9754729,3.503371725,0.37136719,0.029480217,0.022438384,0.371725249,3.89490959,0.448349943,0.202840604,0.836814466,0.000328221,0.282329773,0.052336337,0.8535239,1.120188578,1.359342364,1.441755684,1.974130214,0.90615862,29.58739631,8.070448171,2.333750405,12,1.958329439,-1.437626719,Label_II
14-2-3-2,14,2,PreD,60,1,175,70,22.85714286,3,5.9,2.86,0,Medium,13565,178.4369847,0.831855724,1,1298,0.095687431,178,148,118,18,0,8,11,0.831460674,0.662921348,0.101123596,0,0.04494382,0.061797753,9492.300236,3866.714949,568.9580569,0,4.630657526,0.347854931,0.01146248,0.01835471,0.331895916,3.3982751,0.129551821,0.215981129,1.251363703,0.002063983,0.273588383,0.031549462,0.787151703,0.735404688,1.293343653,1.517322719,1.936200796,0.736326109,30.75309598,7.799977886,1.817869042,12,2.141629934,-1.653423786,Label_II
14-2-4-2,14,2,PreD,60,1,175,70,22.85714286,3,5.9,2.86,0,Medium,5015,152.9705022,0.953369253,1,128,0.02552343,69,54,50,18,6,4,2,0.782608696,0.724637681,0.260869565,0.086956522,0.057971014,0.028985507,3373.327352,1896.62181,784.8435008,54.98903509,4.648823764,0.511862041,0.00777512,0.026216108,0.421750399,4.903110048,0.289573365,0.304525518,3.974681021,0.002591707,0.36423445,0.022129187,1.21391547,0.634569378,1.423245614,1.845095694,2.456240032,0.869417863,30.14892344,7.735546252,2.745602486,12,1.545192599,-1.526756167,Label_II
14-3-1-2,14,3,PreD,60,1,175,70,22.85714286,3,5.9,2.86,0,Large,24481,190.4616762,0.461723094,1,8020,0.327600997,252,190,146,45,25,8,22,0.753968254,0.579365079,0.178571429,0.099206349,0.031746032,0.087301587,10350.5772,5286.784045,1113.954497,681.9721428,2.496997794,0.086144923,0.031635487,0.003186014,0.147843313,1.640348011,0.314741443,0.080671514,0.827648885,0.002021894,0.159239441,0.007699534,0.413426191,0.987603137,0.82826158,0.861285843,1.389612777,0.432909893,21.25939466,5.062433625,2.137953834,12,2.575201511,-1.614943147,Label_II
14-3-2-2,14,3,PreD,60,1,175,70,22.85714286,3,5.9,2.86,0,Medium,14630,186.814306,0.824708712,1,2851,0.194873548,209,157,169,9,0,7,15,0.751196172,0.80861244,0.043062201,0,0.033492823,0.071770335,6157.579113,6541.552867,209.9856469,0,2.52375094,0.133688743,0.019171622,0.006595585,0.260371813,3.774348985,0.083111202,0.095174629,0.152655321,0,0.1897683,0.006937325,0.522144761,0.487116397,0.981819425,0.939580343,1.735732349,0.498701387,25.42546648,6.948192195,2.52160017,12,1.779313207,-1.291085243,Label_II
14-3-3-2,14,3,PreD,60,1,175,70,22.85714286,3,5.9,2.86,0,Medium,4602,105.2367428,0.843294892,1,596,0.129508909,52,43,31,9,16,3,3,0.826923077,0.596153846,0.173076923,0.307692308,0.057692308,0.057692308,2688.415816,893.8057788,407.9113622,599.8696502,3.439713231,0.202259396,0.006191614,0.005974365,0.163697589,1.323810558,0.912231154,0.164240713,1.93449924,0.009558983,0.147295242,0.002172496,0.550510537,0.282424506,1.076363241,1.653269607,1.877797089,0.505974365,25.60536607,5.826091679,1.472311683,7,2.484697819,-2.248214245,Label_II
14-3-4-2,14,3,PreD,60,1,175,70,22.85714286,3,5.9,2.86,0,Medium,3949,83.25651484,0.493249478,1,921,0.233223601,80,1,71,7,19,0,4,0.0125,0.8875,0.0875,0.2375,0,0.05,4.998734177,2781.295696,117.9701266,230.941519,0.050506329,0.166455696,0.01,0.013037975,0.867721519,5.402025316,0.377341772,0.033164557,0.396582278,0,0.086202532,0.016962025,0.581265823,0.680632911,1.267594937,0.579240506,2.76,0.920886076,31.43227848,10.66886076,2.910366855,1,0.274435103,-1.013403058,Label_II
14-4-1-2,14,4,PreD,60,1,175,70,22.85714286,3,5.9,2.86,0,Medium,13917,150.5786752,0.587640116,1,1849,0.132859093,197,147,117,46,9,15,18,0.746192893,0.593908629,0.233502538,0.045685279,0.076142132,0.091370558,7804.439215,4024.710806,1453.895531,126.9908751,3.604037936,0.233079465,0.023207357,0.016417589,0.316173301,2.707644777,0.342577957,0.197837333,1.581477224,0.005712028,0.231211381,0.011100733,0.657960914,0.800617905,1.208542894,1.339201035,2.04156488,0.586039661,34.07281937,7.273063659,2.644186583,12,2.98551774,-1.669458508,Label_II
14-4-2-2,14,4,PreD,60,1,175,70,22.85714286,3,5.9,2.86,0,Medium,12426,142.696788,0.604786938,1,1422,0.11443747,153,126,106,27,0,0,19,0.823529412,0.692810458,0.176470588,0,0,0.124183007,7381.405971,4378.647622,755.9391647,0,4.048000322,0.191437998,0.016898688,0.012432606,0.349762614,3.505954776,0.107185966,0.151766315,0.946326547,0.002253158,0.193972801,0.005552426,0.726764304,0.569244387,1.156071457,1.300394303,2.029934819,0.60115072,34.49557415,7.18133902,2.381911466,12,2.667748451,-1.681885123,Label_II
14-5-1-2,14,5,PreD,60,1,175,70,22.85714286,3,5.9,2.86,0,Large,24471,257.4434611,0.870395205,1,4248,0.173593233,346,253,263,58,0,25,45,0.731213873,0.760115607,0.167630058,0,0.072254335,0.130057803,12238.49988,9692.603915,1325.945816,0,3.536878882,0.321060804,0.018408794,0.019185191,0.441974501,4.862965839,0.168723439,0.203600033,1.143184047,0.007130598,0.28644982,0.031341942,0.861045276,0.659263648,1.263852566,1.585342432,2.236127002,0.800567996,33.99007028,9.370791108,2.324297882,12,1.870297551,-1.206367254,Label_II
14-5-2-2,14,5,PreD,60,1,175,70,22.85714286,3,5.9,2.86,0,Medium,4893,108.5772825,0.812702476,1,774,0.158185162,75,65,35,0,0,0,9,0.866666667,0.466666667,0,0,0,0.12,3509.282795,811.8340826,0,0,4.268492031,0.387821823,0.003371475,0.025541479,0.353391908,1.461994279,0.123314262,0.282693094,0,0,0.280343277,0.006538619,1.307621577,0.561606048,1.428892521,2.136493666,2.685328974,0.870657949,36.36932979,7.818348999,5.21160421,7,2.816923857,-2.891315699,Label_II
14-6-1-2,14,6,PreD,60,1,175,70,22.85714286,3,5.9,2.86,0,Large,20682,260.7696916,0.905597262,1,5514,0.266608645,281,170,213,85,27,4,26,0.604982206,0.758007117,0.302491103,0.096085409,0.014234875,0.09252669,5835.717836,7683.628487,3082.85094,1080.947735,1.857467485,0.129913455,0.012087221,0.005729343,0.267151767,2.636875695,0.486148044,0.07764831,2.846323067,0.018106658,0.293211816,0.007832519,0.636126287,0.343663879,0.921433061,0.884083547,1.793115119,0.471280762,23.87286661,7.738650099,2.721576941,12,1.487612128,-1.600136995,Label_II
14-6-2-2,14,6,PreD,60,1,175,70,22.85714286,3,5.9,2.86,0,Medium,11585,156.5422384,0.728240315,1,4402,0.379974104,158,117,82,10,7,12,16,0.740506329,0.518987342,0.063291139,0.044303797,0.075949367,0.101265823,4620.601157,2478.786035,201.9825652,173.9849819,2.304246504,0.114448472,0.009019506,0.008242707,0.148929743,1.321940273,0.270153634,0.116735716,0.236492318,4.32E-05,0.223675125,0.007983774,0.626488866,0.138788193,0.794622821,1.265665458,1.785517003,0.419255999,23.6700328,5.476954946,5.211609716,7,2.828120708,-2.882357597,Label_II
14-6-3-2,14,6,PreD,60,1,175,70,22.85714286,3,5.9,2.86,0,Medium,9551,137.9422283,0.734942736,1,3460,0.362265731,118,56,69,55,0,7,15,0.474576271,0.584745763,0.466101695,0,0.059322034,0.127118644,1865.804648,1834.807894,2801.706658,0,1.354585427,0.070613484,0.046168342,0.007485343,0.069828308,1.037060302,0.019420017,0.109348827,3.866363065,0.015441792,0.331239531,0.00889866,0.494556114,0.815431323,0.730004188,0.763086265,1.458280988,0.407349246,21.09186558,5.25031407,0.587749651,7,2.015235186,-3.458295822,Label_II
14-7-1-2,14,7,PreD,60,1,175,70,22.85714286,3,5.9,2.86,0,Large,35944,255.4689392,0.687784334,1,10912,0.303583352,419,292,312,32,45,6,34,0.696897375,0.744630072,0.076372315,0.107398568,0.014319809,0.081145585,13811.61575,11234.68744,885.9753512,1172.967367,1.577868966,0.062679093,0.011670608,0.003143692,0.192711086,1.659535401,0.339894283,0.064264849,0.457073306,0.002489915,0.157699263,0.008749478,0.359980526,0.633746001,0.741758242,0.616177493,1.681332591,0.441994714,22.32983725,5.511281124,1.573807935,12,2.074052811,-1.883271575,Label_II
14-8-1-2,14,8,PreD,60,1,175,70,22.85714286,3,5.9,2.86,0,Large,38041,238.330175,0.48630601,1,8001,0.210325701,436,339,315,122,7,0,43,0.777522936,0.722477064,0.279816514,0.016055046,0,0.098623853,17420.54206,13169.6538,3475.908627,130.9965564,1.856842437,0.063758477,0.011934178,0.003456706,0.151740182,1.82855791,0.043057673,0.060985227,1.294437727,0.008056884,0.080187687,0.003036118,0.26006782,0.309276589,0.678171495,0.778047947,1.252221229,0.268519005,20.64710057,5.136139004,2.494750704,12,1.810036182,-1.308912277,Label_II
14-8-2-2,14,8,PreD,60,1,175,70,22.85714286,3,5.9,2.86,0,Medium,9484,123.9360082,0.481072097,1,1231,0.129797554,102,60,66,10,9,0,10,0.588235294,0.647058824,0.098039216,0.088235294,0,0.098039216,5233.448181,3112.671798,247.9738535,561.9407486,2.207854507,0.074855034,0.0085398,0.006273063,0.150184502,1.811649974,1.100421719,0.077385345,0.196309963,0.00010543,0.088560886,0.003848181,0.38028466,0.607221929,0.868634686,0.952187665,1.328360569,0.450079072,19.59599367,5.525672114,1.017944292,7,2.127915382,-2.398712635,Label_II
14-9-1-2,14,9,PreD,60,1,175,70,22.85714286,3,5.9,2.86,0,Large,26740,217.5126498,0.658793313,1,3892,0.145549738,343,226,303,29,0,7,41,0.658892128,0.883381924,0.084548105,0,0.020408163,0.119533528,10067.6235,15219.43084,622.9767024,0,1.607363225,0.101435997,0.011573988,0.005590666,0.309337721,3.437175124,0.065797839,0.075445944,0.36728245,0.002056767,0.118413672,0.008788003,0.419599117,0.532908268,0.919636513,0.755188662,1.765397704,0.510526906,26.76973561,7.336767511,2.322942027,12,1.837365985,-1.346751451,Label_II
14-9-2-2,14,9,PreD,60,1,175,70,22.85714286,3,5.9,2.86,0,Medium,6220,115.6267164,0.780813884,1,1430,0.229903537,65,55,24,3,4,2,3,0.846153846,0.369230769,0.046153846,0.061538462,0.030769231,0.046153846,3709.403633,1030.834271,231.962707,141.9771741,2.659379521,0.093152226,0.023147404,0.004500884,0.098858704,0.813856293,0.53456036,0.142983443,1.013181161,0.013583025,0.078202861,0.002973798,0.47010127,0.554090982,0.830654236,0.973959171,1.594036329,0.482478701,27.66934576,5.884423726,5.211615221,3,2.993296862,-2.643398046,Label_II
15-1-1-2,15,1,PreD,26,1,175,60,19.59183673,3,6.4,2.86,0,Medium,8913,124.115866,0.651895492,1,1082,0.121395714,151,123,105,112,0,2,4,0.814569536,0.695364238,0.741721854,0,0.013245033,0.026490066,4162.532982,3039.658963,3793.574377,0,1.664684766,0.079481714,0.004206866,0.003253309,0.078472066,0.751065739,0.015873906,0.133834418,4.242932466,0.058503478,0.172537581,0.009367287,0.57678932,1.16558223,0.822638546,0.779952883,0.783262284,0.373064842,11.09047566,5.885517164,4.565801487,8,-2.203119278,-1.338888168,Label_IV
15-2-1-2,15,2,PreD,26,1,175,60,19.59183673,3,6.4,2.86,0,Medium,13297,184.6998435,0.847317082,1,1813,0.136346544,214,150,205,81,0,6,32,0.700934579,0.957943925,0.378504673,0,0.028037383,0.14953271,5359.596932,8619.351782,1384.895849,0,1.934012633,0.240261693,0.023725372,0.009136712,0.448638893,6.979733795,0.141449842,0.077342458,1.181982253,0.021431794,0.169348774,0.044367574,0.689201384,1.080764025,1.069559332,0.860618138,1.725372236,0.736952925,23.19055497,13.0108287,4.186941421,1,-1.157722473,-0.952582061,Label_II
15-3-1-2,15,3,PreD,26,1,175,60,19.59183673,3,6.4,2.86,0,Large,23938,282.7659431,0.905159768,1,2865,0.119684184,411,278,397,165,0,62,15,0.676399027,0.96593674,0.401459854,0,0.150851582,0.03649635,8487.645432,15875.33681,3764.842725,0,1.72406951,0.263085342,0.010192573,0.016792681,0.558544634,7.525627637,0.163582439,0.086595096,2.038577217,0.048728017,0.274739964,0.055808513,1.09077238,1.176385814,1.221458708,0.968565938,2.131688876,2.335644764,23.24825598,14.1721041,4.109648516,1,-1.09553051,-1.061453342,Label_II
15-3-2-2,15,3,PreD,26,1,175,60,19.59183673,3,6.4,2.86,0,Medium,7391,118.3617261,0.725048039,1,802,0.10851035,137,104,115,90,0,24,7,0.759124088,0.839416058,0.656934307,0,0.175182482,0.051094891,3589.51434,3097.580898,2821.618236,0,2.332927489,0.267654221,0.01170184,0.015286797,0.375338203,4.345846861,0.138798701,0.109442641,5.863974567,0.143060065,0.344088203,0.118777056,0.922280844,1.305465368,1.326704545,1.076028139,1.656114719,0.678639069,17.88501082,12.93147998,5.164286707,8,-2.507522583,-1.845582843,Label_IV
15-5-1-2,15,5,PreD,26,1,175,60,19.59183673,3,6.4,2.86,0,Medium,11915,149.8362171,0.71815116,1,2469,0.207217793,227,200,162,77,0,0,1,0.881057269,0.713656388,0.339207048,0,0,0.004405286,5522.536506,4486.623447,1564.868664,0,1.61417422,0.093865391,0.000209802,0.00213998,0.169645854,1.691465257,0.025386036,0.178247734,1.262210473,0.02374958,0.174387378,0.00860188,0.768378651,1.215760322,1.018588453,0.940835851,1.283945955,0.503147029,14.6310423,9.090886203,4.424331167,4,-1.948764205,-3.059439898,Label_IV
15-5-2-2,15,5,PreD,26,1,175,60,19.59183673,3,6.4,2.86,0,Medium,7504,137.6312121,0.84046514,1,1916,0.25533049,149,115,78,52,0,0,0,0.771812081,0.523489933,0.348993289,0,0,0,3325.556829,2043.727648,1133.848901,0,1.514990007,0.067088608,0.000266489,0.000932712,0.127048634,1.124716855,0.021718854,0.175549634,1.411259161,0.02218521,0.113457695,0.004930047,0.675816123,1.3005996,0.926515656,0.857561626,1.097868088,0.405729514,11.21952032,6.693004664,4.356173294,4,-1.823624492,-3.090843678,Label_IV
15-6-1-2,15,6,PreD,26,1,175,60,19.59183673,3,6.4,2.86,0,Large,26564,221.9431678,0.711953149,1,11548,0.434723686,347,300,197,141,0,1,1,0.864553314,0.567723343,0.406340058,0,0.002881844,0.002881844,8486.680519,5282.801129,4542.828986,0,1.106644081,0.024524751,0.000414079,0.002484472,0.029493695,0.449557689,0.004347826,0.110483719,1.593205345,0.018708827,0.088763411,0.002842085,0.277959721,0.789158667,0.506342932,0.453115001,0.441294937,0.252117448,7.496442688,4.055505364,4.592716642,8,-2.015123367,-1.646658897,Label_III
15-7-1-2,15,7,PreD,26,1,175,60,19.59183673,3,6.4,2.86,0,Large,20711,187.7435635,0.601391153,1,3842,0.185505287,320,251,262,146,0,0,14,0.784375,0.81875,0.45625,0,0,0.04375,8322.598156,9055.562766,3900.811655,0,1.37461375,0.105759946,0.007556006,0.005383353,0.184965238,2.224241985,0.037635187,0.129828119,2.006035149,0.034424488,0.137649672,0.021243723,0.763180765,1.205653727,0.98865392,0.873068752,1.2824691,0.554340479,13.50473156,8.209226535,4.600868968,8,-2.089381695,-1.560903668,Label_IV
15-9-1-2,15,9,PreD,26,1,175,60,19.59183673,3,6.4,2.86,0,Medium,10521,121.6636623,0.316163595,1,3540,0.336469917,167,117,108,55,0,1,0,0.700598802,0.646706587,0.329341317,0,0.005988024,0,3598.657955,2966.718019,1416.86533,0,1.931334347,0.084679719,0.000475195,0.006842806,0.041579548,0.619796617,0.026278274,0.166840905,1.324605588,0.017011975,0.089431667,0.010454286,0.657574606,1.111718305,0.9043908,0.854400304,0.80151112,0.430859152,10.20590192,5.733700817,4.412978271,4,-1.778025627,-3.25109148,Label_IV
15-9-2-2,15,9,PreD,26,1,175,60,19.59183673,3,6.4,2.86,0,Medium,4059,98.48596586,0.706012604,1,707,0.174180833,84,19,3,35,75,0,1,0.226190476,0.035714286,0.416666667,0.892857143,0,0.011904762,211.9477833,11.99704433,650.8396552,2897.286207,0.509852217,0.076600985,0.001970443,0.009852217,0.417118227,0.003325123,11.52044335,0.281773399,1.486945813,0.023399015,0.062315271,0.009605911,0.520566502,0.932142857,0.785714286,0.472660099,0.912438424,0.302586207,7.190394089,5.725369458,4.533584575,14,0.567552686,0.239771366,Label_IV
16-1-1-2,16,1,PreD,65,0,160,55,21.484375,5,5.8,3.87,0,Medium,11647,172.6350956,0.838119307,1,1780,0.152829055,214,151,161,119,29,22,37,0.705607477,0.752336449,0.556074766,0.135514019,0.102803738,0.172897196,5452.531851,4216.637964,2796.759873,398.9657452,20.19492617,0.895218063,0.027944712,0.206387363,0.255194025,23.51802885,2.072415865,0.321299794,3.171875,0.065504808,0.534984547,0.060997596,0.934151786,0.897235577,2.156421703,1.097484547,1.452180632,1.228064904,19.27275069,6.325334821,15.33627358,5,0.432055771,4.119626045,Label_V
16-10-1-2,16,10,PreD,65,0,160,55,21.484375,5,5.8,3.87,0,Large,34493,378.725707,0.934526126,1,4231,0.122662569,575,408,510,192,99,36,59,0.709565217,0.886956522,0.333913043,0.172173913,0.062608696,0.102608696,14505.57946,20162.41546,3976.884705,2002.941932,24.25689975,1.290702731,0.057604221,0.381515626,0.820258596,40.01430684,3.415434568,0.781121354,4.508697165,0.100872616,0.830637212,0.400591407,1.994810692,2.015234534,3.687032527,1.695483272,2.523032991,2.242969792,26.32679596,11.79528324,13.21906056,9,0.063535124,4.483884335,Label_V
16-10-2-2,16,10,PreD,65,0,160,55,21.484375,5,5.8,3.87,0,Medium,9897,153.977765,0.817773605,1,1070,0.10811357,189,118,154,43,15,2,15,0.624338624,0.814814815,0.227513228,0.079365079,0.010582011,0.079365079,3556.640634,6010.392706,827.9163467,231.9765609,22.94564558,1.181046676,0.054202869,0.358809861,0.868559305,42.32541928,2.406395231,0.902707618,3.351838755,0.079308951,0.705243484,0.470549606,1.848706809,2.419680744,3.463730046,1.824964639,2.554101839,2.026773085,28.54086684,10.19721156,13.27880205,9,-0.044680823,4.728973389,Label_V
16-10-3-2,16,10,PreD,65,0,160,55,21.484375,5,5.8,3.87,0,Medium,4143,104.5931924,0.809671451,1,189,0.045619117,80,67,17,14,24,8,12,0.8375,0.2125,0.175,0.3,0.1,0.15,3025.269788,431.8957529,238.9423263,740.8211873,33.8058639,1.381394788,0.06515444,0.490226834,0.430743243,8.824565637,9.670728764,1.170125483,2.637789575,0.048503861,0.754705598,0.167953668,2.050434363,2.00796332,3.884893822,2.245897683,2.007722008,2.271235521,24.98841699,8.340612934,15.35876712,5,1.141851544,3.173724413,Label_V
16-2-1-2,16,2,PreD,65,0,160,55,21.484375,5,5.8,3.87,0,Medium,9383,124.6329326,0.594164485,1,1042,0.111051902,165,102,156,58,12,22,22,0.618181818,0.945454545,0.351515152,0.072727273,0.133333333,0.133333333,2888.692136,7152.237745,1372.853687,242.9741049,12.79433078,0.769820972,0.011082694,0.135656436,0.485560529,36.68813939,1.682544757,0.309516198,1.948049872,0.032821824,0.409313725,0.122815431,0.993179881,1.020247229,1.952791986,0.916293691,2.020247229,1.214247656,22.5741688,7.50831202,12.60871818,9,-0.651154518,5.048684597,Label_V
16-2-2-2,16,2,PreD,65,0,160,55,21.484375,5,5.8,3.87,0,Medium,7171,108.30282,0.599020368,1,652,0.090921768,140,101,112,60,20,4,15,0.721428571,0.8,0.428571429,0.142857143,0.028571429,0.107142857,4137.423034,2876.598857,1377.807864,437.9389292,19.52460959,1.004252649,0.015407139,0.32522309,0.253555494,18.15846347,2.474414389,0.293432794,2.37374512,0.039249861,0.296151701,0.079336308,1.283951478,0.941857223,2.348786949,1.193600112,1.444227552,1.450013943,19.09906581,6.876324596,14.39082942,5,0.504293025,3.835103512,Label_V
16-3-1-2,16,3,PreD,65,0,160,55,21.484375,5,5.8,3.87,0,Medium,4262,102.1860422,0.829602595,1,627,0.147114031,84,46,77,49,0,20,14,0.547619048,0.916666667,0.583333333,0,0.238095238,0.166666667,1310.69247,2648.378607,1059.751349,0,15.96680741,0.780201736,0.03436547,0.137227305,0.374501525,27.6803894,0.988623035,0.276331222,3.221792165,0.059465165,0.587614356,0.080928923,1.119047619,0.767182735,1.966690124,0.948275862,1.939127375,1.281843772,20.96844945,6.133591368,13.27879104,9,-0.044100579,4.546769619,Label_V
16-4-1-2,16,4,PreD,65,0,160,55,21.484375,5,5.8,3.87,0,Large,41995,312.0627067,0.771414864,1,6562,0.156256697,533,375,483,244,19,75,63,0.703564728,0.90619137,0.457786116,0.03564728,0.140712946,0.118198874,14410.65685,23369.44352,6215.851986,307.992666,21.58580579,1.086484427,0.035205734,0.236820173,0.638727498,37.86798743,1.615022859,0.604188494,2.378607486,0.043432708,0.704924279,0.29612344,1.652943137,1.759667587,2.981022002,1.498190304,2.930743404,1.872749786,29.1863987,10.43610106,13.26562898,9,0.036486834,4.548231602,Label_V
16-5-1-2,16,5,PreD,65,0,160,55,21.484375,5,5.8,3.87,0,Medium,9896,190.4618824,0.908025835,1,1563,0.157942603,198,139,130,68,6,30,31,0.702020202,0.656565657,0.343434343,0.03030303,0.151515152,0.156565657,4808.514095,3597.636455,1529.845408,92.99060321,25.5702233,1.135798727,0.046529251,0.417449732,0.402041023,20.24042639,1.359704961,0.535717894,4.226886935,0.079316965,0.846114984,0.129736284,1.461452966,2.0337476,3.018642013,1.449580681,1.942204708,1.879306861,25.90633525,8.633070627,14.35367588,5,0.594375432,3.649894953,Label_V
16-6-1-2,16,6,PreD,65,0,160,55,21.484375,5,5.8,3.87,0,Medium,10948,159.5745925,0.808301233,1,1142,0.10431129,212,157,149,53,0,16,66,0.740566038,0.702830189,0.25,0,0.075471698,0.311320755,6435.412184,4461.592474,761.9304046,0,32.96995159,1.478765184,0.06845374,0.557722166,0.662069595,26.60667641,1.741163577,0.774408622,2.208466527,0.014978537,0.80687734,0.287560508,1.897342223,2.285733857,4.185587725,2.078774317,2.636313819,2.958717691,31.98461047,10.69841995,15.40804419,5,0.650319338,3.607547998,Label_V
16-6-2-2,16,6,PreD,65,0,160,55,21.484375,5,5.8,3.87,0,Medium,10860,189.4959127,0.879248487,1,1143,0.105248619,192,112,146,45,0,38,45,0.583333333,0.760416667,0.234375,0,0.197916667,0.234375,4431.591934,5567.48734,1034.904705,0,23.30673971,1.200441948,0.058788325,0.420633459,0.671577203,32.99419943,1.662139766,0.798637326,3.007734094,0.044655188,0.96933984,0.294217844,1.7742381,2.233634104,3.490838781,1.795460823,2.716232391,2.240447473,30.33813645,10.14179173,13.68647019,5,0.093528897,4.082362652,Label_V
16-6-3-2,16,6,PreD,65,0,160,55,21.484375,5,5.8,3.87,0,Medium,5444,98.85256879,0.693457797,1,508,0.09331374,102,71,95,8,0,9,22,0.696078431,0.931372549,0.078431373,0,0.088235294,0.215686275,2352.56786,3715.317539,114.9788797,0,25.7456382,1.244995409,0.054545455,0.330119376,0.755922865,43.62635445,1.69513315,0.857575758,0.920018365,0.008080808,0.921854913,0.247015611,1.702203857,2.086960514,3.269788797,1.752892562,3.159871442,1.958585859,29.53774105,9.345546373,13.27879655,9,-0.056099992,4.752912045,Label_V
16-7-1-2,16,7,PreD,65,0,160,55,21.484375,5,5.8,3.87,0,Medium,12320,161.0897589,0.728936292,1,4212,0.341883117,234,133,169,67,0,3,0,0.568376068,0.722222222,0.286324786,0,0.012820513,0,3737.696616,4179.660742,1118.909179,0,2.581933285,0.214633552,0.000689879,0.033763493,0.068866163,4.419162406,0.168858047,0.095812028,0.971025079,0.004869735,0.04812921,0.024470416,0.621946271,1.043746449,1.255863972,0.424478533,0.571301031,1.025890756,4.699618537,2.676243811,15.02627643,5,-0.757736504,3.600270987,Label_IV
16-8-1-2,16,8,PreD,65,0,160,55,21.484375,5,5.8,3.87,0,Medium,6933,132.8465138,0.830748891,1,1375,0.198326843,147,121,74,30,34,12,16,0.823129252,0.503401361,0.204081633,0.231292517,0.081632653,0.108843537,4083.411018,1357.804153,344.9502452,535.9226997,30.80516297,1.305667724,0.062590136,0.498702048,0.360902798,13.67955004,4.466397462,0.865517739,1.096481108,0.006922411,0.708393424,0.141837323,1.472959331,1.516512835,3.325137006,2.010095183,1.945702336,1.900778771,29.36638304,8.064104413,15.23084438,5,1.099888444,3.377351761,Label_V
16-8-2-2,16,8,PreD,65,0,160,55,21.484375,5,5.8,3.87,0,Medium,6216,116.5705189,0.799255111,1,1409,0.226673102,117,105,46,28,6,9,7,0.897435897,0.393162393,0.239316239,0.051282051,0.076923077,0.05982906,3770.393437,581.9063857,744.8801673,60.99018819,32.89198971,1.181518417,0.054769181,0.354592247,0.30561364,6.795962683,1.093775133,0.792504423,2.200659482,0.026218433,0.796686505,0.078976999,1.570612836,1.603506514,3.22816471,1.699292263,1.71569889,1.672671707,26.07873572,8.269342126,15.4080497,5,1.109462023,3.116458654,Label_V
16-8-3-2,16,8,PreD,65,0,160,55,21.484375,5,5.8,3.87,0,Medium,4823,92.24457319,0.659991482,1,1068,0.221438938,102,89,23,31,7,9,11,0.87254902,0.225490196,0.303921569,0.068627451,0.088235294,0.107843137,3378.299544,299.9378109,330.9313847,86.98196517,36.63567579,1.366086235,0.057524876,0.482483416,0.277155887,4.681799337,1.735696517,0.714552239,1.128005804,0.002487562,0.711961028,0.13619403,1.611111111,1.644589552,3.557939469,1.875621891,1.630078773,1.978130182,24.14376036,8.299129353,15.4080552,5,1.097604275,3.156135798,Label_V
16-8-4-2,16,8,PreD,65,0,160,55,21.484375,5,5.8,3.87,0,Medium,4752,106.5948846,0.835663845,1,1002,0.210858586,87,65,52,19,0,6,0,0.747126437,0.597701149,0.218390805,0,0.068965517,0,2653.441616,1131.761835,228.9518199,0,32.19503471,1.251209762,0.052282769,0.447086051,0.332842415,17.14369872,1.302019777,0.838838628,1.396696823,0.019250999,0.720913108,0.159793814,1.618451504,1.713338944,3.433620871,1.810751105,2.02082895,1.995160951,23.46549548,7.915001052,15.40806071,5,0.758662999,3.489579678,Label_V
16-8-5-2,16,8,PreD,65,0,160,55,21.484375,5,5.8,3.87,0,Medium,3722,71.66936639,0.281570622,1,361,0.096990865,68,45,67,0,0,4,0,0.661764706,0.985294118,0,0,0.058823529,0,702.8111738,2974.200913,0,0,17.17244158,0.977571851,0.042976095,0.281090518,0.80002686,48.66787537,1.423986033,0.677007789,0.131345689,0,0.685065807,0.257990868,1.205882353,1.348777867,2.651759334,1.34085415,2.567015847,3.419688423,25.67082998,8.446682783,12.2829625,9,-0.974054396,5.236487865,Label_V
16-9-1-2,16,9,PreD,65,0,160,55,21.484375,5,5.8,3.87,0,Large,27995,312.6001274,0.912056911,1,4129,0.147490623,396,297,256,86,23,47,86,0.75,0.646464646,0.217171717,0.058080808,0.118686869,0.217171717,14845.46971,9466.661845,1761.937062,547.9804258,23.17566795,1.208315474,0.082815402,0.360622946,0.661576654,20.27991499,1.527021717,1.1471996,0.939794971,0.015341477,0.88026861,0.307543935,2.120124303,2.188384055,3.63434062,2.126821689,3.358783398,2.061830261,34.49301686,12.09715674,14.98983362,5,0.469372988,2.980107546,Label_V
16-9-2-2,16,9,PreD,65,0,160,55,21.484375,5,5.8,3.87,0,Medium,10689,135.9444671,0.669199821,1,827,0.077369258,172,94,149,98,0,31,48,0.546511628,0.86627907,0.569767442,0,0.180232558,0.279069767,2282.786436,6821.361833,3314.689897,0,12.02310571,0.920860617,0.101356408,0.221515435,0.902057998,36.01468662,1.166136576,0.917165575,4.478671656,0.078250702,1.108606174,0.492984097,1.970018709,1.587932647,3.040645463,1.500280636,3.710243218,1.772357343,30.8984565,13.655145,11.47722545,9,-1.009697437,4.138579369,Label_V
17-1-1-2,17,1,PreD,20,1,176,65,20.9839876,3,5.7,2.59,0,Medium,13817,142.6538041,0.486389784,1,2445,0.176955924,255,211,192,76,0,8,0,0.82745098,0.752941176,0.298039216,0,0.031372549,0,6421.535244,5115.629758,1355.901867,0,14.99985526,2.117853524,0.36427124,1.192972934,0.771710812,38.9371472,1.715226516,0.734657693,1.342994645,0,0.585106383,0.166811405,1.531625416,1.213670575,2.643255174,2.210956723,1.949848024,1.511940947,28.60551455,5.337566942,12.58066305,9,-0.494268715,4.994560719,Label_V
17-1-2-2,17,1,PreD,20,1,176,65,20.9839876,3,5.7,2.59,0,Medium,8643,131.7667285,0.763465911,1,1604,0.185583709,174,115,115,115,0,33,0,0.66091954,0.66091954,0.66091954,0,0.189655172,0,2694.688223,2982.654905,2852.669944,0,11.60394493,1.867827395,0.300844516,1.048125868,0.916705229,33.59150856,1.392179547,0.85406062,3.842491902,5.78E-05,0.930876909,0.199849607,1.368521518,1.086649699,2.537077742,2.2454882,2.302001388,1.528054142,26.19094169,6.191288755,12.58066856,9,-0.655408442,4.819098473,Label_V
17-1-3-2,17,1,PreD,20,1,176,65,20.9839876,3,5.7,2.59,0,Medium,7850,111.4041185,0.552991321,1,1579,0.201146497,140,101,101,17,0,4,0,0.721428571,0.721428571,0.121428571,0,0.028571429,0,3599.54146,2831.639282,315.9597504,0,14.72436632,2.07916189,0.341930964,1.152783085,0.785505031,37.8454337,1.683479811,0.69360591,0.918991211,0,0.488854923,0.168067762,1.365049038,1.287797733,2.55846389,2.265762323,1.737549357,1.538466437,28.62628964,5.041778117,12.5855297,9,-0.379891396,4.97541666,Label_V
17-10-1-2,17,10,PreD,20,1,176,65,20.9839876,3,5.7,2.59,0,Medium,10678,168.2887129,0.853271878,1,1299,0.121651995,185,140,140,43,0,43,0,0.756756757,0.756756757,0.232432432,0,0.232432432,0,4945.536848,5133.519243,777.9271467,0,9.570652683,1.756297406,0.284436745,0.926959453,0.988716172,40.41066579,1.420451353,0.781861598,1.419468115,0.000140463,0.97232887,0.1236539,1.316836782,1.523082686,2.487358367,1.986936979,2.52818616,1.55098792,31.37578425,6.59490589,12.28296801,9,-1.001366377,4.946582794,Label_V
17-10-2-2,17,10,PreD,20,1,176,65,20.9839876,3,5.7,2.59,0,Medium,10212,133.5710327,0.619868195,1,673,0.065902859,198,142,183,85,0,0,0,0.717171717,0.924242424,0.429292929,0,0,0,4803.529619,6912.323118,1947.809263,0,8.99525115,1.796484872,0.278958191,0.980417115,1.245863116,56.20532654,1.646969549,0.685547831,2.088906296,0,0.621854499,0.181288554,1.394937824,1.653725644,2.403113679,1.742925683,2.623910702,2.022569274,25.01047684,7.04792911,13.33079663,9,-1.617259145,5.616120338,Label_V
17-2-1-2,17,2,PreD,20,1,176,65,20.9839876,3,5.7,2.59,0,Medium,13688,168.2062576,0.782273087,1,1704,0.124488603,270,175,233,148,0,23,0,0.648148148,0.862962963,0.548148148,0,0.085185185,0,3558.74001,7755.433414,3971.70984,0,10.76240047,1.900942362,0.320037987,1.027759515,1.071298123,51.48915187,1.652385127,0.635546789,3.214003945,7.31E-05,0.836291913,0.263423187,1.37654321,1.36361312,2.487435167,1.683833735,2.23449485,1.493644532,23.85013515,6.529731902,13.37078601,9,-1.378889322,5.534756184,Label_V
17-2-2-2,17,2,PreD,20,1,176,65,20.9839876,3,5.7,2.59,0,Medium,9965,200.6381378,0.920557538,1,3481,0.349322629,191,127,110,53,0,8,0,0.664921466,0.57591623,0.277486911,0,0.041884817,0,3265.672286,2354.763697,1270.872466,0,12.51916516,1.783915312,0.231135862,0.984948826,0.654274533,26.17384106,1.251956653,0.834236404,1.689895645,0.000100341,0.552980132,0.146397752,1.418272125,1.39704997,2.484146097,2.473660446,1.738159743,1.359271523,24.27674092,5.08739715,12.87226615,9,-0.357911617,4.607600212,Label_V
17-3-1-2,17,3,PreD,20,1,176,65,20.9839876,3,5.7,2.59,0,Medium,7861,145.0278189,0.853245192,1,1338,0.170207353,160,83,141,45,2,10,0,0.51875,0.88125,0.28125,0.0125,0.0625,0,1931.754261,4691.403205,822.8953193,9.998728059,10.16204528,1.696069702,0.302403968,0.928962096,0.859641313,49.30443907,1.589417451,0.594314424,1.185385398,0,0.606652251,0.203383363,1.280081404,1.949058764,2.299987281,1.77931824,1.856397863,1.330704655,22.63959552,5.217565505,13.37079151,9,-1.325989723,5.443819523,Label_V
17-3-2-2,17,3,PreD,20,1,176,65,20.9839876,3,5.7,2.59,0,Medium,4909,89.64313755,0.613497183,1,1854,0.377673661,80,56,43,22,0,2,0,0.7,0.5375,0.275,0,0.025,0,1993.59389,841.8285132,520.89389,0,13.89714868,1.831873727,0.255702648,1.01089613,0.562830957,16.50254582,1.22688391,0.867413442,1.692464358,0,0.499694501,0.105498982,1.243991853,1.124541752,2.414358452,2.69694501,1.424236253,1.296843177,25.41598778,4.559674134,14.40749045,5,0.206496075,3.139676571,Label_V
17-3-3-2,17,3,PreD,20,1,176,65,20.9839876,3,5.7,2.59,0,Medium,4894,86.40019681,0.499069076,1,1366,0.279117286,94,83,22,36,5,0,0,0.882978723,0.234042553,0.382978723,0.053191489,0,0,2602.468233,358.9266599,780.8404494,114.9765066,15.61184883,1.931869254,0.323799796,1.146884576,0.487640449,6.298263534,1.815015322,0.86721144,2.538917263,0,0.611235955,0.103983657,1.409499489,1.545250255,2.635137896,2.644433095,1.273544433,1.445045965,28.06128703,4.516649642,3.16354108,12,1.77169013,-0.676087558,Label_V
17-3-4-2,17,3,PreD,20,1,176,65,20.9839876,3,5.7,2.59,0,Medium,3807,77.15720963,0.554350805,1,831,0.218282112,62,47,48,29,0,12,0,0.758064516,0.774193548,0.467741935,0,0.193548387,0,1178.690389,1599.579832,616.8379727,0,11.39377626,1.832195378,0.289522059,1.00157563,0.833508403,34.46074055,1.398109244,0.708902311,2.505514706,0.004989496,0.860162815,0.164653361,1.167279412,1.253151261,2.370404412,2.082064076,2.121060924,1.444721639,26.46901261,5.621980042,12.58067406,9,-0.564107239,4.921899319,Label_V
17-4-1-2,17,4,PreD,20,1,176,65,20.9839876,3,5.7,2.59,0,Large,25773,235.5049773,0.79317685,1,12095,0.469289567,229,184,130,135,0,3,0,0.80349345,0.56768559,0.589519651,0,0.013100437,0,8624.66536,4027.843718,5129.800962,0,6.25865213,0.946360674,0.113253666,0.486789012,0.281950803,12.66095678,0.704508419,0.190502056,3.022289905,1.94E-05,0.249398619,0.048653682,0.859587181,0.858520214,1.166543804,0.823543105,0.816772717,0.742861023,11.60169163,3.325444246,13.24977997,9,-0.353229642,4.165827751,Label_IV
17-4-2-2,17,4,PreD,20,1,176,65,20.9839876,3,5.7,2.59,0,Medium,10189,125.6924974,0.503282133,1,2954,0.289920503,169,136,78,112,0,0,0,0.804733728,0.461538462,0.662721893,0,0,0,3869.620216,1269.875368,3281.67792,0,6.371540726,1.180127576,0.085574092,0.550736016,0.259421001,8.77423945,0.780716389,0.335181551,5.701128557,0,0.190529931,0.039990186,1.540235525,0.992443572,1.625171737,1.521148184,1.122080471,0.929980373,13.36334642,5.508783121,15.65468566,5,-0.011521313,2.565412045,Label_IV
17-4-3-2,17,4,PreD,20,1,176,65,20.9839876,3,5.7,2.59,0,Medium,4572,91.37064333,0.702584976,1,463,0.101268591,89,73,61,30,0,7,0,0.820224719,0.685393258,0.337078652,0,0.078651685,0,2923.360595,1573.655806,473.8963481,0,12.13962388,1.966105401,0.369997813,1.029302427,0.810736934,31.23321671,1.4357096,0.701508856,1.397113492,0,0.737371529,0.161382025,1.495298491,1.794554997,2.33500984,1.937896348,1.830527006,4.685108244,29.57894161,6.220533567,12.8736629,9,-0.655055344,4.568368435,Label_V
17-6-1-2,17,6,PreD,20,1,176,65,20.9839876,3,5.7,2.59,0,Medium,15500,161.4589371,0.636975682,1,4061,0.262,275,197,185,155,57,0,119,0.716363636,0.672727273,0.563636364,0.207272727,0,0.432727273,5347.65499,5147.667892,3379.78195,957.9381975,4.333075285,0.949229082,0.047867879,0.410586414,0.291142507,7.178375589,1.986742791,0.330623831,5.345590607,6.45E-05,0.23401716,0.059318754,0.967034385,1.180439972,1.31697955,1.119992259,0.992355332,0.838429779,10.09121992,4.912908845,15.65786952,5,-0.129978135,2.514226913,Label_IV
17-6-2-2,17,6,PreD,20,1,176,65,20.9839876,3,5.7,2.59,0,Medium,11193,182.9856368,0.894529418,1,4607,0.411596534,100,85,38,12,32,3,38,0.85,0.38,0.12,0.32,0.03,0.38,4270.618456,1246.888601,514.9539932,1377.876898,4.618634983,0.890611042,0.02751474,0.382392353,0.159147758,2.087904234,2.920269787,0.419644452,1.013578703,8.93E-05,0.070841522,0.013489369,1.172905128,1.659549759,1.329328212,1.393603716,1.070484188,0.894139718,11.54127211,4.676389137,4.346913289,14,0.471359581,-0.389479607,Label_IV
17-6-3-2,17,6,PreD,20,1,176,65,20.9839876,3,5.7,2.59,0,Medium,10280,217.1549636,0.921496993,1,2233,0.217217899,128,103,70,15,25,0,53,0.8046875,0.546875,0.1171875,0.1953125,0,0.4140625,5703.44519,2445.762085,253.9752942,581.9433907,6.405456668,1.11409396,0.047563467,0.494747593,0.203628052,4.298511818,1.724297247,0.372337321,0.760042797,9.73E-05,0.119346367,0.02115553,1.348847388,1.749100282,1.488571151,1.437506079,1.292092209,0.947427293,15.60057387,5.704941154,3.58012807,14,1.302024126,-0.398090869,Label_IV
17-6-4-2,17,6,PreD,20,1,176,65,20.9839876,3,5.7,2.59,0,Medium,7121,132.2406282,0.832918711,1,863,0.121190844,129,96,81,64,23,0,65,0.744186047,0.627906977,0.496124031,0.178294574,0,0.503875969,3280.539315,2474.652485,1927.72929,514.9276889,5.694748666,1.119278293,0.055391744,0.455981466,0.362327998,6.530047739,2.164349902,0.322030329,6.076242628,0.00014041,0.318098849,0.060797529,1.170036507,1.431690536,1.507371525,1.185902836,1.24747262,0.933164841,12.25189553,6.117523168,15.67851457,5,0.075778671,2.296521902,Label_IV
17-6-5-2,17,6,PreD,20,1,176,65,20.9839876,3,5.7,2.59,0,Medium,3971,96.45011937,0.582550746,1,1956,0.492571141,37,20,16,6,15,0,11,0.540540541,0.432432432,0.162162162,0.405405405,0,0.297297297,718.8189829,625.8423968,93.97633434,698.8240181,3.124748238,0.731243706,0.024295065,0.277819738,0.262336354,1.952291037,3.802995972,0.346550856,0.552240685,0.000251762,0.038267875,0.014350453,1.042799597,2.312940584,1.139098691,1.045694864,1.039023162,0.675478348,7.952416918,3.885196375,4.53581634,14,0.42392379,-0.241122633,Label_IV
17-7-1-2,17,7,PreD,20,1,176,65,20.9839876,3,5.7,2.59,0,Medium,5304,113.86887,0.823879474,1,1507,0.284125189,91,81,42,4,11,0,7,0.89010989,0.461538462,0.043956044,0.120879121,0,0.076923077,2886.455796,1015.808483,79.98491989,229.9566447,5.759377945,1.080961357,0.053063148,0.451649387,0.189161169,3.326390198,1.789443921,0.411875589,0.305843544,0,0.066069746,0.034967012,1.059566447,1.521583412,1.410084826,1.542789821,1.066540999,1.102073516,15.57191329,5.336475024,2.910383371,1,1.104799032,-1.614922523,Label_IV
17-8-1-2,17,8,PreD,20,1,176,65,20.9839876,3,5.7,2.59,0,Medium,9146,117.5587518,0.504813726,1,2647,0.289416138,127,98,86,17,44,0,1,0.771653543,0.677165354,0.133858268,0.346456693,0,0.007874016,3056.665792,3168.653548,432.9526621,795.9129769,5.863069859,1.148573303,0.053952115,0.502787799,0.40772931,12.99546299,3.34426588,0.39291571,0.685415983,0.000109325,0.101235378,0.049360446,1.459440254,0.765332896,1.51661747,1.529791188,1.439215043,0.745435662,16.49196458,5.374658358,15.10028562,5,-0.286154062,3.191396713,Label_IV
17-8-2-2,17,8,PreD,20,1,176,65,20.9839876,3,5.7,2.59,0,Medium,4584,84.35898271,0.519183614,1,1098,0.239528796,106,70,67,15,11,0,1,0.660377358,0.632075472,0.141509434,0.103773585,0,0.009433962,1961.572083,1549.661941,250.9452563,153.9664122,7.025736096,1.332279171,0.081570338,0.569465649,0.450817884,12.85648855,1.643402399,0.566630316,0.612977099,0.000218103,0.114394766,0.082115594,1.402835333,0.839803708,1.794220284,1.950926936,1.464122137,0.859214831,16.8825518,5.921374046,14.95369018,5,-0.233646795,2.977720976,Label_IV
17-8-3-2,17,8,PreD,20,1,176,65,20.9839876,3,5.7,2.59,0,Medium,3721,87.69847255,0.730047399,1,763,0.205052405,79,44,55,16,29,7,0,0.556962025,0.696202532,0.202531646,0.367088608,0.088607595,0,787.7882859,1715.538958,470.8734551,578.8444385,4.141859215,1.076303063,0.039360559,0.443310048,0.676249328,16.49717894,4.704594304,0.427592692,1.443175712,0.000268673,0.184040838,0.077646427,1.215475551,1.285330467,1.563272434,1.439145621,1.56380978,0.824825363,13.17262225,5.491536808,11.67316485,9,-1.224862576,4.381070137,Label_IV
17-9-1-2,17,9,PreD,20,1,176,65,20.9839876,3,5.7,2.59,0,Medium,19173,192.5227683,0.74455384,1,2106,0.109841965,337,279,222,118,11,31,0,0.827893175,0.658753709,0.350148368,0.03264095,0.091988131,0,10825.43538,6800.645301,2115.889642,171.9910295,10.4502712,1.541723167,0.258709711,0.892067383,0.643814541,30.40388025,1.357880463,0.675732763,1.549650568,2.61E-05,0.663059351,0.085245645,0.925889225,1.505032857,2.047277563,1.68767602,1.641702305,1.217299468,25.52918014,4.172551372,12.58067957,9,-0.535960436,4.985209942,Label_V
18-10-1-2,18,10,PreD,44,1,172,70,23.66143862,2,5.9,5.91,0,Medium,12035,158.6064553,0.731680704,1,2912,0.241960947,208,134,146,53,0,38,0,0.644230769,0.701923077,0.254807692,0,0.182692308,0,4448.630359,4211.65005,1350.887753,0,16.88368229,2.108217016,0.394483217,1.554253905,0.601902625,29.64539714,2.100614822,0.545446992,9.332917913,0.304212363,0.850448654,0.149135926,1.092347956,1.640910602,2.791292788,1.405450316,1.950191093,2.668079096,28.13488701,9.721335992,13.636016,5,-0.241039962,3.835193872,Label_V
18-10-2-2,18,10,PreD,44,1,172,70,23.66143862,2,5.9,5.91,0,Medium,4880,113.9889176,0.783697562,1,1731,0.354713115,93,48,73,13,0,13,0,0.516129032,0.784946237,0.139784946,0,0.139784946,0,1288.735915,1883.614014,176.9637369,0,13.28457283,1.867650072,0.288772792,1.277197296,0.52540463,34.31018234,2.003278017,0.453390699,3.377279246,0.054189715,0.658164311,0.096086867,1.223519771,2.050194632,2.5560336,1.232944069,1.843269822,2.497029297,27.37676706,9.159291129,13.27880756,9,-0.377275586,4.477220058,Label_V
18-10-3-2,18,10,PreD,44,1,172,70,23.66143862,2,5.9,5.91,0,Medium,4291,142.1751825,0.942790166,1,1322,0.308086693,94,62,59,13,0,1,0,0.659574468,0.627659574,0.138297872,0,0.010638298,0,1643.616962,1332.689422,175.9589935,0,17.60111836,2.125582479,0.401794035,1.596924511,0.549976701,25.90750233,2.01805685,0.541705499,4.22833178,0.063140727,0.596225536,0.113699907,0.892823858,1.966565704,2.801141659,1.418103448,1.534599254,2.868010252,27.13164026,8.42917055,14.63657249,5,0.187866986,3.75536108,Label_V
18-2-1-2,18,2,PreD,44,1,172,70,23.66143862,2,5.9,5.91,0,Medium,12159,144.1051415,0.610091482,1,3258,0.267949667,178,147,95,73,0,22,0,0.825842697,0.533707865,0.41011236,0,0.123595506,0,5660.534457,3245.733059,1657.863651,0,24.5801398,3.041981908,0.662417763,2.237582237,0.765337171,23.16870888,2.698889803,0.493215461,14.78297697,0.099136513,1.039021382,0.328824013,1.836800987,2.654769737,4.306784539,1.809745066,2.076027961,5.464514803,32.08618421,10.05493421,14.93511301,5,0.254614711,3.063056946,Label_V
18-3-1-2,18,3,PreD,44,1,172,70,23.66143862,2,5.9,5.91,0,Large,27471,277.1787591,0.861158373,1,4195,0.15270649,441,323,338,72,0,42,0,0.732426304,0.766439909,0.163265306,0,0.095238095,0,12268.5534,12693.53793,1420.948275,0,20.18036546,2.552926616,0.533142836,1.784598864,0.937809406,37.72719496,2.611768346,0.516216511,6.480325422,0.048503931,0.941249272,0.375673413,1.571836779,2.3437318,3.369976704,1.596516453,2.367428655,3.190994467,33.39731363,11.04384464,13.66806519,5,-0.280398309,3.985677004,Label_V
18-4-1-2,18,4,PreD,44,1,172,70,23.66143862,2,5.9,5.91,0,Medium,17277,207.3779206,0.845770375,1,991,0.057359495,268,174,260,28,0,20,0,0.649253731,0.970149254,0.104477612,0,0.074626866,0,6157.643593,13782.20228,561.9674731,0,11.48084269,2.17950573,0.37362542,1.366159278,1.304288691,69.77361384,2.459949068,0.711367056,2.246122236,0.024308369,0.884130108,0.41292395,1.517710383,2.807587684,3.061928464,1.401927306,3.712900799,2.381033684,40.97661766,15.55234981,12.56867346,9,-1.669006348,5.097530842,Label_V
18-4-2-2,18,4,PreD,44,1,172,70,23.66143862,2,5.9,5.91,0,Medium,7156,107.9490328,0.400274887,1,891,0.1245109,130,113,85,26,0,7,0,0.869230769,0.653846154,0.2,0,0.053846154,0,4551.363979,2451.657398,402.9436915,0,18.9622747,2.512854548,0.554282521,1.751571888,1.002235574,35.34895906,2.316543244,0.774556378,4.53465139,0.056238647,0.943202459,0.461366494,1.504261562,3.417912533,3.573424619,1.79258069,2.715593126,3.051907224,39.22271902,15.16207908,14.35676836,5,-0.040618464,3.474690199,Label_V
18-4-3-2,18,4,PreD,44,1,172,70,23.66143862,2,5.9,5.91,0,Medium,5338,98.09027967,0.639108301,1,647,0.121206444,96,67,83,26,5,14,0,0.697916667,0.864583333,0.270833333,0.052083333,0.145833333,0,3071.424611,2278.573141,580.8911781,52.99007305,15.91253044,2.182805769,0.512736468,1.529687207,0.851844915,38.84753699,2.580539427,0.643285259,8.484454018,0.122307548,0.972654055,0.377786102,1.397171755,3.554223637,3.205000937,1.508896797,2.472092152,2.642723356,35.5185428,13.20303428,13.27452637,5,-0.529176176,3.973748207,Label_V
18-4-4-2,18,4,PreD,44,1,172,70,23.66143862,2,5.9,5.91,0,Medium,4576,115.7277753,0.880822428,1,317,0.069274476,81,69,55,15,0,12,0,0.851851852,0.679012346,0.185185185,0,0.148148148,0,3398.257374,1797.607166,284.9377321,0,21.7254752,2.771902993,0.640922001,2.003386498,0.884859078,37.5375792,2.701332751,0.819969412,5.567839196,0.046646275,0.990714442,0.379178501,1.66550142,3.542167359,3.773432379,2.010924186,2.387480883,3.513545991,40.38944724,13.52698274,14.31056442,5,-0.013477687,3.63259244,Label_V
18-4-5-2,18,4,PreD,44,1,172,70,23.66143862,2,5.9,5.91,0,Medium,4217,84.19678514,0.593611549,1,368,0.087265829,77,52,74,5,0,3,0,0.675324675,0.961038961,0.064935065,0,0.038961039,0,1512.641299,3059.274538,63.98482693,0,11.55571361,2.387980085,0.402678995,1.412636321,1.468468468,66.64876719,2.756282598,0.689900427,1.433973447,0.007349455,0.600877193,0.417614983,1.595542911,3.401375059,3.242887624,1.589734471,3.508416311,2.536391655,40.23210052,19.32088668,12.31187066,9,-1.50327158,4.938020706,Label_V
18-5-1-2,18,5,PreD,44,1,172,70,23.66143862,2,5.9,5.91,0,Medium,13928,167.4246736,0.753170375,1,2082,0.149483056,242,175,215,44,4,19,0,0.723140496,0.888429752,0.181818182,0.016528926,0.078512397,0,4429.681959,8182.412521,952.9315816,66.99518989,12.16702563,2.160456601,0.386280422,1.312549357,1.148251849,50.62596023,2.604171154,0.661497595,5.533419485,0.089202384,0.914423146,0.336671692,1.708916649,3.368332256,3.129837031,1.696640103,3.099037978,2.473436715,37.19096848,18.31007251,11.73348196,9,-1.338015795,4.474134445,Label_V
18-5-2-2,18,5,PreD,44,1,172,70,23.66143862,2,5.9,5.91,0,Medium,8562,121.3522861,0.641780225,1,2009,0.234641439,125,90,88,32,0,8,0,0.72,0.704,0.256,0,0.064,0,3105.637277,2768.676632,1367.840243,0,12.73700806,2.02802756,0.407917786,1.247576784,0.750204368,29.37545253,2.050916735,0.541866168,10.3876562,0.181011328,0.800595586,0.373350461,1.55757328,2.911129277,3.072579703,1.614562653,2.481548523,2.527735607,34.82471097,15.56598155,15.10596653,5,-0.466850668,3.241440773,Label_V
18-5-3-2,18,5,PreD,44,1,172,70,23.66143862,2,5.9,5.91,0,Medium,7592,134.4797438,0.758036369,1,1704,0.224446786,145,46,139,0,0,15,0,0.317241379,0.95862069,0,0,0.103448276,0,928.8776505,5517.273278,0,0,6.261424997,1.775451073,0.219149216,0.972672198,1.130251547,57.11424997,2.067825629,0.527459502,0.258790992,0,0.556762808,0.336362439,2.576583696,4.620571579,3.064006322,1.322468063,3.714671408,2.083432109,34.40636112,19.15007244,12.69508032,9,-1.868708372,4.879833221,Label_V
18-5-4-2,18,5,PreD,44,1,172,70,23.66143862,2,5.9,5.91,0,Medium,5668,127.0149393,0.852356123,1,2025,0.357268878,111,63,94,0,4,0,0,0.567567568,0.846846847,0,0.036036036,0,0,1217.785147,2531.55336,0,110.9804198,9.858440642,1.849797142,0.251278885,1.07152937,0.954842124,34.07205856,2.48359499,0.490562709,0.735579467,8.82E-05,0.535632387,0.269536073,1.587140589,3.464279414,2.895043217,1.812577174,2.9138296,2.292379608,31.62603634,17.23778444,10.13512785,2,-2.023754597,4.028855801,Label_V
18-5-5-2,18,5,PreD,44,1,172,70,23.66143862,2,5.9,5.91,0,Medium,4946,99.73647375,0.656622432,1,2405,0.486251516,98,53,57,9,6,5,0,0.540816327,0.581632653,0.091836735,0.06122449,0.051020408,0,1179.761472,1088.779867,178.9638165,161.9672529,10.00879321,1.7406509,0.268748737,1.038811401,0.633818476,16.93086719,2.00747928,0.511825349,3.587426723,0.039114615,0.560844957,0.237214473,1.800586214,3.31817263,3.015362846,2.019607843,2.254598747,2.417121488,28.29876693,14.8973115,6.896922889,11,-0.882917583,1.372478843,Label_V
18-5-6-2,18,5,PreD,44,1,172,70,23.66143862,2,5.9,5.91,0,Medium,4130,82.77357426,0.523658585,1,872,0.211138015,81,45,72,15,0,9,0,0.555555556,0.888888889,0.185185185,0,0.111111111,0,1288.687969,2216.463326,315.9235052,0,12.63689179,2.019970951,0.357782619,1.348099734,0.95352215,41.84906802,2.220285645,0.525296538,6.49661099,0.122972646,0.874848705,0.41224885,1.52154442,4.457879448,3.184580005,1.502299685,2.795933188,2.397119342,31.1134108,14.29847495,11.48805326,9,-0.959544122,4.297453403,Label_V
18-6-1-2,18,6,PreD,44,1,172,70,23.66143862,2,5.9,5.91,0,Large,22107,177.5619089,0.385212618,1,1855,0.083910074,345,290,225,69,2,39,0,0.84057971,0.652173913,0.2,0.005797101,0.113043478,0,14371.34992,7823.646101,1893.91433,35.99837163,15.77512665,2.163809481,0.382101502,1.374344129,0.707006513,31.40677583,2.199136059,0.52012846,8.578184368,0.172516736,0.707300525,0.202777275,1.441559616,2.102496834,3.030712864,1.725913696,2.149380315,2.859779265,32.61093269,12.60821874,14.51153214,5,-0.223488495,3.516452074,Label_V
18-6-2-2,18,6,PreD,44,1,172,70,23.66143862,2,5.9,5.91,0,Medium,6184,112.1527724,0.728027413,1,2727,0.440976714,82,65,33,22,0,11,0,0.792682927,0.402439024,0.268292683,0,0.134146341,0,2130.655457,637.8968472,891.8557801,0,8.490379951,1.316976556,0.11414713,0.782780922,0.313742926,9.186014551,1.139692805,0.25763945,7.200970089,0.112287793,0.417542441,0.14777688,1.366855295,1.711317704,2.17502021,1.316248989,1.364349232,1.857801132,20.11156023,10.20404204,16.03623348,5,-0.3793042,1.612287641,Label_IV
18-6-3-2,18,6,PreD,44,1,172,70,23.66143862,2,5.9,5.91,0,Medium,4215,92.34440208,0.683110445,1,1337,0.317200474,87,49,52,18,0,2,0,0.563218391,0.597701149,0.206896552,0,0.022988506,0,1571.627135,1089.741461,367.9127135,0,8.34120019,1.409867173,0.152632827,0.853296964,0.407732448,18.13555503,1.394924099,0.22983871,6.227348197,0.112428843,0.39290797,0.149786528,1.412950664,2.682993359,2.420659393,1.240037951,1.655597723,2.115986717,21.56143264,11.75154175,14.95802485,5,-0.770685136,2.976379633,Label_V
18-7-1-2,18,7,PreD,44,1,172,70,23.66143862,2,5.9,5.91,0,Medium,11673,161.5774672,0.780655473,1,4446,0.380878951,199,106,122,74,0,14,0,0.532663317,0.613065327,0.371859296,0,0.070351759,0,2900.751499,2588.778225,2369.796985,0,6.669607675,1.202801096,0.120352921,0.682499572,0.345811204,16.57662327,1.170378619,0.163825595,12.35476272,0.296085318,0.491648107,0.117654617,1.240620182,1.946590714,2.1568871,0.984880932,1.413611444,2.04257324,16.72969848,9.407700874,15.09400896,5,-0.922663867,3.114286184,Label_V
18-7-2-2,18,7,PreD,44,1,172,70,23.66143862,2,5.9,5.91,0,Medium,7840,125.6120661,0.747787246,1,970,0.12372449,134,115,55,21,0,3,0,0.858208955,0.410447761,0.156716418,0,0.02238806,0,5865.251881,1046.866471,465.9405688,0,16.25124346,2.168473409,0.358755261,1.398099732,0.434192067,11.83898737,1.918186456,0.434893508,6.148386685,0.07511797,0.501849254,0.17306466,1.416911108,2.070718021,3.203481699,1.740466777,1.646473664,3.442418059,27.6737661,10.46594822,16.06871758,5,0.376542956,2.126240492,Label_V
18-7-3-2,18,7,PreD,44,1,172,70,23.66143862,2,5.9,5.91,0,Medium,5044,127.9487538,0.903733183,1,1720,0.340999207,95,64,31,33,0,10,0,0.673684211,0.326315789,0.347368421,0,0.105263158,0,2010.601388,524.8959366,935.8144698,0,8.988899901,1.332309217,0.118929633,0.822993062,0.214965312,7.83617443,1.117641229,0.213181368,12.24112983,0.243607532,0.461347869,0.054410307,1.492566898,1.63419227,2.334588702,1.223984143,1.268483647,2.321407334,19.5543112,9.162438057,16.03623899,5,-0.027269976,1.92000699,Label_IV
18-7-4-2,18,7,PreD,44,1,172,70,23.66143862,2,5.9,5.91,0,Medium,4778,103.9350254,0.789940346,1,1354,0.283382168,89,43,64,48,1,7,0,0.483146067,0.719101124,0.539325843,0.011235955,0.078651685,0,1002.790123,1828.617284,1121.765223,31.99330404,5.67650136,1.200564972,0.144904792,0.675350492,0.495187278,29.09384809,1.485561833,0.192404269,14.55984516,0.347143754,0.505021971,0.210295041,0.982527725,2.514961289,1.989851433,0.828206738,1.658505964,1.688533166,17.24649508,11.20872567,11.33672084,9,-0.966224611,3.971874714,Label_V
18-7-5-2,18,7,PreD,44,1,172,70,23.66143862,2,5.9,5.91,0,Medium,4080,92.91915897,0.764338861,1,1588,0.389215686,71,41,58,3,3,0,0,0.577464789,0.816901408,0.042253521,0.042253521,0,0,1114.726783,1404.655722,60.98505268,55.98627787,7.266233766,1.468512619,0.166503308,0.828595932,0.498039696,26.58037246,1.87503063,0.301886792,1.934084783,0.014702279,0.250796373,0.076206812,1.714898309,1.791350159,2.328228375,1.297231071,1.846606224,2.086498407,24.77370742,12.23413379,10.39381194,2,-1.735403895,4.045997143,Label_V
18-8-1-2,18,8,PreD,44,1,172,70,23.66143862,2,5.9,5.91,0,Medium,19685,324.4414634,0.961084624,1,3403,0.172872746,308,248,182,41,0,25,0,0.805194805,0.590909091,0.133116883,0,0.081168831,0,10753.45372,5688.711013,1251.936402,0,17.16641268,2.227801483,0.428604084,1.571853094,0.622853805,26.74870466,2.193335365,0.594407193,6.528040232,0.117240679,0.64058214,0.202301128,1.385121406,1.814081073,3.091943513,1.779614955,1.973509093,3.354998476,31.93152494,11.14365539,14.34124362,5,-0.020439183,3.468412161,Label_V
18-8-2-2,18,8,PreD,44,1,172,70,23.66143862,2,5.9,5.91,0,Medium,3774,96.92566609,0.843973628,1,743,0.196873344,76,47,56,10,0,12,0,0.618421053,0.736842105,0.131578947,0,0.157894737,0,1521.596821,1597.576689,213.9433113,0,14.19960265,1.961324503,0.331258278,1.337880795,0.676423841,37.76768212,2.313774834,0.646490066,4.874304636,0.105165563,0.834437086,0.385827815,1.158807947,2.443708609,2.728344371,1.641721854,2.185562914,2.474172185,27.46860927,10.94476821,12.60150769,9,-0.687341571,4.593559265,Label_V
18-9-1-2,18,9,PreD,44,1,172,70,23.66143862,2,5.9,5.91,0,Large,29057,269.5481086,0.840364198,1,9301,0.320094986,494,371,327,82,16,25,0,0.751012146,0.66194332,0.165991903,0.032388664,0.050607287,0,11058.61942,8570.705038,2089.928075,318.989022,13.15649735,1.842315369,0.281230642,1.190309037,0.551362792,24.73010875,2.113153004,0.41664946,8.041038612,0.188794824,0.512905224,0.13824076,1.230676578,1.622943768,2.673669902,1.438450685,1.626385161,2.646500103,24.41195196,10.18671278,14.30610124,5,-0.125125617,3.624972105,Label_V
18-9-2-2,18,9,PreD,44,1,172,70,23.66143862,2,5.9,5.91,0,Medium,17629,250.7247585,0.909769677,1,4001,0.226955585,323,231,200,96,7,28,0,0.715170279,0.619195046,0.297213622,0.021671827,0.086687307,0,8324.527794,4873.723539,2087.881566,31.99818491,14.89926262,1.929268293,0.319483834,1.299971639,0.523993193,22.71250709,1.942370959,0.446341463,10.03655701,0.25680658,0.545235394,0.143391946,1.20153148,1.707402155,2.733380601,1.51020987,1.582246171,3.007799206,24.47180942,9.498950652,13.99380264,5,0.020169443,3.812218428,Label_V
18-9-3-2,18,9,PreD,44,1,172,70,23.66143862,2,5.9,5.91,0,Medium,12341,171.5965411,0.777475138,1,3733,0.302487643,228,150,160,28,10,11,0,0.657894737,0.701754386,0.122807018,0.043859649,0.048245614,0,4462.638389,4264.654432,451.9633771,215.9824988,12.71714471,1.706327986,0.279735861,1.186031437,0.575717064,27.67894182,2.170555826,0.481769567,4.415005672,0.098727921,0.514543834,0.134986226,1.106182142,2.51134338,2.601077621,1.369389078,1.674607033,2.371536218,24.60172581,9.211716091,13.47194667,5,-0.342966616,4.007228374,Label_V
18-9-4-2,18,9,PreD,44,1,172,70,23.66143862,2,5.9,5.91,0,Medium,5384,106.0764715,0.701212914,1,1080,0.200594354,105,99,20,6,0,2,0,0.942857143,0.19047619,0.057142857,0,0.019047619,0,3809.292479,427.92052,162.9697307,0,19.25951718,2.13463324,0.446889508,1.559795729,0.400278552,6.968152275,1.735561746,0.503342618,5.183286908,0.071309192,0.474187558,0.120241411,1.261281337,1.462859796,2.831012071,1.708170845,1.217548747,3.099721448,28.70352832,8.152274838,3.586475122,14,1.307298779,-0.415993631,Label_V
19-1-1-3,19,1,T2D,64,0,160,60,23.43,2,8.9,1.71,0,Large,23505,234.6474431,0.804188568,1,5230,0.22250585,360,253,283,140,0,108,79,0.702777778,0.786111111,0.388888889,0,0.3,0.219444444,8531.637029,9547.593806,3992.830128,0,5.484259338,0.743661193,0.048498256,0.109950651,1.73868374,3.430336935,0.021505148,2.609248702,2.849846848,0.012443631,1.876393261,0.477984344,1.98100485,3.968369778,3.937718029,3.521356249,4.254275504,2.325767889,27.97083723,18.30013614,6.13440918,8,-3.131068468,-2.549498796,Label_II
19-1-2-3,19,1,T2D,64,0,160,60,23.43,2,8.9,1.71,0,Medium,6579,115.6479755,0.759868489,1,671,0.101991184,118,103,85,67,0,34,17,0.872881356,0.720338983,0.56779661,0,0.288135593,0.144067797,3237.507903,2597.605167,1855.717933,0,7.104103343,0.856914894,0.045668693,0.122492401,1.529103343,3.096656535,0.021048632,2.581306991,4.180319149,0.000379939,1.718237082,0.575,1.977887538,5.970744681,4.026139818,4.207294833,3.880243161,2.148784195,29.09407295,19.62051672,6.395575012,8,-3.35108304,-2.52246666,Label_II
19-2-1-3,19,2,T2D,64,0,160,60,23.43,2,8.9,1.71,0,Medium,15311,183.7396079,0.813155607,1,3504,0.228855072,254,154,241,29,0,14,70,0.606299213,0.948818898,0.114173228,0,0.05511811,0.275590551,3121.796108,9672.368273,627.9589864,0,1.363505747,0.66447884,0.086664054,0.09058255,2.610730146,4.617522205,0.016588297,1.838329415,0.609293365,0.000293887,0.77563349,0.4794279,1.581765935,5.205525078,3.669017764,2.154127482,4.266816876,2.284384796,32.67149948,19.46479885,3.891163055,4,-1.859424353,-2.708269358,Label_II
19-2-2-3,19,2,T2D,64,0,160,60,23.43,2,8.9,1.71,0,Medium,12176,154.8832908,0.753746196,1,2777,0.228071616,171,150,117,73,0,37,30,0.877192982,0.684210526,0.426900585,0,0.216374269,0.175438596,6317.481153,3397.720949,1870.84635,0,3.482015275,0.572390572,0.027100271,0.075141661,1.513139525,2.375708303,0.009156607,1.956105773,1.846965591,8.21E-05,1.06582081,0.352098218,1.614560237,3.257206208,3.577728505,2.974377926,3.145068572,1.749035066,23.90260327,16.29116367,5.999924085,8,-2.86116147,-2.557673693,Label_II
19-2-3-3,19,2,T2D,64,0,160,60,23.43,2,8.9,1.71,0,Medium,4939,128.8483243,0.841570761,1,1473,0.29823851,79,51,74,9,0,8,24,0.64556962,0.936708861,0.113924051,0,0.101265823,0.303797468,1388.718826,2571.479352,190.961336,0,1.456477733,0.537854251,0.062348178,0.068825911,1.580060729,3.806174089,0.014777328,1.53340081,0.729554656,0,0.767408907,0.306781377,1.532287449,3.65465587,3.00354251,1.829554656,4.452226721,1.953036437,28.62560729,21.42024291,5.784867911,8,-2.512029886,-2.642263651,Label_II
19-3-1-3,19,3,T2D,64,0,160,60,23.43,2,8.9,1.71,0,Large,29663,213.1808127,0.525711582,1,7799,0.262920136,453,320,356,184,4,143,123,0.706401766,0.785871965,0.406181015,0.008830022,0.315673289,0.271523179,8935.698759,12634.57406,4466.849413,51.99824703,5.386798813,0.673526834,0.079844256,0.090429477,1.564657497,3.748584142,0.04987527,1.958029935,4.038632686,0.003826187,1.544835491,0.433151294,1.713659655,4.30687028,3.53258158,2.972255933,3.531890507,2.083181634,24.57180421,18.50360707,6.373174612,8,-3.387934923,-2.272706985,Label_II
19-3-2-3,19,3,T2D,64,0,160,60,23.43,2,8.9,1.71,0,Medium,8136,124.9213944,0.729040644,1,1638,0.201327434,136,100,109,67,0,37,25,0.735294118,0.801470588,0.492647059,0,0.272058824,0.183823529,2674.671255,3362.586703,1811.777314,0,5.929519479,0.69196264,0.036745729,0.091495637,1.428843554,3.829052476,0.021691041,1.913358732,5.773442301,0.0066978,1.654663881,0.453053951,1.720351481,3.986542952,3.692577117,3.207324567,3.532628733,1.955696203,24.84828561,19.54196878,6.364687027,8,-3.387938261,-2.341430902,Label_II
19-4-1-3,19,4,T2D,64,0,160,60,23.43,2,8.9,1.71,0,Large,38833,289.0978,0.737792699,1,20129,0.518347797,471,252,345,122,0,108,80,0.535031847,0.732484076,0.259023355,0,0.229299363,0.16985138,5502.858294,12282.68371,3022.922156,0,2.406795591,0.294934851,0.019660607,0.028274193,1.031840655,2.156538085,0.004944121,1.433717876,1.922748107,0.002214554,0.97551115,0.142993253,1.020227121,2.866869238,2.181220065,1.721120667,2.516712159,1.230481022,16.95073904,13.99846784,6.08132539,8,-3.081865549,-2.556816578,Label_II
19-5-1-3,19,5,T2D,64,0,160,60,23.43,2,8.9,1.71,0,Medium,12260,179.9388563,0.859210716,1,3592,0.292985318,164,115,142,90,18,81,50,0.701219512,0.865853659,0.548780488,0.109756098,0.493902439,0.304878049,3240.735666,4832.605823,2596.78819,318.9739825,4.188239132,0.677554849,0.070181877,0.07262866,1.557132371,5.281543104,0.227346872,1.911385694,4.880556235,0.006647092,1.596566349,0.236726205,1.578541718,4.26669929,3.339817307,2.838390017,3.734931898,2.024794062,21.46745779,20.08828807,6.369253962,8,-3.444721937,-2.380952597,Label_II
19-5-2-3,19,5,T2D,64,0,160,60,23.43,2,8.9,1.71,0,Medium,10102,152.4222224,0.824239489,1,2900,0.287071867,149,101,103,89,0,59,30,0.677852349,0.691275168,0.597315436,0,0.395973154,0.201342282,3456.657824,2864.716421,2308.771454,0,5.388844898,0.761506483,0.054934178,0.103137682,1.742650698,3.943284173,0.023210927,2.353162427,5.260714639,0.005295457,1.787835296,0.334554093,1.788726121,4.229783233,3.771355043,3.470602791,4.194051272,2.072255766,29.49505097,24.44763932,6.040591271,8,-2.987771749,-2.209531069,Label_II
19-6-1-3,19,6,T2D,64,0,160,60,23.43,2,8.9,1.71,0,Large,25287,222.0424683,0.73935667,1,4030,0.159370427,405,295,337,196,0,169,98,0.728395062,0.832098765,0.483950617,0,0.417283951,0.241975309,8761.653512,12768.49506,5912.766174,0,5.761131762,0.873418222,0.043736159,0.097279342,1.731295476,7.926170516,0.055204049,2.456283613,6.370294211,0.014552357,1.956501107,0.354812559,2.093186492,3.165770326,3.759648845,3.212254824,4.551783455,2.276613413,32.20045081,21.08460535,5.499853206,8,-2.693811655,-1.921676517,Label_II
19-7-1-3,19,7,T2D,64,0,160,60,23.43,2,8.9,1.71,0,Large,47406,278.1120422,0.588770444,1,16491,0.347867359,652,438,475,299,0,247,155,0.671779141,0.728527607,0.458588957,0,0.378834356,0.237730061,13779.70933,14486.69441,8307.824752,0,4.912059401,0.833009893,0.097802012,0.114909191,1.929061109,4.07514713,0.033539351,2.483145949,3.847606893,0.000295315,1.736758285,0.504872698,2.061583732,4.667000654,4.181692577,3.242780602,4.824762166,3.023024026,30.95077731,23.42693062,6.154085787,8,-3.163465261,-2.417992592,Label_II
19-7-2-3,19,7,T2D,64,0,160,60,23.43,2,8.9,1.71,0,Medium,4806,128.4508921,0.911907216,1,952,0.198085726,87,78,18,53,0,35,15,0.896551724,0.206896552,0.609195402,0,0.402298851,0.172413793,2610.456834,478.9003537,1559.675473,0,7.644268775,0.868837113,0.051591429,0.132515082,1.055439983,1.920324527,0.019138756,2.690867485,6.860411899,0.001352195,1.894424797,0.488454337,2.11722488,11.01435407,4.49937591,4.789993759,3.772103183,3.054815893,27.65841481,22.91210734,6.382477231,8,-3.311938047,-2.37101984,Label_II
19-8-1-3,19,8,T2D,64,0,160,60,23.43,2,8.9,1.71,0,Medium,13201,214.9605491,0.896006031,1,2106,0.159533369,219,129,190,109,0,91,48,0.589041096,0.867579909,0.497716895,0,0.415525114,0.219178082,4530.656794,6688.493334,3121.763521,0,5.6912589,0.750530223,0.139600061,0.136835328,1.553703984,3.352105742,0.019580367,1.94747008,4.943304045,0.001704287,1.846538403,0.641039236,1.906680806,8.779654598,4.216936828,2.878238146,3.884108468,2.723110135,26.01299046,19.93470686,6.359984143,8,-3.373684406,-2.360309124,Label_II
19-8-2-3,19,8,T2D,64,0,160,60,23.43,2,8.9,1.71,0,Medium,3864,79.91016385,0.607708522,1,268,0.069358178,67,50,51,28,0,16,9,0.746268657,0.76119403,0.417910448,0,0.23880597,0.134328358,1864.517464,2027.475291,621.8390686,0,6.239844761,0.876455369,0.027037516,0.141655886,1.549676585,4.518111255,0.022380336,2.712807245,3.373350582,0.000129366,1.462613195,0.541138422,2.379172057,4.133376455,4.335834411,5.065717982,3.830659767,2.02626132,26.03272962,17.35549806,6.375747787,8,-3.380771399,-2.49303031,Label_II
2-1-1-1,2,1,ND,52,1,170,60,20.76124567,2,5.1,3.37,0,Medium,13502,144.8229231,0.567542597,1,784,0.058065472,235,220,100,76,2,28,25,0.936170213,0.425531915,0.323404255,0.008510638,0.119148936,0.106382979,10239.24165,3087.77131,1909.85855,6.999481597,11.25697993,0.865215137,0.037584241,0.10782789,0.437273199,3.541509294,0.069577131,0.534029475,2.93879138,0.000740576,0.624009479,0.161371547,1.971265645,1.083796193,1.850477672,2.897208028,2.261904762,1.688550692,42.93327409,10.39380138,1.095629436,7,1.880011201,-2.340869904,Label_I
2-1-2-1,2,1,ND,52,1,170,60,20.76124567,2,5.1,3.37,0,Medium,8169,122.4801179,0.711645442,1,380,0.046517322,162,116,147,13,0,21,47,0.716049383,0.907407407,0.080246914,0,0.12962963,0.290123457,3074.623623,6033.261444,327.9598531,0,6.294492044,0.855569155,0.073561812,0.080171359,1.080354957,11.85324357,0.166707466,0.372215422,0.7625459,0,0.938066095,0.168482252,1.874235006,1.102998776,1.874296206,2.048347613,2.970073439,2.37870257,50.36376989,15.25966952,3.168586402,1,0.918892324,-0.99506551,Label_I
2-1-3-1,2,1,ND,52,1,170,60,20.76124567,2,5.1,3.37,0,Medium,8049,114.5202431,0.590393563,1,630,0.078270593,145,113,123,12,4,22,21,0.779310345,0.848275862,0.082758621,0.027586207,0.151724138,0.144827586,3931.511553,4719.413665,178.977764,13.99826087,7.11621118,0.881552795,0.030186335,0.090310559,0.774037267,9.286459627,0.16242236,0.391552795,0.303664596,0,0.884099379,0.189689441,2.186645963,1.117515528,1.947888199,2.237080745,3.008509317,1.863229814,54.92720497,16.06931677,2.64564139,12,1.729587555,-1.219550848,Label_I
2-1-4-1,2,1,ND,52,1,170,60,20.76124567,2,5.1,3.37,0,Medium,5046,86.58825508,0.433430742,1,709,0.140507333,124,102,41,28,5,6,8,0.822580645,0.330645161,0.225806452,0.040322581,0.048387097,0.064516129,3498.306717,735.8541708,542.8924113,54.98910244,9.915593422,0.79730533,0.030513176,0.092827422,0.324152962,2.344561125,0.087774916,0.591935803,1.76312661,0.001188825,0.436199723,0.114127204,1.888646721,1.03417872,1.841192788,2.976025362,2.114226273,1.78937983,40.06667327,10.49593818,0.716565472,7,1.973786473,-2.710131884,Label_I
2-1-5-1,2,1,ND,52,1,170,60,20.76124567,2,5.1,3.37,0,Medium,4899,83.87292446,0.387892963,1,1000,0.20412329,79,61,49,14,4,5,10,0.772151899,0.620253165,0.17721519,0.050632911,0.063291139,0.126582278,2570.475306,1125.770204,546.8883673,198.9593878,7.762142857,0.721530612,0.116734694,0.052959184,0.389693878,2.548979592,0.695102041,0.428367347,1.766122449,0,0.404081633,0.101938776,1.774795918,2.008877551,1.676938776,2.145816327,2.202857143,2.161734694,43.06193878,13.64520408,0.053707959,7,1.465487003,-2.960936546,Label_I
2-2-1-1,2,2,ND,52,1,170,60,20.76124567,2,5.1,3.37,0,Large,20958,183.1430654,0.601132697,1,1746,0.083309476,301,278,186,39,35,42,33,0.92358804,0.617940199,0.129568106,0.11627907,0.139534884,0.109634551,13816.34076,8371.600553,716.9657904,495.9763347,11.97037072,0.847034687,0.028293335,0.088196002,0.595806098,8.636433036,0.34407653,0.558900711,0.686984112,9.54E-05,0.731332602,0.151533947,2.217806193,1.177751801,1.870270528,2.35013598,2.918674555,1.994823226,58.15554177,12.2131304,2.254504956,12,2.646028757,-1.070368409,Label_I
2-2-2-1,2,2,ND,52,1,170,60,20.76124567,2,5.1,3.37,0,Large,20556,188.4107867,0.643910972,1,4165,0.202617241,301,251,179,36,8,35,52,0.833887043,0.594684385,0.119601329,0.026578073,0.11627907,0.172757475,10407.4937,7078.65564,877.9572895,24.99878387,9.093860972,0.671255533,0.055601498,0.047258841,0.420489371,6.377657246,0.083183344,0.407817289,0.949506251,0.002189035,0.611665126,0.133531157,1.938950236,1.064406285,1.568468162,1.949992703,2.469985893,1.809286374,47.90219876,9.506980591,2.254510462,12,2.632864714,-1.387162924,Label_I
2-2-3-1,2,2,ND,52,1,170,60,20.76124567,2,5.1,3.37,0,Medium,9110,113.1197623,0.375692596,1,1397,0.153347969,165,145,76,25,8,20,16,0.878787879,0.460606061,0.151515152,0.048484848,0.121212121,0.096969697,6205.318845,1912.790034,590.9351334,21.99758534,11.26824717,0.803698826,0.02568324,0.08775107,0.362254418,4.526671057,0.09631215,0.589836461,2.429864998,0.010042805,0.563988585,0.150861596,2.009713533,1.103117111,1.738338272,2.702612227,2.531116233,1.771759412,53.31050379,10.05553726,2.779326752,12,3.031632662,-2.006185293,Label_I
2-3-1-1,2,3,ND,52,1,170,60,20.76124567,2,5.1,3.37,0,Large,20907,179.7958606,0.527817839,1,5299,0.25345578,305,267,147,31,3,15,33,0.875409836,0.481967213,0.101639344,0.009836066,0.049180328,0.108196721,10526.49651,5666.728955,518.975177,6.9996652,7.526855749,0.491008227,0.026210063,0.030969007,0.33570882,4.580925961,0.044934953,0.324469103,0.39812512,0.0003348,0.433972642,0.066673044,1.308470442,1.001554429,1.204682418,1.681198584,1.755476373,1.356299024,37.10419457,7.591878707,2.254515967,12,2.718274355,-1.475035191,Label_I
2-3-2-1,2,3,ND,52,1,170,60,20.76124567,2,5.1,3.37,0,Medium,14629,159.126264,0.654430897,1,2539,0.173559368,238,207,113,59,4,11,33,0.869747899,0.474789916,0.24789916,0.016806723,0.046218487,0.138655462,7881.461244,4102.719549,1776.878537,13.99904306,8.278639781,0.586671224,0.05290499,0.043984962,0.380109364,4.601948052,0.052699932,0.440293917,2.153485988,0.002734108,0.535509228,0.063943951,1.483014354,1.132262474,1.429596719,1.840464798,2.020334928,1.430963773,42.38762816,10.67194122,1.419517281,7,2.093484879,-2.171179056,Label_I
2-3-3-1,2,3,ND,52,1,170,60,20.76124567,2,5.1,3.37,0,Medium,9053,121.8799994,0.617008357,1,966,0.10670496,162,145,101,33,9,22,9,0.895061728,0.62345679,0.203703704,0.055555556,0.135802469,0.055555556,5937.344157,3430.621051,684.9243428,24.99723879,10.68925337,0.746962668,0.014744864,0.085818423,0.619284294,7.010437376,0.110061851,0.472332671,1.24685222,0.002650762,0.695328032,0.173569693,1.694941462,0.9947537,1.648442677,2.213220676,2.320521317,1.579191518,45.19102054,10.92522642,2.094941178,12,2.237625599,-1.252642751,Label_I
2-3-4-1,2,3,ND,52,1,170,60,20.76124567,2,5.1,3.37,0,Medium,4089,125.1072928,0.903312581,1,863,0.211054047,63,59,8,3,0,1,1,0.936507937,0.126984127,0.047619048,0,0.015873016,0.015873016,3037.257213,103.9745721,133.9672372,0,10.21650367,0.41809291,0.001222494,0.039364303,0.057579462,0.244498778,0.003178484,0.462591687,1.09804401,0.001222494,0.143154034,0.043643032,1.447555012,0.549755501,1.140953545,2.25391198,1.534841076,1.008435208,33.55281174,5.723227384,2.785004149,3,3.044462919,-2.446064711,Label_II
2-4-1-1,2,4,ND,52,1,170,60,20.76124567,2,5.1,3.37,0,Large,22807,180.9940356,0.434174052,1,2957,0.129653177,390,279,321,148,3,54,57,0.715384615,0.823076923,0.379487179,0.007692308,0.138461538,0.146153846,7892.653937,12997.43011,3906.8287,15.99929849,6.752806033,0.639534374,0.03700456,0.048141003,0.732155384,5.801999298,0.074951771,0.448767976,1.8287443,0.000679586,0.867721852,0.070918099,1.251403016,1.461987022,1.714486145,1.738315503,2.230752368,1.833589092,54.47110663,13.07050158,1.815280229,12,2.157869339,-1.714839697,Label_I
2-4-2-1,2,4,ND,52,1,170,60,20.76124567,2,5.1,3.37,0,Medium,15443,165.4417586,0.644414235,1,2065,0.133717542,241,225,103,62,0,32,37,0.933609959,0.427385892,0.257261411,0,0.132780083,0.153526971,10512.31928,3309.785677,1614.895429,0,12.80231805,0.806591557,0.042411292,0.063325563,0.445707071,1.461667962,0.047299922,0.657213157,0.5748187,0,0.733682984,0.084175084,1.74478762,1.445609946,2.085955711,2.27522015,2.376456876,1.856772857,60.48860399,14.45075758,0.790502729,7,2.32006979,-2.877799749,Label_I
2-4-3-1,2,4,ND,52,1,170,60,20.76124567,2,5.1,3.37,0,Medium,9184,120.4814092,0.550485309,1,3479,0.378810976,137,126,30,0,2,0,0,0.919708029,0.218978102,0,0.01459854,0,0,5235.42994,674.9265106,0,11.99869352,9.124387588,0.462493195,0.002177463,0.028143713,0.116657594,0.577463255,0.015514426,0.358573762,0.002558519,0,0.104518236,0.017528579,1.107240065,0.745182363,1.210016331,1.864344039,1.448938487,1.204028307,44.36624932,8.294120849,5.211582188,3,3.52654767,-2.848523855,Label_I
2-5-1-1,2,5,ND,52,1,170,60,20.76124567,2,5.1,3.37,0,Large,40855,273.5008071,0.678941115,1,9477,0.231966712,642,581,336,84,0,8,25,0.904984424,0.523364486,0.130841121,0,0.012461059,0.03894081,22701.44434,10861.73414,1496.963359,0,8.946898864,0.522738398,0.014404249,0.029151165,0.26452663,2.937561191,0.034682788,0.341577736,0.601135696,0.001431858,0.301571373,0.054789994,1.374840905,0.840158116,1.312524476,1.80753133,1.818435481,1.266386822,35.49812757,9.18517476,1.273310884,7,1.985280514,-2.191000938,Label_I
2-5-2-1,2,5,ND,52,1,170,60,20.76124567,2,5.1,3.37,0,Medium,20090,169.5015717,0.425320323,1,4294,0.213738178,349,288,162,74,0,27,25,0.8252149,0.464183381,0.212034384,0,0.077363897,0.071633238,10356.4845,5282.737046,2100.895426,0,8.275670698,0.535637848,0.022323428,0.039694391,0.274874322,2.795928525,0.032427455,0.333134239,2.570429546,0.008361953,0.464785227,0.074137674,1.397242546,1.082051665,1.391319496,1.89813847,1.891195062,1.411179135,34.5487034,10.75882236,0.314419007,7,1.551562548,-2.616580248,Label_I
2-5-3-1,2,5,ND,52,1,170,60,20.76124567,2,5.1,3.37,0,Medium,4524,80.25479749,0.420602917,1,1205,0.266357206,84,66,52,25,0,5,3,0.785714286,0.619047619,0.297619048,0,0.05952381,0.035714286,1994.559116,1283.716243,467.8965746,0,6.909502762,0.434143646,0.012044199,0.017790055,0.184861878,2.598563536,0.022099448,0.267955801,1.961436464,0.002209945,0.382541436,0.04,1.364309392,0.577237569,1.15281768,1.537679558,1.726077348,1.080441989,31.23071823,8.335138122,1.372658316,7,1.773580194,-2.274201632,Label_II
2-6-1-1,2,6,ND,52,1,170,60,20.76124567,2,5.1,3.37,0,Medium,16319,171.3229187,0.666904442,1,2463,0.150928366,261,230,120,76,0,18,33,0.881226054,0.459770115,0.291187739,0,0.068965517,0.126436782,11501.29522,2762.830699,1606.901532,0,12.73336397,0.7234375,0.039246324,0.055637255,0.305790441,1.173988971,0.028492647,0.557751225,1.068290441,0.002971814,0.549448529,0.076164216,1.586427696,1.433854167,1.777022059,2.106709559,2.160324755,1.715625,48.36856618,12.89417892,0.456017921,7,1.924528003,-2.973182678,Label_I
2-6-2-1,2,6,ND,52,1,170,60,20.76124567,2,5.1,3.37,0,Medium,13630,140.340822,0.419407171,1,2805,0.205796038,221,170,145,40,7,24,18,0.769230769,0.656108597,0.180995475,0.031674208,0.108597285,0.081447964,6310.537011,5330.608906,1044.923337,46.99655198,8.127540166,0.59819529,0.024979825,0.044604211,0.391570684,3.655381117,0.084549923,0.372826645,0.905656225,0.000696941,0.582899274,0.078607586,1.450994058,1.227752916,1.483970362,1.800821657,2.179737363,1.49497469,38.29895092,11.30327929,1.372663822,7,1.668002129,-2.217474461,Label_I
2-6-3-1,2,6,ND,52,1,170,60,20.76124567,2,5.1,3.37,0,Medium,9899,121.0246543,0.490554321,1,1987,0.200727346,156,128,83,25,0,18,24,0.820512821,0.532051282,0.16025641,0,0.115384615,0.153846154,6224.371212,2142.783535,554.9439394,0,11.24191919,0.810606061,0.034090909,0.057323232,0.359040404,1.816717172,0.043686869,0.632727273,0.292272727,0.00040404,0.698686869,0.124949495,1.727020202,1.612777778,1.944292929,2.400656566,2.381262626,1.789292929,54.89681818,15.53388889,0.467537174,7,1.897523642,-2.944232702,Label_I
2-6-4-1,2,6,ND,52,1,170,60,20.76124567,2,5.1,3.37,0,Medium,6365,129.6939261,0.853790946,1,486,0.076355067,112,88,70,24,15,15,23,0.785714286,0.625,0.214285714,0.133928571,0.133928571,0.205357143,3818.400094,2457.613886,535.9158027,275.9566447,11.57563619,0.814797361,0.065504241,0.09959158,0.612708137,3.753063148,0.577521206,0.661325793,0.613964813,0.001492303,0.900644046,0.181039899,1.596921144,2.215205781,2.070766572,2.11907006,2.373154257,2.038721332,61.52851084,16.80050267,1.089662778,7,1.99843049,-2.497452736,Label_I
2-6-5-1,2,6,ND,52,1,170,60,20.76124567,2,5.1,3.37,0,Medium,5740,100.4451767,0.59893256,1,492,0.085714286,101,83,58,6,0,9,3,0.821782178,0.574257426,0.059405941,0,0.089108911,0.02970297,3648.364396,2186.619056,196.9656854,0,10.22975091,0.701968298,0.014021947,0.068542066,0.500435464,3.74708239,0.066277652,0.50766417,0.261626894,0,0.544330256,0.108430587,1.5401498,1.28479359,1.734715206,2.094844104,2.29367706,1.674969518,48.45061836,12.27442954,0.765620701,7,2.05591464,-2.723371744,Label_I
2-6-6-1,2,6,ND,52,1,170,60,20.76124567,2,5.1,3.37,0,Medium,4275,93.4213944,0.774174381,1,344,0.080467836,87,79,48,24,0,15,6,0.908045977,0.551724138,0.275862069,0,0.172413793,0.068965517,3135.266604,1123.737138,435.8980355,0,14.27970065,0.960827877,0.014616464,0.094714687,0.467142189,1.694457437,0.054840973,0.724976614,0.5505145,0,1.008419083,0.163587465,1.882951356,1.884237605,2.21515435,2.540458372,2.796538821,1.972521048,55.81641721,17.077058,0.456111094,7,1.227109909,-2.802418947,Label_I
2-7-1-1,2,7,ND,52,1,170,60,20.76124567,2,5.1,3.37,0,Large,42105,302.2264553,0.804342623,1,4546,0.107968175,755,564,642,192,6,38,125,0.747019868,0.850331126,0.254304636,0.00794702,0.050331126,0.165562914,15224.63841,27007.35857,4185.900584,19.99952501,5.566368214,0.532192562,0.054920914,0.024272075,0.761851043,8.700755237,0.088360329,0.351505724,1.034698143,0.002018715,0.590224671,0.046739182,1.09599582,1.10427255,1.427053152,1.439877927,2.082921674,1.54740417,44.92756377,13.68351304,2.91037236,1,1.045931816,-1.443676591,Label_I
2-7-2-1,2,7,ND,52,1,170,60,20.76124567,2,5.1,3.37,0,Large,30621,225.3174992,0.611971567,1,3260,0.106462885,498,343,376,48,8,58,51,0.68875502,0.75502008,0.096385542,0.016064257,0.116465863,0.102409639,12991.57573,16736.45343,1176.961564,10.99964078,6.469335772,0.510809222,0.028296649,0.031594932,0.698501078,5.683038338,0.074684867,0.539007903,0.307687284,0.000212266,0.780582588,0.061246816,1.066651427,1.305303377,1.573509242,1.526467899,2.061099863,1.699121547,48.03203579,12.47142577,2.323692834,12,1.97972393,-1.296990514,Label_I
2-7-3-1,2,7,ND,52,1,170,60,20.76124567,2,5.1,3.37,0,Medium,16253,159.4128964,0.487498342,1,8323,0.512090076,159,129,91,0,0,3,3,0.811320755,0.572327044,0,0,0.018867925,0.018867925,5391.668266,2923.820106,0,0,4.511997047,0.177710102,0.007321275,0.007721176,0.175925926,1.328903654,0.002676264,0.244955088,3.08E-05,0,0.26445798,0.00796727,0.589793282,0.488925803,0.746985357,0.929032853,1.036452566,1.112956811,31.66196013,6.161590993,5.100628828,3,3.655867577,-2.831064939,Label_II
2-8-1-1,2,8,ND,52,1,170,60,20.76124567,2,5.1,3.37,0,Large,40929,259.4054738,0.614762333,0,10067,0.24596252,691,562,472,121,0,35,19,0.813314038,0.683068017,0.175108538,0,0.05065123,0.027496382,16002.60902,17008.58444,2587.93677,0,4.925189348,0.312435866,0.013144393,0.027204984,0.281053017,3.300818471,0.032140239,0.252504276,1.186684583,0.004055705,0.358563401,0.015111165,1.008038114,0.468788175,1.041754215,1.357732714,1.109821647,1.051343758,23.55510628,8.129697044,2.910377866,1,0.738289058,-1.563283086,Label_II
2-8-2-1,2,8,ND,52,1,170,60,20.76124567,2,5.1,3.37,0,Medium,12140,134.5922382,0.494783462,1,5922,0.487808896,131,70,113,10,0,4,5,0.534351145,0.86259542,0.076335878,0,0.030534351,0.038167939,1953.839058,4619.619471,168.9860802,0,2.235318343,0.151058397,0.009554402,0.018820525,0.193311918,3.205296104,0.022073964,0.091178651,0.141174533,8.24E-05,0.179680422,0.008813113,0.600650688,0.531463636,0.658141833,0.640515608,0.777036488,0.96981303,14.83168602,6.242607693,3.162523884,1,-0.472855628,-1.292150974,Label_IV
2-8-3-1,2,8,ND,52,1,170,60,20.76124567,2,5.1,3.37,0,Medium,4992,87.73358927,0.456510257,1,1862,0.372996795,96,80,48,3,0,0,3,0.833333333,0.5,0.03125,0,0,0.03125,2157.567795,1148.769878,93.98117364,0,4.977067895,0.271580212,0.002703785,0.009112758,0.123573002,1.784097737,0.010915281,0.270779091,0.099639495,0,0.095734028,0.010915281,1.12267174,0.557079912,0.962447426,1.259863809,0.952833968,0.918886441,23.85780092,7.273282596,0.412174087,7,1.716018677,-3.02668643,Label_II
20-1-1-3,20,1,T2D,59,1,170,65,22.49,2,9.6,4.87,0,Large,29355,203.4509494,0.39691422,1,4080,0.138988247,197,145,189,79,0,73,93,0.736040609,0.959390863,0.401015228,0,0.370558376,0.472081218,8477.7112,17152.41569,3722.873178,0,4.918262025,0.53706227,0.067260526,0.092774901,0.696791116,44.22285052,0.562048644,0.742948631,3.246866058,0.002640005,1.421293773,0.312457419,1.88116569,1.828059,2.25868647,1.500085161,2.774594631,2.184885543,27.52485012,8.733172094,12.72711935,9,-1.979031801,5.088451385,Label_V
20-14-1-3,20,14,T2D,59,1,170,65,22.49,2,9.6,4.87,0,Medium,7110,126.8504321,0.789748639,1,1557,0.218987342,72,46,53,24,45,18,28,0.638888889,0.736111111,0.333333333,0.625,0.25,0.388888889,1916.730418,3573.497398,728.8974828,2670.624385,5.634369287,0.417451835,0.099282801,0.101321896,0.304668823,30.80930952,0.395584306,0.390170159,1.251511742,0.002390662,0.780340318,0.166361974,1.080087189,1.755660245,1.508297005,1.298129658,1.100407819,1.443327239,23.53417241,6.651807059,12.10760118,9,-1.294566989,4.664978027,Label_V
20-14-2-3,20,14,T2D,59,1,170,65,22.49,2,9.6,4.87,0,Medium,7019,113.6572795,0.716211014,1,1879,0.267701952,55,44,35,11,27,5,9,0.8,0.636363636,0.2,0.490909091,0.090909091,0.163636364,3803.45812,1532.781624,190.972792,1067.847863,10.65890313,0.534188034,0.017948718,0.131908832,0.228988604,12.07970085,0.148575499,0.473076923,0.330555556,0.001495726,0.428917379,0.096866097,1.045299145,0.670156695,1.459401709,1.744230769,0.896082621,1.430982906,25.37991453,5.097649573,4.504260197,14,1.02733314,0.726743042,Label_V
20-15-1-3,20,15,T2D,59,1,170,65,22.49,2,9.6,4.87,0,Medium,8575,131.4920775,0.741003958,1,2424,0.282682216,75,41,68,18,0,19,5,0.546666667,0.906666667,0.24,0,0.253333333,0.066666667,1876.781133,3900.545126,710.9170942,0,5.533290578,0.548565765,0.043143657,0.325851213,0.481343284,19.67350746,0.273554104,0.719333022,1.270755597,0.00443097,1.085704291,0.2109375,1.366371269,0.617887127,1.844391325,1.453533116,1.724521922,1.806844683,22.79337687,5.196303638,10.9570431,2,-1.459448695,3.624809504,Label_V
20-2-1-3,20,2,T2D,59,1,170,65,22.49,2,9.6,4.87,0,Medium,18220,176.947368,0.662442271,1,5377,0.295115258,132,77,128,23,0,16,26,0.583333333,0.96969697,0.174242424,0,0.121212121,0.196969697,4261.766094,8460.535646,796.9562593,0,3.395587509,0.402365403,0.042011964,0.134240711,0.518165853,21.14590308,0.23793974,0.645875638,0.550930245,0.000192086,0.644256627,0.173810439,1.319274464,0.613358213,1.633993743,1.042313814,1.86452445,1.703062401,23.47453488,5.100625652,10.66415712,2,-1.754041553,3.4781847,Label_V
20-22-1-3,20,22,T2D,59,1,170,65,22.49,2,9.6,4.87,0,Large,23374,213.7666035,0.730179531,1,3410,0.145888594,191,116,175,57,0,35,44,0.607329843,0.916230366,0.298429319,0,0.183246073,0.230366492,5996.743444,14298.38828,1845.921027,0,4.152385027,0.39944385,0.039508021,0.104085561,0.622010695,39.87334759,0.477839572,0.417903743,1.890588235,0.003807487,0.910224599,0.217475936,1.271272727,0.610951872,1.583336898,1.154609626,1.639957219,1.540791444,21.05116578,5.190331551,13.25072153,9,-1.844918966,5.484185219,Label_V
20-22-2-3,20,22,T2D,59,1,170,65,22.49,2,9.6,4.87,0,Medium,4227,79.03837054,0.501746507,1,735,0.173882186,44,30,43,17,0,9,7,0.681818182,0.977272727,0.386363636,0,0.204545455,0.159090909,926.7807474,2080.507805,829.8036897,0,3.568826868,0.400307474,0.017620624,0.105368969,0.565752129,34.46428571,0.448912015,0.480487228,4.440279092,0.002128666,1.444299905,0.188268685,1.263245033,0.453051088,1.574148534,1.146168401,1.577105014,1.504848628,23.66863765,4.520222327,12.72442723,9,-2.07547617,5.0165658,Label_V
20-23-1-3,20,23,T2D,59,1,170,65,22.49,2,9.6,4.87,0,Large,41897,268.8135793,0.668088947,1,9609,0.229348163,330,168,324,77,0,63,40,0.509090909,0.981818182,0.233333333,0,0.190909091,0.121212121,6135.853549,26052.37818,2300.945081,0,2.816757363,0.390102153,0.024678982,0.156940665,0.614420736,34.41615352,0.427168361,0.455451334,1.352845005,0.002720894,0.830827247,0.209532675,1.336101962,1.025597881,1.567962671,0.753496587,2.036111509,1.710165163,18.81629195,5.960893121,13.01609299,9,-1.967162609,5.293224812,Label_V
20-23-2-3,20,23,T2D,59,1,170,65,22.49,2,9.6,4.87,0,Medium,10873,147.3045924,0.695320657,1,1604,0.147521383,88,67,76,25,0,21,39,0.761363636,0.863636364,0.284090909,0,0.238636364,0.443181818,4532.583134,4676.569891,973.9104285,0,6.046027221,0.561338974,0.08419165,0.265265772,0.527358838,27.09090491,0.394932867,0.655646496,2.138587456,0.003586537,1.040371528,0.200892036,1.347802097,0.730917786,1.744022439,1.396680154,1.535819386,1.854883208,27.34007725,5.753310649,11.00923316,2,-1.594844699,3.854018688,Label_V
20-24-1-3,20,24,T2D,59,1,170,65,22.49,2,9.6,4.87,0,Medium,14433,161.3964576,0.697702243,1,1175,0.081410656,113,85,109,22,0,13,21,0.752212389,0.96460177,0.194690265,0,0.115044248,0.185840708,5408.62526,8336.422405,878.9391021,0,5.514930026,0.45753083,0.050436469,0.163849245,0.416377996,28.66135513,0.359983373,0.514583622,0.805667175,0.001524179,0.632499654,0.196549813,1.213835389,0.613274214,1.598274906,1.335527227,1.579603713,1.883227103,21.38520161,5.359048081,12.44607345,9,-1.200786233,5.033285141,Label_V
20-25-1-3,20,25,T2D,59,1,170,65,22.49,2,9.6,4.87,0,Medium,16470,154.3528545,0.45191034,1,5921,0.359502125,125,72,112,41,0,34,29,0.576,0.896,0.328,0,0.272,0.232,3737.773056,5862.644041,1556.90547,0,3.064173396,0.277093073,0.03223848,0.061441321,0.362060591,20.89751685,0.205512719,0.393874082,1.372654969,0.00428025,0.923805476,0.126555765,1.04255965,0.672576043,1.283194706,0.938255115,1.345637788,1.359116022,24.05014875,5.33537733,10.42119427,2,-1.811317205,3.611934662,Label_V
21-1-1-3,21,1,T2D,55,1,176,70,22.59,3,6.8,5.47,0,Large,25486,203.5761812,0.535478083,1,6405,0.251314447,332,193,283,109,9,100,83,0.581325301,0.852409639,0.328313253,0.027108434,0.301204819,0.25,7825.692941,13308.47781,3598.858791,223.9912112,6.15935575,0.956271825,0.08945737,0.121179425,0.944403029,37.82540118,0.791089575,1.342488327,2.923961235,0.000353121,1.429846588,0.243222035,2.337583866,3.027366893,2.655451799,2.504237454,2.16763448,3.01492918,64.06028564,8.681308118,16.03624449,5,0.733607888,1.413030982,Label_I
21-2-1-3,21,2,T2D,55,1,176,70,22.59,3,6.8,5.47,0,Medium,17672,211.6610738,0.829544923,1,4832,0.27342689,205,148,116,60,10,23,23,0.72195122,0.565853659,0.292682927,0.048780488,0.112195122,0.112195122,7798.558705,4136.765914,2053.883778,176.9899847,10.28368132,0.576019917,0.023170939,0.055819612,0.338256097,4.064674928,0.387879817,0.775193798,2.027754201,0.000565835,0.584365982,0.100407401,1.170542636,1.143750354,1.693006281,2.139365133,1.26710236,1.476036892,37.03052679,6.174729814,2.643689502,12,3.03229475,-1.676805735,Label_I
21-3-1-3,21,3,T2D,55,1,176,70,22.59,3,6.8,5.47,0,Large,44115,257.1571557,0.492340268,1,9317,0.211198005,441,265,331,106,5,89,72,0.600907029,0.750566893,0.240362812,0.011337868,0.201814059,0.163265306,15032.65924,18681.57653,4655.89446,60.99861728,4.922715115,0.44526929,0.037310726,0.040994197,0.773166198,17.2303926,0.222232297,0.642057303,2.794904343,0.000714027,1.035837338,0.113949587,1.219682201,1.129907517,1.57660486,1.359722096,1.780635144,1.655045788,40.67346314,6.444067912,4.504265703,14,1.422239542,0.809565544,Label_I
21-3-2-3,21,3,T2D,55,1,176,70,22.59,3,6.8,5.47,0,Large,32698,254.2858422,0.743450802,1,8077,0.247018166,349,238,233,64,26,47,35,0.681948424,0.667621777,0.183381089,0.074498567,0.134670487,0.100286533,14237.56457,9901.697177,1996.938928,477.9853818,5.890027218,0.424768342,0.016529557,0.030933668,0.589436986,10.8154072,0.405578152,0.604605645,1.428117068,0.00015291,0.689944647,0.081837365,1.241307074,1.160402459,1.520887489,1.442521178,1.706076638,1.624361601,39.81681397,6.001146824,4.504271208,14,2.031393528,0.18800357,Label_I
21-4-1-3,21,4,T2D,55,1,176,70,22.59,3,6.8,5.47,0,Medium,16653,170.1427572,0.589489386,1,6449,0.387257551,176,80,136,26,0,18,16,0.454545455,0.772727273,0.147727273,0,0.102272727,0.090909091,2735.835715,7192.568092,617.9628918,0,4.092019935,0.278731836,0.009757416,0.02290741,0.427494896,7.813858532,0.047345983,0.405338057,1.249369521,0,0.432028342,0.041341419,0.84271046,0.716134262,1.138555302,1.128737841,1.279542452,1.076257956,25.31980305,3.735799207,4.504276714,14,1.649229765,0.267273545,Label_II
21-5-1-3,21,5,T2D,55,1,176,70,22.59,3,6.8,5.47,0,Large,25298,210.3960179,0.651994222,1,6943,0.274448573,292,149,232,71,12,33,52,0.510273973,0.794520548,0.243150685,0.04109589,0.113013699,0.178082192,5636.777185,11884.53022,1969.922131,149.9940709,2.938614174,0.395430649,0.043163761,0.04735365,0.893592632,11.44335744,0.143424641,0.484327444,1.650262856,0.001679908,0.479722519,0.046820032,0.864125064,0.700581051,1.334993478,1.119925689,1.416162694,1.20858532,34.47383296,5.203150322,4.504282219,14,1.706790328,0.659250975,Label_I
21-6-1-3,21,6,T2D,55,1,176,70,22.59,3,6.8,5.47,0,Medium,18570,200.7136978,0.799712872,1,7666,0.41281637,222,110,142,44,0,25,38,0.495495495,0.63963964,0.198198198,0,0.112612613,0.171171171,3683.801626,6409.654838,1200.935329,0,4.25284045,0.417721178,0.065532282,0.030262237,0.77497173,12.23340154,0.098459964,0.471380109,1.168434656,0.00051155,0.442033278,0.062893759,0.928275268,0.880943406,1.3526466,1.344407948,1.304291637,1.339453987,32.81296107,5.99017285,4.504287725,14,1.481447101,0.67421031,Label_I
21-6-2-3,21,6,T2D,55,1,176,70,22.59,3,6.8,5.47,0,Medium,13637,176.3288816,0.720039817,1,5328,0.390701767,193,141,69,50,6,31,14,0.730569948,0.357512953,0.259067358,0.031088083,0.160621762,0.07253886,4839.645109,1970.855477,1629.880481,123.9909078,6.912890453,0.364899545,0.014114973,0.023133891,0.286772254,5.031749523,0.46022144,0.662780466,2.558806277,0.002383047,0.533216014,0.03589236,1.015764775,0.347704942,1.28185951,1.632937381,0.983721953,1.077247397,30.630591,4.299017451,2.260971437,12,2.973202467,-1.220392346,Label_II
21-7-1-3,21,7,T2D,55,1,176,70,22.59,3,6.8,5.47,0,Medium,19283,197.3761978,0.687106633,1,2943,0.15262148,298,94,290,22,5,25,24,0.315436242,0.973154362,0.073825503,0.016778523,0.083892617,0.080536913,2268.882338,16165.16169,485.9747978,63.99668119,3.495073636,0.518564613,0.016049575,0.062098112,0.6956285,53.50847853,0.582451773,0.386849201,0.962455922,0.003422526,0.29659303,0.070602572,1.562331467,0.367947521,1.380211574,1.346245592,1.204236673,1.40401369,29.14991703,4.988461937,13.1480855,9,-1.940221429,5.405696392,Label_V
21-7-2-3,21,7,T2D,55,1,176,70,22.59,3,6.8,5.47,0,Medium,14585,173.1263736,0.73904299,1,4876,0.334316078,169,92,90,80,0,4,12,0.544378698,0.532544379,0.473372781,0,0.023668639,0.071005917,2403.835184,4109.718223,4131.716715,0,4.047819827,0.313999726,0.019299328,0.023584259,0.465103524,21.34279446,0.179384341,0.324626354,6.42019745,0.005758947,0.432675168,0.021904566,1.036027698,0.426470588,1.019230769,1.042746469,1.107603181,0.958007679,28.77447552,4.009769642,7.862289586,2,-1.20603013,2.756553173,Label_V
21-8-1-3,21,8,T2D,55,1,176,70,22.59,3,6.8,5.47,0,Large,22068,181.4611525,0.441998575,1,7270,0.329436288,224,160,142,63,2,32,13,0.714285714,0.633928571,0.28125,0.008928571,0.142857143,0.058035714,7060.680049,7150.675971,2341.893878,37.99827813,4.55811319,0.24072228,0.013208573,0.018124972,0.32541121,4.342244778,0.07265848,0.430468077,2.254633196,0.002741402,0.461076623,0.030427296,0.706080928,0.414812633,0.992047669,1.22701527,0.97258598,0.930309484,22.41499388,3.747496488,2.254521473,12,2.596545696,-0.758394063,Label_II
21-8-2-3,21,8,T2D,55,1,176,70,22.59,3,6.8,5.47,0,Medium,15818,153.4779369,0.507702179,1,3195,0.20198508,174,126,123,24,7,15,27,0.724137931,0.706896552,0.137931034,0.040229885,0.086206897,0.155172414,6800.570074,5792.633795,1002.936595,196.9875466,5.198147797,0.257253935,0.0367912,0.019217397,0.284215184,5.037612997,0.329319173,0.398065617,1.094759466,0.000442506,0.280390669,0.031038624,0.684619761,1.532871863,1.088975283,1.128927239,0.968392439,1.064574246,22.03416777,4.655414375,2.324303388,12,2.137929678,-0.640890956,Label_II
22-3-1-3,22,3,T2D,45,1,180,85,26.23,3,6.5,5.63,0,Large,50276,324.9763413,0.790983676,1,38481,0.765395019,279,139,117,5,0,7,57,0.498207885,0.419354839,0.017921147,0,0.025089606,0.204301075,6660.867514,5704.886529,111.9977723,0,2.042305627,0.305766056,0.032599399,0.025986037,0.260387454,0.222039899,0.113262526,1.055035106,0.010641049,0.000447521,0.385912047,0.109742029,0.886299899,2.045159815,2.338932315,1.223263122,3.255504505,2.719374664,37.26568809,12.62311793,4.95E-05,10,1.291463614,-5.471157551,Label_I
22-3-2-3,22,3,T2D,45,1,180,85,26.23,3,6.5,5.63,0,Large,44342,257.249202,0.513220134,1,30078,0.678318524,290,171,160,11,2,14,47,0.589655172,0.551724138,0.037931034,0.006896552,0.048275862,0.162068966,8214.81474,7270.836028,243.9944974,21.99950387,2.70413594,0.421475768,0.033398733,0.037255035,0.384457524,0.340459599,0.170534244,1.430721873,0.025347856,0.000169136,0.515368829,0.11645581,1.096565411,4.330863947,3.13748506,1.713810523,4.016812124,2.730870712,44.161446,14.52567485,4.40E-05,10,0.859874964,-5.276684284,Label_I
22-3-3-3,22,3,T2D,45,1,180,85,26.23,3,6.5,5.63,0,Large,27053,226.2805209,0.728588656,1,20940,0.774036151,163,91,19,0,3,43,31,0.558282209,0.116564417,0,0.018404908,0.263803681,0.190184049,5739.787832,374.9861388,0,25.99903896,2.982830635,0.373142604,0.03267539,0.039883197,0.246303689,0.018758779,0.182948917,1.166370962,0.000147852,0.001201301,3.18191395,0.175685666,1.003511496,2.038053523,2.517779256,1.720614327,3.453611296,2.740093886,38.31766097,12.32157906,3.85E-05,10,1.325192094,-5.406431198,Label_I
22-4-1-3,22,4,T2D,45,1,180,85,26.23,3,6.5,5.63,0,Large,27756,224.0050791,0.698623025,1,14388,0.518374406,185,94,142,38,2,24,50,0.508108108,0.767567568,0.205405405,0.010810811,0.12972973,0.27027027,4666.831862,10200.63249,991.9642613,14.9994596,2.623896675,0.433025903,0.03240624,0.047987895,0.521291926,0.991011276,0.208974313,1.437853514,0.334312065,0.0034766,0.744388803,0.219854451,1.197013366,2.096552221,3.070684872,1.74613611,4.144576143,3.228032568,37.59979465,15.02222863,3.30E-05,10,0.995193124,-5.302215576,Label_I
22-4-2-3,22,4,T2D,45,1,180,85,26.23,3,6.5,5.63,0,Large,25241,198.3832923,0.557063446,1,9282,0.367735034,215,136,180,44,0,41,53,0.63255814,0.837209302,0.204651163,0,0.190697674,0.246511628,7527.701767,10847.57024,968.9616116,0,4.379981776,0.546311703,0.044568576,0.051976864,0.556156406,1.022878536,0.254872831,1.613956897,0.421816813,0.003189129,0.748692655,0.222466524,1.464761112,2.862293004,3.59347516,2.13164567,4.527236352,2.86789874,44.56796213,16.79595515,0,10,1.072010517,-4.688422203,Label_I
22-4-3-3,22,4,T2D,45,1,180,85,26.23,3,6.5,5.63,0,Medium,17381,164.5481943,0.548807513,1,6796,0.391001668,172,122,140,41,0,18,38,0.709302326,0.813953488,0.238372093,0,0.104651163,0.220930233,4784.724715,6746.61184,863.9502934,0,4.103354044,0.548095731,0.040127718,0.053647451,0.581434818,0.853612933,0.247267288,1.614601312,0.429150846,0.003969624,0.670751352,0.170866414,1.526550454,2.246001611,3.660395812,2.111724773,4.724341273,2.431912323,47.53618686,15.94615119,0.0082888,10,1.173053384,-4.702685833,Label_I
22-4-4-3,22,4,T2D,45,1,180,85,26.23,3,6.5,5.63,0,Medium,6854,104.5882796,0.581901025,1,1643,0.239714036,80,37,79,12,0,10,17,0.4625,0.9875,0.15,0,0.125,0.2125,992.8551422,4747.307367,223.9673231,0,2.712399708,0.624799416,0.073450036,0.068563093,1.085776805,1.639752006,0.307950401,1.848067104,0.274617068,0.001458789,0.827425237,0.23508388,1.803646973,3.663165573,4.017359592,2.16214442,6.249452954,2.580452225,58.36666667,17.59299781,0.023407893,10,1.177443504,-4.373804569,Label_I
22-4-5-3,22,4,T2D,45,1,180,85,26.23,3,6.5,5.63,0,Medium,5897,103.0447082,0.67750231,1,924,0.156689842,78,65,62,14,0,14,18,0.833333333,0.794871795,0.179487179,0,0.179487179,0.230769231,2666.547813,3032.485758,290.9506612,0,5.395133944,0.754408274,0.033740251,0.088504578,0.842912852,0.974482876,0.382332994,2.01525941,0.482875551,0.002967107,1.2626314,0.303407935,1.823075619,2.524245507,4.30671414,2.985334012,5.689640556,2.407256697,54.85495083,17.82527976,0.068776278,10,1.325148821,-4.266275406,Label_I
22-5-1-3,22,5,T2D,45,1,180,85,26.23,3,6.5,5.63,0,Large,38717,271.5473057,0.730860809,1,24863,0.642172689,287,129,184,20,0,12,60,0.449477352,0.641114983,0.069686411,0,0.041811847,0.209059233,5009.870603,9936.743349,565.9853815,0,2.068133685,0.3055039,0.03741154,0.024006922,0.321685004,0.649607418,0.109871378,1.107740586,0.12352136,0.000710264,0.357908466,0.12584586,0.8586833,2.108993233,2.341946898,1.276680097,3.05055788,2.760770184,34.08950617,11.65415311,2.75E-05,10,1.347844124,-5.365942955,Label_I
22-5-2-3,22,5,T2D,45,1,180,85,26.23,3,6.5,5.63,0,Large,27868,229.8146164,0.735042106,1,14873,0.53369456,232,107,181,39,3,17,67,0.461206897,0.780172414,0.168103448,0.012931034,0.073275862,0.288793103,3857.861567,10050.63935,1051.962252,41.99849295,2.284473788,0.442498834,0.040905666,0.048799742,0.603771215,0.990293875,0.236104632,1.322813879,0.341634074,0.004413506,0.543740357,0.164663246,1.202967455,3.264074778,3.191592809,1.64150131,4.751193082,2.85318813,43.5587391,15.72248735,2.20E-05,10,1.08300674,-5.317425251,Label_I
22-5-3-3,22,5,T2D,45,1,180,85,26.23,3,6.5,5.63,0,Medium,7975,129.4020048,0.782032007,1,815,0.102194357,121,110,95,14,0,8,14,0.909090909,0.785123967,0.115702479,0,0.066115702,0.115702479,4662.415371,3612.547016,324.9592528,0,7.956682548,0.884904714,0.026328987,0.114844534,0.860456369,1.413678536,0.454864594,2.433801404,0.413991976,0.001692578,0.854689067,0.193141926,2.059240221,4.196150953,4.970160481,3.770624373,6.27946339,2.097291876,58.93304915,17.20699599,0.090019987,10,1.63009584,-3.936733007,Label_I
22-6-1-3,22,6,T2D,45,1,180,85,26.23,3,6.5,5.63,0,Large,30423,212.5301887,0.508197306,1,20185,0.663478289,256,115,173,1,14,0,20,0.44921875,0.67578125,0.00390625,0.0546875,0,0.078125,4187.862346,6222.795458,17.99940836,228.992473,2.082714304,0.361951091,0.023994215,0.029779122,0.493294767,0.353963976,0.237822114,1.12974954,0.008578754,0,0.454690376,0.087315935,1.167795162,1.5433868,2.724625296,1.764412963,3.859946095,2.07566395,39.12804036,9.960771102,0.004881212,10,1.58752501,-5.042885303,Label_I
22-6-2-3,22,6,T2D,45,1,180,85,26.23,3,6.5,5.63,0,Medium,19352,168.8014813,0.46880675,1,11793,0.609394378,169,113,83,0,3,5,13,0.668639053,0.49112426,0,0.017751479,0.029585799,0.076923077,4795.752183,3064.841627,0,72.99622797,3.557484628,0.442541208,0.021185346,0.038443652,0.432516922,0.266909523,0.219630032,1.193406707,0.000180851,0,0.427969824,0.112850721,1.326822715,2.562419263,3.001782669,2.16038857,3.916369555,2.381052033,39.1656074,12.78036997,0,10,1.174362421,-5.043736935,Label_I
22-7-1-3,22,7,T2D,45,1,180,85,26.23,3,6.5,5.63,0,Medium,20242,173.9939319,0.516119457,1,10540,0.520699536,199,133,115,4,0,4,41,0.668341709,0.577889447,0.020100503,0,0.020100503,0.206030151,6894.659388,3209.841427,106.9947142,0,4.615002717,0.467544336,0.058415255,0.036481747,0.394704342,0.270290965,0.18334733,1.234056217,0.031344168,0,0.370943042,0.156943141,1.304426221,2.475448303,3.275428543,2.084448945,3.468680532,1.995924517,37.37924221,12.11502742,0.001100037,10,0.962331116,-4.832534313,Label_I
22-7-2-3,22,7,T2D,45,1,180,85,26.23,3,6.5,5.63,0,Medium,18374,193.4466535,0.753164569,1,9260,0.503973005,218,152,97,40,1,10,17,0.697247706,0.444954128,0.183486239,0.004587156,0.04587156,0.077981651,6339.654966,2770.849197,732.9601088,26.99853061,4.534612245,0.468435374,0.036027211,0.038122449,0.32429932,0.256571429,0.16737415,1.046312925,0.326666667,0.001768707,0.480653061,0.164843537,1.182285714,3.54552381,3.22277551,1.950612245,3.182285714,1.513442177,30.04933333,11.40881633,0.125898375,10,0.756135166,-4.74572134,Label_II
22-7-3-3,22,7,T2D,45,1,180,85,26.23,3,6.5,5.63,0,Medium,15114,151.7178864,0.518060226,1,10882,0.719994707,128,79,46,8,8,7,26,0.6171875,0.359375,0.0625,0.0625,0.0546875,0.203125,2887.808932,1143.924314,119.9920609,179.9880913,2.783427059,0.346907046,0.037148528,0.02742309,0.398379094,0.102150182,0.200760834,0.922725769,0.067085676,9.92E-05,0.361065167,0.114389679,1.021071783,1.917433014,2.736420774,1.584684089,3.072709229,1.859212703,36.99725438,10.52782005,1.65E-05,10,1.527439833,-5.233460903,Label_I
22-7-4-3,22,7,T2D,45,1,180,85,26.23,3,6.5,5.63,0,Medium,11024,122.5934157,0.244204617,1,7963,0.722333091,111,64,35,5,0,5,14,0.576576577,0.315315315,0.045045045,0,0.045045045,0.126126126,2044.814512,1040.905578,58.99464853,0,2.493424036,0.2861678,0.019138322,0.016326531,0.256598639,0.136780045,0.097414966,0.720226757,0.036870748,0,0.203854875,0.150113379,0.749251701,3.212335601,2.399092971,1.263446712,2.291201814,1.878095238,25.21433107,9.310340136,1.10E-05,10,1.246854186,-5.387193203,Label_II
22-8-1-3,22,8,T2D,45,1,180,85,26.23,3,6.5,5.63,0,Large,35558,242.9784434,0.608854869,1,22231,0.625203892,351,194,213,24,0,9,31,0.552706553,0.606837607,0.068376068,0,0.025641026,0.088319088,5830.836019,7468.789955,438.9876543,0,2.563978177,0.398337974,0.020430833,0.019432492,0.483000084,0.771464327,0.134536967,0.938074749,0.10689277,0.002882533,0.359697967,0.119941506,1.050845074,1.717441435,2.80116145,1.512331618,3.549298349,1.776596642,35.35047386,13.78854861,5.51E-06,10,0.864447296,-5.250638008,Label_I
22-8-2-3,22,8,T2D,45,1,180,85,26.23,3,6.5,5.63,0,Large,21214,197.00334,0.677374438,1,12222,0.576128971,279,148,176,28,0,4,52,0.53046595,0.630824373,0.100358423,0,0.014336918,0.186379928,3476.836107,5226.753618,670.9683714,0,2.654913976,0.42064577,0.067852934,0.024911619,0.658331369,0.927244874,0.153358473,0.953806269,0.220881452,0.001225548,0.357647891,0.189559274,1.10879095,3.889040773,3.292552439,1.558567052,3.439358944,1.614211643,33.94694791,13.2396889,0.038320067,10,0.737971544,-5.189991474,Label_I
22-8-3-3,22,8,T2D,45,1,180,85,26.23,3,6.5,5.63,0,Medium,12971,177.3832804,0.817831826,1,9562,0.737182947,129,71,59,1,0,0,3,0.550387597,0.457364341,0.007751938,0,0,0.023255814,2206.829864,1273.901788,8.999306198,0,2.538544558,0.32096053,0.007708912,0.0265572,0.4054502,0.38590811,0.089770274,0.800609004,0.009096516,0,0.210106383,0.103993216,0.871261178,1.035460993,2.238937712,1.414970706,2.807238668,1.334451126,30.64589115,9.646507863,0,10,1.36572361,-5.255698204,Label_II
22-9-1-3,22,9,T2D,45,1,180,85,26.23,3,6.5,5.63,0,Large,31436,217.4483075,0.503975038,1,17796,0.566102558,374,190,227,41,11,9,35,0.50802139,0.606951872,0.109625668,0.029411765,0.024064171,0.093582888,5252.832904,8037.744314,838.9733117,215.9931291,1.786016477,0.48180488,0.032588987,0.0309826,0.765244775,0.926853707,0.260966377,1.155358336,0.198333174,0.003801253,0.554362694,0.158952826,1.2940007,2.883131342,3.655135668,1.716305627,5.7584057,3.042449979,50.84357604,21.90412571,5.51E-06,10,0.728593707,-5.237559795,Label_I
22-9-2-3,22,9,T2D,45,1,180,85,26.23,3,6.5,5.63,0,Medium,6932,135.1820167,0.843535771,1,2285,0.329630698,106,96,23,3,0,7,0,0.905660377,0.216981132,0.028301887,0,0.066037736,0,4210.392615,433.9374008,93.98644166,0,5.080124044,0.737559498,0.002235684,0.041396221,0.620077888,0.241526035,0.263882879,1.53266984,0.137674888,0.004904082,0.882374153,0.16270013,1.642795327,1.659959613,3.992355402,3.184335785,5.445045435,1.912591952,59.08308092,20.80210587,0,10,0.916184366,-4.416142941,Label_I
22-9-3-3,22,9,T2D,45,1,180,85,26.23,3,6.5,5.63,0,Medium,4017,208.6651127,0.856422157,1,561,0.13965646,56,56,1,0,0,0,6,1,0.017857143,0,0,0,0.107142857,3445.142359,12.99676456,0,0,6.50286212,0.576157292,0.005973121,0.028123444,0.180562469,0.014932802,0.098307616,1.442508711,0.00012444,0,0.287829766,0.046042807,1.472249876,1.347934296,3.207441513,3.058611249,3.468765555,1.163265306,53.84059233,15.16612743,0.164452412,10,1.484708428,-3.810879707,Label_I
23-11-1-3,23,11,T2D,42,1,180,100,30.86,4,6.3,0,5,Large,30216,291.5686656,0.878129272,1,5050,0.167129997,443,296,399,59,14,12,53,0.668171558,0.900677201,0.133182844,0.031602709,0.027088036,0.119638826,9486.686038,17712.41381,1407.953404,358.9881193,5.154796969,0.558079889,0.014644075,0.011566337,0.595939372,18.99685607,0.791342622,0.49682298,0.631895953,0.01866499,0.361882384,0.038852302,1.104295595,1.31434292,2.458582917,1.20733362,3.806383824,1.200565907,40.35124268,15.65787471,5.493129396,11,-0.371760517,0.50327605,Label_I
23-11-2-3,23,11,T2D,42,1,180,100,30.86,4,6.3,0,5,Large,26475,335.2965485,0.923939132,1,7595,0.28687441,391,265,300,88,47,0,14,0.677749361,0.767263427,0.225063939,0.120204604,0,0.035805627,7890.701956,10254.61267,2508.905235,1160.956149,4.009102583,0.401193534,0.003890316,0.006326484,0.337645415,10.8265599,1.55438888,0.254135821,1.444742408,0.047571385,0.178369089,0.029479529,0.916698142,0.652534371,1.806749509,0.955299139,2.590062698,0.977149116,25.5093292,12.67859571,5.624508017,11,-0.614180565,0.15108034,Label_II
23-11-3-3,23,11,T2D,42,1,180,100,30.86,4,6.3,0,5,Medium,10999,166.382351,0.741200492,1,4487,0.407946177,189,99,160,32,4,0,7,0.523809524,0.846560847,0.169312169,0.021164021,0,0.037037037,2074.811364,4252.613364,682.9379091,23.99781818,3.009636364,0.310318182,0.002409091,0.0045,0.313681818,9.844818182,0.197636364,0.121954545,0.894681818,0.024636364,0.088954545,0.040090909,0.8445,0.561545455,1.592772727,0.859772727,2.238090909,0.787727273,18.73463636,11.08909091,6.120692706,11,-0.914200783,0.711309969,Label_IV
23-18-1-3,23,18,T2D,42,1,180,100,30.86,4,6.3,0,5,Large,30931,345.0875118,0.923156603,1,6345,0.205134008,383,265,318,106,0,30,33,0.691906005,0.830287206,0.276762402,0,0.078328982,0.08616188,10009.67639,14417.53388,3012.902593,0,4.737359369,0.371427648,0.008486357,0.006110177,0.336641666,12.79370878,0.229810552,0.528433338,0.880641407,0.012139532,0.316565369,0.048994569,0.939124531,1.047410449,2.067583732,0.945994439,2.735613604,1.016277641,33.66848248,10.78968382,5.250211785,14,-0.099895827,0.142317355,Label_I
23-18-2-3,23,18,T2D,42,1,180,100,30.86,4,6.3,0,5,Medium,18910,246.1212212,0.89568107,1,6226,0.329243786,272,197,177,47,19,14,14,0.724264706,0.650735294,0.172794118,0.069852941,0.051470588,0.051470588,6830.638782,5143.727989,1051.944371,279.9851938,4.970969277,0.370154936,0.004917773,0.007852573,0.320580614,7.263523875,0.487335413,0.625852678,0.507958331,0.006133996,0.229205224,0.030088308,0.882026334,0.972132621,2.01168632,1.052694199,2.485273121,1.075934641,34.02680979,10.14182222,2.910394382,1,0.770145714,-1.229840994,Label_I
23-18-3-3,23,18,T2D,42,1,180,100,30.86,4,6.3,0,5,Medium,8055,111.4122162,0.514346706,1,2758,0.342396027,117,94,64,35,0,13,9,0.803418803,0.547008547,0.299145299,0,0.111111111,0.076923077,3579.555611,1222.848188,1055.868918,0,5.712264151,0.375620655,0.012723436,0.007199603,0.157584409,5.196933962,0.108552632,0.502855015,1.3382572,0.024267627,0.362835154,0.044873386,0.79872145,1.052135055,1.961705561,1.162549652,2.021226415,0.790032274,29.91919067,9.905598312,2.760008242,1,0.986395061,-1.856633425,Label_II
23-26-1-3,23,26,T2D,42,1,180,100,30.86,4,6.3,0,5,Large,62787,406.1397999,0.838176933,1,28187,0.448930511,779,414,648,147,0,43,29,0.531450578,0.831835687,0.188703466,0,0.055198973,0.037227214,10675.82997,24245.61384,3392.945961,0,2.733802637,0.227949608,0.003790533,0.007724406,0.293216857,20.09057463,0.274805695,0.138927821,1.416735682,0.047843537,0.147544117,0.042141811,0.561357266,0.742355227,1.401509843,0.54218959,2.184446072,0.941103396,18.80387972,9.025562209,9.525108809,2,-2.77188921,3.528929234,Label_V
23-6-1-3,23,6,T2D,42,1,180,100,30.86,4,6.3,0,5,Large,31537,274.8343281,0.834089495,1,6280,0.199131179,417,336,322,63,10,6,19,0.805755396,0.772182254,0.151079137,0.023980815,0.014388489,0.045563549,14678.53456,12902.59087,1340.95748,247.9921365,3.134599531,0.30330078,0.008275731,0.003075655,0.24571945,7.083867081,0.130905574,0.401896125,0.3655273,0.013745323,0.211506754,0.017613672,0.765029488,1.073958399,1.752108567,0.998065825,2.925756231,1.076399899,32.36955419,13.12863847,2.794003739,1,0.049466029,-1.313730597,Label_II
23-6-2-3,23,6,T2D,42,1,180,100,30.86,4,6.3,0,5,Medium,9101,121.917422,0.549705999,1,2266,0.248983628,154,126,81,40,0,2,3,0.818181818,0.525974026,0.25974026,0,0.012987013,0.019480519,4502.505274,2128.766095,1211.866842,0,3.10519666,0.269830806,0.004284773,0.003515711,0.122445616,4.174137552,0.036805098,0.330092287,1.094374863,0.047846627,0.207591738,0.016040431,0.605416392,0.869039771,1.566359042,1.010931663,2.357064381,0.816359042,23.48137772,10.78444298,2.986303503,1,-0.789311171,-2.502482414,Label_II
23-6-3-3,23,6,T2D,42,1,180,100,30.86,4,6.3,0,5,Medium,8497,140.3147656,0.769204662,1,2113,0.248676003,138,113,58,0,10,5,7,0.81884058,0.420289855,0,0.072463768,0.036231884,0.050724638,4940.418569,1685.8016,0,196.9768181,3.780301247,0.355907272,0.008766769,0.002530007,0.234584608,2.975994352,0.155448341,0.465168275,0.000235349,0,0.297952459,0.017004001,0.758531419,1.07460579,1.762179336,1.33131325,2.823429042,1.120557778,30.87602965,12.31525065,0.07730777,10,0.255440325,-3.962662697,Label_II
23-7-1-3,23,7,T2D,42,1,180,100,30.86,4,6.3,0,5,Large,21696,218.3750943,0.748875864,1,6107,0.281480457,302,210,220,48,4,3,7,0.695364238,0.728476821,0.158940397,0.013245033,0.009933775,0.023178808,7159.67,8446.610684,950.9561691,24.99884777,4.810665069,0.366133567,0.001520948,0.005645942,0.275982855,10.40524036,0.146587086,0.488984652,0.373093054,0.01087708,0.167695995,0.021224132,0.834861962,0.766672812,1.848988339,1.010761856,2.479029359,0.773286629,30.24717703,10.08579527,5.083619331,14,-0.017956279,-0.139576003,Label_I
23-7-2-3,23,7,T2D,42,1,180,100,30.86,4,6.3,0,5,Medium,14687,173.5486249,0.749301426,1,4790,0.326138762,205,149,138,59,7,0,10,0.726829268,0.673170732,0.287804878,0.034146341,0,0.048780488,3899.734477,4850.66973,1991.864379,157.9892429,3.897671569,0.311138344,0.008510349,0.003472222,0.247446895,8.89185049,0.214801198,0.44921024,1.452342048,0.057972495,0.249353214,0.021786492,0.774884259,0.905977669,1.757931645,0.99877451,2.59422658,0.848822168,31.8530433,11.29724946,4.332266908,1,0.076915018,-0.721310914,Label_I
23-8-1-3,23,8,T2D,42,1,180,100,30.86,4,6.3,0,5,Large,45185,300.0309958,0.703992504,1,7715,0.170742503,625,464,506,34,0,14,49,0.7424,0.8096,0.0544,0,0.0224,0.0784,17776.60658,23670.47614,796.9823618,0,5.59831585,0.483490462,0.011873147,0.007889612,0.364050812,8.578840791,0.16515071,0.584639047,0.17904882,0.006971186,0.239930509,0.060593989,0.990030098,1.203558624,2.20785199,1.1723764,3.183463905,1.364902846,36.29207055,13.99357102,2.910388877,1,0.291257143,-1.13241744,Label_I
23-8-2-3,23,8,T2D,42,1,180,100,30.86,4,6.3,0,5,Medium,4869,139.5041864,0.931119839,1,363,0.074553296,79,40,74,20,0,1,11,0.506329114,0.936708861,0.253164557,0,0.012658228,0.139240506,1504.690965,3246.333265,365.924846,0,4.635523614,0.429568789,0.023511294,0.007084189,0.412628337,10.77915811,0.18613963,0.704722793,0.662422998,0.021355236,0.388706366,0.058521561,0.999281314,1.358418891,2.222792608,1.080184805,3.523408624,1.709548255,42.34804928,14.96899384,4.332272414,1,0.020846359,-0.835774601,Label_I
23-8-3-3,23,8,T2D,42,1,180,100,30.86,4,6.3,0,5,Medium,4715,112.9632962,0.874053718,1,263,0.055779427,74,42,68,36,0,2,4,0.567567568,0.918918919,0.486486486,0,0.027027027,0.054054054,1216.741942,3395.279898,1096.767388,0,3.432039864,0.460029686,0.003286684,0.009117897,0.455258694,11.02449109,0.204728584,0.642917727,2.553011026,0.095949958,0.506043257,0.041984733,1.078350297,1.458333333,2.384011874,1.117154368,3.55216285,1.421437659,38.94804919,15.03975827,4.218118936,1,-0.393258154,-0.825186312,Label_I
24-1-1-3,24,1,T2D,47,1,180,105,32.4,4,6.7,5.13,0,Medium,13383,155.1557213,0.597613912,1,3163,0.236344616,166,126,120,23,8,5,4,0.759036145,0.722891566,0.138554217,0.048192771,0.030120482,0.024096386,4879.635386,5680.575538,880.9341751,250.9812463,2.191758816,0.058801554,0.00343694,0.002615063,0.080058279,4.591900777,0.337866109,0.014308129,1.196428571,0.032426778,0.038927077,0.003399582,0.335923491,0.223475792,0.457673341,0.539001793,0.837156306,0.245031381,7.996413628,3.709952182,6.785919846,11,-0.761477947,1.381318212,Label_IV
24-10-1-3,24,10,T2D,47,1,180,105,32.4,4,6.7,5.13,0,Large,51132,292.3224631,0.589147481,1,20538,0.401666276,560,366,481,117,0,8,30,0.653571429,0.858928571,0.208928571,0,0.014285714,0.053571429,13049.74478,20020.60845,3042.940489,0,1.038262961,0.070913109,0.005104336,0.011597207,0.104462871,5.528729001,0.065603426,0.016652651,0.943158039,0.015322786,0.080965326,0.012095907,0.202413314,0.52439716,0.493947157,0.30307238,0.992930202,0.582187628,8.127060802,4.542027653,9.209385737,2,-2.445451975,2.094230413,Label_IV
24-2-1-3,24,2,T2D,47,1,180,105,32.4,4,6.7,5.13,0,Large,24396,325.437687,0.940358171,1,1858,0.076160026,373,276,326,142,0,15,9,0.739946381,0.873994638,0.380697051,0,0.040214477,0.024128686,12323.49486,13021.46625,4235.826372,0,2.578677706,0.074722302,0.003012665,0.01725622,0.036725827,8.472209698,0.082940525,0.006886093,5.144484978,0.120055745,0.186723778,0.001721523,0.184571874,0.282186334,0.403328278,0.201151781,0.762409313,0.259745051,8.522912653,3.77050457,10.63347228,2,-1.314784765,3.240335703,Label_IV
24-2-2-3,24,2,T2D,47,1,180,105,32.4,4,6.7,5.13,0,Medium,15986,167.277997,0.63708123,1,2000,0.125109471,212,150,169,9,0,57,9,0.70754717,0.797169811,0.04245283,0,0.268867925,0.04245283,7107.555389,8880.444486,89.99437043,0,1.973290799,0.065115406,0.005379371,0.007506099,0.028054044,9.490586101,0.096015513,0.002720961,0.187589917,0.003721774,0.406048665,0.086539063,0.224057046,0.219678489,0.412741603,0.208951023,1.071870895,0.449646588,8.609557766,4.249546507,10.21183988,2,-2.172145367,4.017718315,Label_IV
24-2-3-3,24,2,T2D,47,1,180,105,32.4,4,6.7,5.13,0,Medium,6557,136.511942,0.775822957,1,1426,0.217477505,145,0,97,0,129,3,3,0,0.668965517,0,0.889655172,0.020689655,0.020689655,0,2153.671546,0,4173.363525,0.002516011,0.036139067,0.001829826,0.008386703,0.156221409,4.650198231,11.97102775,0.172156145,0,0,0.059545593,0.046279353,0.0757853,0.619396157,0.481625496,0.092787435,1.028819762,0.496721561,5.661558402,4.578682525,4.671154642,14,0.325532228,0.474694014,Label_IV
24-2-4-3,24,2,T2D,47,1,180,105,32.4,4,6.7,5.13,0,Medium,6134,100.2412542,0.557449688,1,622,0.101402022,117,101,85,32,0,0,1,0.863247863,0.726495726,0.273504274,0,0,0.008547009,4190.31687,2137.651508,616.8994295,0,3.414995925,0.100325998,0.001385493,0.005541972,0.024368378,5.318907905,0.044172779,0.002526487,2.705134474,0.05191524,0.09396903,0.009209454,0.160961695,0.3400978,0.487693562,0.404237979,0.707742461,0.252485738,7.195191524,3.504400978,15.23435168,5,-0.254548222,2.690453768,Label_IV
24-3-1-3,24,3,T2D,47,1,180,105,32.4,4,6.7,5.13,0,Large,35867,369.2657733,0.913750842,1,9509,0.265118354,520,382,424,77,0,21,6,0.734615385,0.815384615,0.148076923,0,0.040384615,0.011538462,13432.62549,14872.58534,1923.946359,0,2.543311587,0.085563734,0.00171462,0.004363221,0.06493253,7.636486562,0.073937772,0.012559942,1.06433311,0.022666444,0.049947028,0.007848221,0.200206312,0.331451433,0.484164157,0.371278019,0.862649158,0.31496041,8.193319951,4.205796253,9.103670723,2,-2.578382254,2.772263527,Label_IV
24-3-2-3,24,3,T2D,47,1,180,105,32.4,4,6.7,5.13,0,Medium,11370,154.38592,0.78924878,1,2774,0.243975374,168,117,125,31,0,10,4,0.696428571,0.744047619,0.18452381,0,0.05952381,0.023809524,5199.542696,3646.679272,593.9477619,0,2.799797731,0.083853663,0.00233049,0.005232609,0.053777152,6.114897546,0.0484566,0.015082227,0.66550875,0.01196025,0.077433823,0.007343242,0.190924281,0.347155044,0.509014159,0.423797379,0.818485621,0.332996218,9.279702753,4.081655088,7.164044398,11,-1.12329638,1.750742674,Label_IV
24-4-1-3,24,4,T2D,47,1,180,105,32.4,4,6.7,5.13,0,Medium,15808,229.3410633,0.906638163,1,3702,0.234185223,234,185,133,61,0,14,9,0.790598291,0.568376068,0.260683761,0,0.05982906,0.038461538,7908.499715,4184.735277,2063.869441,0,4.134290594,0.142387248,0.00452274,0.009836169,0.027484344,3.315421595,0.054019862,0.01888165,4.034600544,0.095483585,0.142007717,0.003890189,0.196185717,0.386393826,0.604813714,0.519925359,0.630621798,0.376304637,8.177335695,3.776646214,16.03625,5,0.20171991,1.933805227,Label_IV
24-4-2-3,24,4,T2D,47,1,180,105,32.4,4,6.7,5.13,0,Medium,4758,154.8033706,0.960657446,1,1015,0.213324926,84,67,58,33,0,7,0,0.797619048,0.69047619,0.392857143,0,0.083333333,0,2325.511242,1368.712335,941.8020593,0,4.045282622,0.123240177,0,0.010086153,0.007984871,3.698045808,0.046228199,0.019121664,4.855431813,0.09224627,0.183757092,0.008615255,0.293233873,0.472578273,0.602332423,0.455768018,0.675877285,0.354381173,8.199516705,3.440533726,15.82961503,5,-0.077631719,2.122256279,Label_IV
24-5-1-3,24,5,T2D,47,1,180,105,32.4,4,6.7,5.13,0,Medium,4363,143.0426043,0.889357977,1,953,0.218427687,93,71,53,0,0,0,0,0.76344086,0.569892473,0,0,0,0,2500.426902,1141.738313,0,0,3.366750687,0.085128323,0.000114574,0.003666361,0.011571952,1.677703941,0.01088451,0.0118011,0.000114574,0,0.010426214,0.000343721,0.168423465,0.433776352,0.594867094,0.504812099,0.575389551,0.376947754,9.394821265,3.596471127,2.592581637,1,0.895133913,-2.033484936,Label_IV
24-6-1-3,24,6,T2D,47,1,180,105,32.4,4,6.7,5.13,0,Large,49400,268.5708293,0.475495068,1,14220,0.287854251,645,463,534,176,0,47,29,0.717829457,0.827906977,0.272868217,0,0.072868217,0.04496124,14341.70968,21502.56473,4322.912492,0,2.947440335,0.074360843,0.005313658,0.003431105,0.021183782,10.85110625,0.091131758,0.004787352,4.80228133,0.116505739,0.147416044,0.002084978,0.132102589,0.285348475,0.387724945,0.241057873,0.894222789,0.30502419,10.04435133,4.908301451,10.63347779,2,-1.528087735,3.364715576,Label_IV
24-7-1-3,24,7,T2D,47,1,180,105,32.4,4,6.7,5.13,0,Large,22705,189.9534559,0.483546754,1,5067,0.223166703,305,210,278,96,0,28,19,0.68852459,0.91147541,0.314754098,0,0.091803279,0.062295082,7104.687087,11237.50506,2971.869109,0,2.058773012,0.123117238,0.008543997,0.00649608,0.156412402,10.05703338,0.143618427,0.031995948,3.777701929,0.085417951,0.165639038,0.006672245,0.357768872,0.440852638,0.683255527,0.52847265,1.408834669,0.407601515,11.03155554,6.340835022,8.579097082,2,-1.94293046,2.691982985,Label_IV
24-7-2-3,24,7,T2D,47,1,180,105,32.4,4,6.7,5.13,0,Medium,5771,120.4168084,0.849408141,1,2387,0.413619823,89,72,62,10,0,1,3,0.808988764,0.696629213,0.112359551,0,0.011235955,0.033707865,2100.636001,1180.795392,444.9229037,0,2.313582814,0.117463617,0.005544006,0.00476438,0.029365904,4.897609148,0.079348579,0.016025641,1.974099099,0.039587665,0.103430353,0.008316008,0.325970201,0.508142758,0.726957727,0.71985447,1.038288288,0.542273042,10.08610534,5.926022176,6.179264608,11,-1.204630733,0.954338253,Label_IV
24-8-1-3,24,8,T2D,47,1,180,105,32.4,4,6.7,5.13,0,Medium,11023,135.0861578,0.592119749,1,2784,0.252562823,148,93,128,15,0,2,1,0.628378378,0.864864865,0.101351351,0,0.013513514,0.006756757,3410.690584,5666.48594,226.9794086,0,4.577149855,0.181376996,0.001451379,0.017280479,0.021498549,14.44267054,0.246326197,0.006304427,0.436093977,0.005170537,0.029254354,0.001224601,0.225644049,0.305288462,0.593931422,0.232674165,0.811275399,0.694711538,9.769276125,4.47451016,12.29519883,9,-0.970434666,4.864909172,Label_IV
24-8-2-3,24,8,T2D,47,1,180,105,32.4,4,6.7,5.13,0,Medium,9264,152.2272236,0.845348563,1,1747,0.188579447,155,108,112,21,0,11,10,0.696774194,0.722580645,0.135483871,0,0.070967742,0.064516129,4261.539989,3810.588667,423.9542364,0,6.235941716,0.314301133,0.013707501,0.028008635,0.041716136,10.89519698,0.239881274,0.018294657,1.074743659,0.025472207,0.120939018,0.001834862,0.342039935,0.539989207,0.826821371,0.517970858,1.106152186,0.78440367,12.14587156,6.840906638,14.86098606,5,-0.479103088,3.364963055,Label_IV
24-9-1-3,24,9,T2D,47,1,180,105,32.4,4,6.7,5.13,0,Medium,9362,134.0393767,0.721263856,1,2332,0.249092074,143,93,87,10,0,5,5,0.65034965,0.608391608,0.06993007,0,0.034965035,0.034965035,4226.548542,3103.668482,383.9589875,0,3.443874826,0.135373278,0.00347111,0.003310905,0.079675318,5.127309623,0.066912314,0.05158603,0.838032682,0.015486489,0.069422194,0.010039517,0.275873118,0.65790879,0.792320837,0.706237317,1.227918402,0.525205596,10.79515113,6.01201538,6.440772706,11,-0.709855974,1.035146713,Label_IV
25-1-1-3,25,1,T2D,49,1,176,75,24.2,2,7.6,0,0,Medium,11467,162.8991563,0.795536299,1,2056,0.179297113,236,140,201,23,0,2,14,0.593220339,0.851694915,0.097457627,0,0.008474576,0.059322034,3820.666812,6265.45361,340.9702651,0,1.258109522,0.055327869,0.003226369,0.00100279,0.159051273,6.69685211,0.02498256,0.010289501,0.287975235,0,0.042989187,0.014039065,0.379577956,0.510638298,0.810821416,0.29373038,1.798046739,0.480728985,14.31178061,2.482036972,4.50429323,14,0.962547898,0.978990197,Label_IV
25-2-1-3,25,2,T2D,49,1,176,75,24.2,2,7.6,0,0,Medium,8451,117.5820898,0.489532442,1,1255,0.148503136,136,75,115,43,0,0,4,0.551470588,0.845588235,0.316176471,0,0,0.029411765,2858.661737,4391.48036,964.8858258,0,1.238227638,0.049692381,0.004022717,0.00319451,0.136003313,7.430903928,0.044486512,0.014493611,1.267155703,0,0.099680549,0.012778041,0.524964505,0.212908187,0.57850213,0.348379082,1.512600568,0.243670137,13.12760293,1.48006389,16.03625551,5,0.680096626,1.398487449,Label_IV
25-3-1-3,25,3,T2D,49,1,176,75,24.2,2,7.6,0,0,Medium,4743,85.80192305,0.508692926,1,688,0.145055872,107,83,76,12,0,0,2,0.775700935,0.710280374,0.112149533,0,0,0.018691589,2666.437816,1873.604975,207.9561551,0,0.670425801,0.009169477,0.00200253,0.002529511,0.073145025,3.304489882,0.00453204,0.004637437,0.723967116,0,0.033199831,0.018655143,0.222386172,0.166736931,0.38153457,0.172006745,0.728499157,0.159464587,6.594224283,0.933389545,16.03626101,5,0.608130455,1.292028427,Label_IV
25-4-1-3,25,4,T2D,49,1,176,75,24.2,2,7.6,0,0,Medium,8708,136.0148787,0.79561886,1,1492,0.171336702,155,128,86,30,3,1,0,0.825806452,0.55483871,0.193548387,0.019354839,0.006451613,0,5305.390745,2319.733609,566.9348949,47.99448846,0.705649328,0.01532897,5.74E-05,0.000803766,0.099609599,3.078883913,0.038064072,0.009472959,0.586347457,0,0.080721093,0.000803766,0.358824205,0.145022391,0.563038236,0.368986106,0.953783442,0.211562751,7.729991962,1.262544494,4.504298736,14,1.261943817,0.677721143,Label_IV
25-5-1-3,25,5,T2D,49,1,176,75,24.2,2,7.6,0,0,Medium,11712,167.6234486,0.836788156,1,2569,0.219347678,257,226,116,14,0,0,8,0.879377432,0.451361868,0.054474708,0,0,0.031128405,7256.380432,2461.789806,218.9813028,0,3.527320072,0.111585418,0.003073508,0.001451379,0.083795782,3.257747802,0.037522411,0.047511312,0.151370272,0,0.044138991,0.014044224,0.381285751,0.381371126,1.011397592,0.790702638,1.413856399,0.575044822,23.76752326,1.934474515,3.630750892,3,3.627910376,-1.428990006,Label_II
25-7-1-3,25,7,T2D,49,1,176,75,24.2,2,7.6,0,0,Medium,5949,93.51264419,0.368474774,1,734,0.123382081,97,92,44,6,0,2,1,0.948453608,0.453608247,0.06185567,0,0.020618557,0.010309278,4794.194118,912.8465546,174.9705882,0,1.080504202,0.010504202,0.000252101,0.000504202,0.019579832,0.933445378,0.002941176,0.009495798,0.297647059,0.00092437,0.036890756,0.007394958,0.213697479,0.198907563,0.372773109,0.263865546,0.713361345,0.215966387,9.102352941,2.200672269,0.790508234,7,2.274531603,-2.794816017,Label_IV
25-8-1-3,25,8,T2D,49,1,176,75,24.2,2,7.6,0,0,Medium,9177,198.8094949,0.92759805,1,1849,0.201481966,185,69,160,52,0,0,3,0.372972973,0.864864865,0.281081081,0,0,0.016216216,1675.817389,5254.427435,1231.865766,0,0.697918937,0.008389627,0.002233602,0.001089562,0.08542166,3.038516017,0.004630638,0.001797777,1.514164306,0.017106123,0.070276749,0.003813467,0.193070386,0.333351493,0.436533014,0.221943779,1.047722815,0.216278056,8.60263674,3.222869906,4.382342315,1,-0.436098635,-0.543917894,Label_IV
25-8-2-3,25,8,T2D,49,1,176,75,24.2,2,7.6,0,0,Medium,7755,156.0826038,0.878368141,1,1858,0.239587363,148,84,106,34,0,0,4,0.567567568,0.716216216,0.22972973,0,0,0.027027027,2025.738783,3217.585095,1133.853791,0,0.948233626,0.011346055,0.0047705,0.000322331,0.064208355,2.376547189,0.005995358,0.008831872,1.905105725,0.026689015,0.042031975,0.003158845,0.2692754,0.216799897,0.436307375,0.286939144,1.084450748,0.164259928,9.533715833,2.470474471,2.910399888,1,0.333044678,-0.97223568,Label_IV
26-1-1-3,26,1,T2D,65,1,177,75,23.93,4,7.5,0,5,Large,36868,332.6188128,0.631212443,1,17658,0.478951937,522,365,254,64,17,35,69,0.699233716,0.486590038,0.122605364,0.03256705,0.067049808,0.132183908,12528.66018,5641.846972,1538.958258,327.9911036,1.19633025,0.590306219,0.017684233,0.152716374,0.267338414,0.14265372,0.401353441,0.455165586,0.170400608,2.71E-05,0.436776153,0.013832759,0.646179717,0.587878706,1.037456942,0.826724348,1.518755594,0.855000136,34.64891915,2.710149448,6.083808564,3,5.970109463,-1.947822452,Label_II
26-1-2-3,26,1,T2D,65,1,177,75,23.93,4,7.5,0,5,Large,29452,236.6782565,0.69790109,1,9288,0.315360587,384,304,248,57,8,21,114,0.791666667,0.645833333,0.1484375,0.020833333,0.0546875,0.296875,13096.55533,7533.744203,1731.941194,176.9939904,1.622381421,0.712796659,0.058415102,0.199470343,0.269599022,0.504040335,0.396207517,0.326078837,0.310443758,3.40E-05,0.683393882,0.02398737,0.791668081,0.946015686,1.191168981,0.904967236,1.598767528,0.842545751,38.73393203,3.711625301,5.503972025,3,5.534852982,-2.279132843,Label_I
26-1-3-3,26,1,T2D,65,1,177,75,23.93,4,7.5,0,5,Medium,6843,131.3065976,0.810975628,1,1619,0.236592138,109,91,49,20,1,11,25,0.834862385,0.449541284,0.183486239,0.009174312,0.100917431,0.229357798,3957.421683,1223.821157,522.9235827,10.99839275,1.9514173,0.80720339,0.039815897,0.231954997,0.223407364,0.210987726,0.388588545,0.509862653,0.451052016,0.000146113,0.408167738,0.017460549,0.769140853,0.607831677,1.318746347,1.434102864,1.521405611,0.896843951,36.60016072,3.168468732,5.98289306,3,5.924846649,-2.124789,Label_II
26-2-1-3,26,2,T2D,65,1,177,75,23.93,4,7.5,0,5,Large,26568,216.2286685,0.66073735,1,13285,0.500037639,365,297,122,26,0,0,111,0.81369863,0.334246575,0.071232877,0,0,0.304109589,10351.61037,2934.889533,636.9760247,0,2.257631074,0.868041703,0.047875343,0.299484361,0.166735669,0.237833565,0.343746471,0.500846852,0.109432045,0,0.070288682,0.019835146,0.981444541,0.507377018,1.336896383,1.515186872,1.539124544,0.891414807,44.81660958,2.659114005,5.95101731,3,6.023869514,-2.177816629,Label_I
26-2-2-3,26,2,T2D,65,1,177,75,23.93,4,7.5,0,5,Medium,16448,177.5655899,0.71461208,1,7884,0.479328794,230,133,141,39,1,2,63,0.57826087,0.613043478,0.169565217,0.004347826,0.008695652,0.273913043,4648.717369,3422.791902,723.9559852,34.99787221,1.888351875,0.83397167,0.045382698,0.264544957,0.31068758,0.217460028,0.35695179,0.678673476,0.21703447,0,0.095993677,0.014195392,0.8588668,0.544774758,1.36038665,1.209891179,1.741929601,0.888017509,43.56517114,3.008146392,6.035321406,3,6.08075428,-2.327701807,Label_I
26-3-1-3,26,3,T2D,65,1,177,75,23.93,4,7.5,0,5,Large,34846,291.3844375,0.779327569,1,20112,0.577168111,450,267,264,126,10,30,112,0.593333333,0.586666667,0.28,0.022222222,0.066666667,0.248888889,8108.767297,4809.861968,2803.919534,201.9942032,1.017390306,0.526616351,0.08521537,0.224050851,0.28181766,0.121646053,0.225399604,18.76326513,0.357893075,0.020604356,0.308190088,0.0284673,0.316813499,1.804115132,1.166441874,0.625534479,1.25445519,1.105346228,29.18721841,2.718411915,5.288676119,3,5.266599178,-2.390172482,Label_II
26-4-1-3,26,4,T2D,65,1,177,75,23.93,4,7.5,0,5,Medium,5187,198.704351,0.918542465,1,1971,0.379988433,106,74,48,20,2,0,19,0.698113208,0.452830189,0.188679245,0.018867925,0,0.179245283,2069.601002,798.8459907,463.9105628,16.99672321,1.273997687,0.51233616,0.030840401,0.195161912,0.137528913,0.184464148,0.214533539,0.754722436,0.329703161,0,0.172609869,0.013203547,0.215593678,1.079799537,1.104953739,0.682247494,0.954510409,0.856881264,28.67819969,1.831148805,6.083814069,3,6.056268215,-1.88011694,Label_II
26-5-1-3,26,5,T2D,65,1,177,75,23.93,4,7.5,0,5,Medium,13116,157.4083194,0.31044107,1,3199,0.243900579,189,142,138,68,0,18,26,0.751322751,0.73015873,0.35978836,0,0.095238095,0.137566138,6674.491118,4404.664176,1389.894031,0,0.762255089,0.657353053,0.049058474,0.194556682,0.384310437,0.44636731,0.244644355,0.555576732,0.43737135,0,0.211443165,0.012312267,0.732751391,2.107722802,1.295456278,0.698978425,2.431119921,1.761187772,33.98078829,3.477815049,5.083234738,3,5.568547249,-1.583052278,Label_II
26-5-2-3,26,5,T2D,65,1,177,75,23.93,4,7.5,0,5,Medium,9200,162.6854761,0.747347106,1,3369,0.366195652,147,46,129,56,0,10,47,0.31292517,0.87755102,0.380952381,0,0.068027211,0.319727891,1430.844473,4029.562004,1248.864254,0,0.235028801,0.670633627,0.108466471,0.209596783,0.548364308,0.56059124,0.279860885,0.665851538,0.505923269,0.000543419,0.217313336,0.034344093,0.632376916,2.062493207,1.447451364,0.550266275,2.737419846,2.633518096,39.01206391,4.91674818,5.07982725,3,5.419257641,-1.740015507,Label_I
26-5-3-3,26,5,T2D,65,1,177,75,23.93,4,7.5,0,5,Medium,6110,162.1752911,0.780461297,1,1642,0.268739771,104,56,70,38,1,3,20,0.538461538,0.673076923,0.365384615,0.009615385,0.028846154,0.192307692,2643.567338,1662.727868,974.8404516,1.999672721,0.665439372,0.578055965,0.062101129,0.170266732,0.352806415,0.324496809,0.231549665,0.633447881,0.645557192,0.000736377,0.125265914,0.015300278,0.656602847,1.769677631,1.326378661,0.682703322,2.245459008,1.684994273,28.6593029,3.770741286,5.069468507,3,5.551884174,-1.771659136,Label_II
26-5-4-3,26,5,T2D,65,1,177,75,23.93,4,7.5,0,5,Medium,5859,140.1971435,0.873392009,1,1426,0.243386243,99,63,70,40,0,17,20,0.636363636,0.707070707,0.404040404,0,0.171717172,0.202020202,2400.590273,2044.651024,817.8604096,0,0.468515358,0.687627986,0.051279863,0.237969283,0.570307167,0.412713311,0.277047782,0.957593857,0.509129693,0,0.896075085,0.037286689,0.585580205,1.430460751,1.469453925,0.823805461,2.573464164,1.802474403,39.5721843,5.586006826,5.08324575,3,5.401109695,-1.68724227,Label_I
26-6-1-3,26,6,T2D,65,1,177,75,23.93,4,7.5,0,5,Medium,12045,179.9914048,0.859998595,1,2506,0.208053134,176,157,82,30,0,4,59,0.892045455,0.465909091,0.170454545,0,0.022727273,0.335227273,8328.308567,1319.89042,452.9623942,0,2.45434169,0.936202889,0.068861033,0.346006973,0.315457413,0.106383862,0.46384692,0.592271293,0.140461564,0,0.060268969,0.012618297,0.85845924,0.882450606,1.465299685,1.186119874,1.677029719,0.994728541,46.09131662,3.439481986,5.991897783,3,5.998283863,-2.19427228,Label_I
26-7-1-3,26,7,T2D,65,1,177,75,23.93,4,7.5,0,5,Medium,12503,146.2052316,0.315986464,1,4942,0.395265136,175,136,107,53,13,8,47,0.777142857,0.611428571,0.302857143,0.074285714,0.045714286,0.268571429,4494.640515,2071.834293,1321.894274,311.975048,1.228806782,0.51959373,0.035988484,0.171185221,0.145753359,0.167306462,0.321976967,0.573096609,0.478806782,0,0.199976008,0.011556302,0.270273512,1.065459053,1.032349648,0.694537748,1.150071977,1.058101408,28.6078055,3.023992322,5.516567483,3,5.590779781,-2.453717947,Label_II
26-8-1-3,26,8,T2D,65,1,177,75,23.93,4,7.5,0,5,Medium,7314,211.2186007,0.932722675,1,2551,0.348783156,101,81,32,10,0,2,35,0.801980198,0.316831683,0.099009901,0,0.01980198,0.346534653,3936.461791,873.8805195,114.9842789,0,1.610321258,0.654066986,0.045454545,0.165960355,0.167053999,0.144155844,0.260013671,0.425837321,0.0632946,0,0.061859193,0.00786056,0.842583732,0.546753247,1.067942584,0.934586466,1.336021873,0.772317157,42.48824334,2.179152427,6.083819575,3,6.110756874,-1.923054814,Label_I
26-8-2-3,26,8,T2D,65,1,177,75,23.93,4,7.5,0,5,Medium,4918,127.6360796,0.853981258,1,1596,0.324522163,78,72,15,10,0,5,24,0.923076923,0.192307692,0.128205128,0,0.064102564,0.307692308,3167.355967,130.9733686,142.9709291,0,1.710205326,0.707054279,0.03394999,0.286948567,0.10550925,0.019922749,0.28257776,1.453039236,0.122077658,0.00243952,0.1422037,0.020939215,0.657958935,0.313071763,1.309717422,1.136511486,0.993494613,0.88900183,35.02774954,1.735312055,6.059060394,3,5.972066879,-2.015875578,Label_II
27-1-1-3,27,1,T2D,57,0,155,60,24.97398543,3,5.8,7.71,30,Large,34116,245.3536382,0.679582345,1,18892,0.553757768,309,145,244,57,0,13,49,0.469255663,0.789644013,0.184466019,0,0.042071197,0.158576052,4555.86646,13533.60331,1138.966615,0,2.782454495,1.069071138,0.054195855,0.501084503,0.273719846,33.24673916,0.969384764,0.230295747,0.395990269,0.039349884,0.229357798,0.094293168,1.726309464,1.908813788,1.506111323,0.388911686,1.679719788,1.407333587,6.024767711,6.675909371,27.8988253,15,11.23880577,12.26875591,Label_V
27-1-2-3,27,1,T2D,57,0,155,60,24.97398543,3,5.8,7.71,30,Medium,16950,211.0407111,0.84335904,1,10981,0.647846608,110,54,78,42,0,0,13,0.490909091,0.709090909,0.381818182,0,0,0.118181818,3210.810572,4063.76025,1223.927792,0,3.093003363,0.959707392,0.055365465,0.471211138,0.139637779,19.73936641,0.718748156,0.178485045,0.977464456,2.95E-05,0.192997463,0.076131202,1.122942599,1.852339095,1.430653059,0.348976462,1.277358268,1.474101823,4.247684502,6.451713763,27.76971764,15,11.02031422,12.15770245,Label_V
27-1-3-3,27,1,T2D,57,0,155,60,24.97398543,3,5.8,7.71,30,Medium,9093,139.8451616,0.786728804,1,6386,0.702298471,63,49,43,4,0,0,12,0.777777778,0.682539683,0.063492063,0,0,0.19047619,2007.779195,985.8915769,178.9803167,0,3.493457225,0.627281724,0.036452606,0.289366615,0.181768199,12.50505828,0.492082692,0.135199032,0.26726413,0,0.085221025,0.035297999,0.692434572,0.857488454,0.913844293,0.245711458,0.799923026,0.738508907,2.810039587,3.032768859,27.36853857,15,10.80935192,11.94236183,Label_IV
27-1-4-3,27,1,T2D,57,0,155,60,24.97398543,3,5.8,7.71,30,Medium,5448,121.0639094,0.726265705,1,1573,0.288729809,110,53,88,54,3,1,10,0.481818182,0.8,0.490909091,0.027272727,0.009090909,0.090909091,1671.693155,2033.62672,1266.76748,14.9972472,4.956781061,1.184437511,0.06267205,0.511928794,0.418241879,31.63158378,1.595613874,0.261882914,2.879152138,0,0.326114883,0.136722334,2.026426867,3.794732979,1.886676454,0.441457148,2.18764911,1.484859607,6.694347587,8.614424665,27.56541399,15,10.88771725,12.0814991,Label_V
27-2-1-3,27,2,T2D,57,0,155,60,24.97398543,3,5.8,7.71,30,Large,30812,216.0118304,0.522419573,1,9405,0.305238219,354,269,326,122,2,4,0,0.759887006,0.920903955,0.344632768,0.005649718,0.011299435,0,9513.691234,14960.51446,3006.902411,21.99928602,6.953071755,1.313325544,0.115795281,0.606967838,0.638464285,42.49178918,1.270778567,0.581475351,1.121133937,0.000584169,0.537630221,0.137506896,1.602813747,2.015042352,1.915490215,0.624866128,2.565021257,1.545175738,7.073102262,6.13491059,28.72913451,15,11.40054035,11.39956951,Label_V
27-2-2-3,27,2,T2D,57,0,155,60,24.97398543,3,5.8,7.71,30,Medium,19021,163.2241133,0.354101677,1,10570,0.555701593,176,98,144,9,2,0,0,0.556818182,0.818181818,0.051136364,0.011363636,0,0,3244.829408,6741.645568,155.991799,5.999684576,3.877431395,0.845783829,0.051755862,0.369414362,0.357953948,26.05588266,0.951398381,0.307880349,0.126222269,0,0.240169278,0.074308695,1.173404479,1.70615603,1.366128693,0.474187783,1.543265692,1.177452424,5.309036905,5.162443486,27.90689235,15,11.35058784,12.13377953,Label_V
27-3-1-3,27,3,T2D,57,0,155,60,24.97398543,3,5.8,7.71,30,Large,21253,185.1959227,0.602978888,1,7575,0.35642027,255,178,223,43,23,15,0,0.698039216,0.874509804,0.168627451,0.090196078,0.058823529,0,5750.729416,10183.52084,696.9672062,465.9780747,7.880163734,1.515244189,0.209513503,0.792086196,0.838783288,44.33221982,2.034181801,0.787992848,0.52119601,0.001576174,0.472758069,0.297214642,1.283946551,1.935917945,2.178836925,0.621106615,2.150653995,1.783452527,9.231227063,5.854286252,28.72914001,15,11.23399544,11.26128578,Label_V
27-3-2-3,27,3,T2D,57,0,155,60,24.97398543,3,5.8,7.71,30,Medium,18952,183.04376,0.655447461,1,4596,0.242507387,291,190,279,98,9,33,0,0.652920962,0.958762887,0.336769759,0.030927835,0.113402062,0,5704.698992,10783.43101,1910.899172,30.99836438,9.493642167,1.738774864,0.221468897,0.896691817,0.953912309,54.50021105,1.612436026,0.927584024,1.470875323,0.002954677,0.710705429,0.293146204,1.884662059,2.305255105,2.43528729,0.703450641,2.571809212,1.905793278,10.24141297,6.798950034,28.72914552,15,11.26481438,11.33074951,Label_V
27-4-1-3,27,4,T2D,57,0,155,60,24.97398543,3,5.8,7.71,30,Large,20642,198.0065162,0.736579721,1,4459,0.21601589,302,239,279,112,35,30,0,0.791390728,0.92384106,0.370860927,0.11589404,0.099337748,0,9381.545512,10721.4806,1934.906264,702.9659449,11.97035315,1.809426924,0.269437582,0.961972582,0.875962796,52.24698445,2.474398101,0.74962457,1.057864651,0.000653975,0.639345056,0.275832001,1.708957031,2.115462869,2.448602432,0.695078235,2.361357361,1.833042678,10.49297583,5.219275299,28.72915102,15,11.52156448,11.23357296,Label_V
27-4-2-3,27,4,T2D,57,0,155,60,24.97398543,3,5.8,7.71,30,Medium,18343,180.4807516,0.688496582,1,7130,0.388704138,206,134,189,31,0,23,0,0.650485437,0.917475728,0.150485437,0,0.111650485,0,4130.774804,8654.528184,550.9699629,0,5.689735063,1.103903184,0.114233537,0.589593328,0.635984518,47.32375709,1.151057567,0.769161579,0.310346707,0.000163541,0.489833188,0.213121457,1.140182076,1.701319232,1.766081553,0.518807239,2.008231574,1.376117532,7.470589839,3.55170628,28.62545087,15,11.87077236,11.60617924,Label_V
27-4-3-3,27,4,T2D,57,0,155,60,24.97398543,3,5.8,7.71,30,Medium,5970,118.7100713,0.774183359,1,586,0.098157454,128,72,122,43,0,18,0,0.5625,0.953125,0.3359375,0,0.140625,0,2120.644783,4416.260258,930.8440797,0,10.46683973,2.004605594,0.292748283,1.097136158,1.16680623,74.57536426,2.055602077,1.155082901,1.961731703,0.000837381,1.012644448,0.386451181,1.95494892,3.538268297,2.880756992,0.838050578,2.962904036,2.116814604,11.9021102,6.61179032,28.72915653,15,11.8811388,11.35197639,Label_V
27-4-4-3,27,4,T2D,57,0,155,60,24.97398543,3,5.8,7.71,30,Medium,4848,90.07665581,0.62328647,1,797,0.16439769,72,43,67,28,0,20,0,0.597222222,0.930555556,0.388888889,0,0.277777778,0,1178.756857,3066.367498,729.8494535,0,6.081356981,1.431738503,0.127552073,0.76644669,0.828624459,67.77118994,1.530006187,1.452876882,1.475871314,0,1.076098165,0.450092803,1.175293875,2.868735822,2.450608373,0.707774799,3.058568777,1.83656424,9.361002269,5.210043308,28.4929233,15,11.95419407,11.74093819,Label_V
27-4-5-3,27,4,T2D,57,0,155,60,24.97398543,3,5.8,7.71,30,Medium,4096,124.0576185,0.916383062,1,295,0.072021484,56,33,50,18,0,16,0,0.589285714,0.892857143,0.321428571,0,0.285714286,0,1422.652673,2550.377349,367.9101782,0,7.453258482,1.574200635,0.179399561,0.950817671,0.729436173,65.41811081,1.564315353,1.504881621,1.238467171,0.000366122,1.211740298,0.399316573,1.905540639,2.6557237,2.549060288,0.757505492,2.612643398,1.895411277,10.07871613,4.046619478,28.80250444,15,11.7884922,11.51982021,Label_V
27-5-1-3,27,5,T2D,57,0,155,60,24.97398543,3,5.8,7.71,30,Large,29816,237.8370229,0.701248089,1,13902,0.466259726,329,253,286,74,0,5,0,0.76899696,0.869300912,0.224924012,0,0.015197568,0,8647.709964,13377.55133,955.9679378,0,5.892393601,1.107707013,0.103581849,0.5985847,0.316799141,56.89663615,1.356189422,0.669886306,0.696800483,0.000117383,0.321896904,0.183905155,1.353036858,2.841617198,1.774608445,0.349649529,1.169601234,1.357145253,7.203742831,3.454656739,28.76141625,15,11.92458248,11.40872002,Label_V
27-5-2-3,27,5,T2D,57,0,155,60,24.97398543,3,5.8,7.71,30,Large,21650,214.0158315,0.729016933,1,10724,0.495334873,263,155,216,47,0,10,0,0.589353612,0.821292776,0.178707224,0,0.038022814,0,4418.795899,7383.658953,740.9657753,0,5.4866057,1.0202762,0.119324743,0.545055656,0.481525103,45.80938525,1.069419426,0.55930442,0.408895663,0.002586486,0.329153388,0.254283867,1.13378135,1.646274999,1.580619833,0.366565055,1.587917417,1.115214078,7.676042677,3.29913168,28.62826757,15,11.82000351,11.60172462,Label_V
27-5-3-3,27,5,T2D,57,0,155,60,24.97398543,3,5.8,7.71,30,Medium,8380,166.2759267,0.91352866,1,5122,0.611217184,79,50,60,16,0,7,0,0.632911392,0.759493671,0.202531646,0,0.088607595,0,1955.766615,1553.814581,387.9537048,0,6.676172294,0.973093903,0.134769121,0.525533946,0.407588593,29.70868631,0.95746331,0.435807183,0.649803126,5.97E-05,0.400787496,0.19025176,0.977806944,1.481983057,1.509485742,0.427753251,1.612576065,1.102672712,6.051366185,3.405619854,28.72916203,15,11.36826324,11.43949318,Label_V
27-5-4-3,27,5,T2D,57,0,155,60,24.97398543,3,5.8,7.71,30,Medium,7849,165.223259,0.903408077,1,4271,0.544145751,103,66,51,57,0,2,0,0.640776699,0.495145631,0.553398058,0,0.019417476,0,3269.583439,1395.822166,1532.804713,0,7.815923567,1.100063694,0.141082803,0.565859873,0.191847134,34.14019108,1.11955414,0.454968153,1.817834395,0,0.410573248,0.245541401,1.06089172,7.20656051,2.043821656,0.315796178,1.01656051,2.044522293,5.620573248,5.54522293,27.48634746,15,11.18957424,11.52095318,Label_V
27-6-1-3,27,6,T2D,57,0,155,60,24.97398543,3,5.8,7.71,30,Large,20564,186.6451069,0.655051085,1,8554,0.415969656,243,167,216,58,0,26,0,0.687242798,0.888888889,0.238683128,0,0.106995885,0,4914.761002,7766.622319,1175.942815,0,4.645125213,0.867955264,0.065840019,0.432579626,0.464405543,32.45857039,0.907439825,0.580403598,0.522562606,0.002090931,0.416046681,0.098200827,0.959761731,1.037904206,1.355750061,0.468490153,1.397422806,0.978701678,7.096571845,4.550911743,28.77493441,15,11.75202274,11.51709843,Label_V
27-7-1-3,27,7,T2D,57,0,155,60,24.97398543,3,5.8,7.71,30,Medium,17853,176.9702076,0.503477976,1,6965,0.39013051,266,53,259,39,0,0,0,0.19924812,0.973684211,0.146616541,0,0,0,741.9584407,9979.441022,778.9563683,0,1.083146634,0.742774728,0.011033942,0.1869329,0.414360928,40.38789627,1.043435645,0.134955752,0.439705388,0.004816848,0.074101042,0.990674359,1.613055898,0.980480565,1.117088608,0.252072365,1.58874762,0.635571861,5.92704716,6.030133303,28.24347772,15,11.71384048,12.24149895,Label_V
27-7-2-3,27,7,T2D,57,0,155,60,24.97398543,3,5.8,7.71,30,Medium,17032,155.4987144,0.429218047,1,3135,0.184065289,283,178,274,51,0,0,0,0.628975265,0.96819788,0.180212014,0,0,0,4124.757823,11411.33001,858.9495685,0,3.55592086,0.986438091,0.03707509,0.379938942,0.491193565,47.882757,1.249427582,0.352580285,0.578113075,0.016027711,0.112428815,0.057682146,1.80012329,1.035401867,1.294369753,0.415516938,1.525861563,0.889655375,7.336846122,6.534814771,28.5613419,15,11.83511353,11.87817192,Label_V
27-7-3-3,27,7,T2D,57,0,155,60,24.97398543,3,5.8,7.71,30,Medium,7891,155.4500001,0.886124369,1,2055,0.260423267,137,88,127,41,0,0,0,0.642335766,0.927007299,0.299270073,0,0,0,2104.733274,4127.476939,687.9128231,0,3.698872276,0.92524075,0.028256462,0.358464268,0.404206792,37.95077293,1.074252408,0.344716168,0.786429295,0.010390269,0.154713634,0.05011404,1.586860112,1.442156614,1.38779777,0.385073492,1.403573239,0.891218956,7.0352889,7.286619361,28.72916754,15,11.32161903,11.44803429,Label_V
27-7-4-3,27,7,T2D,57,0,155,60,24.97398543,3,5.8,7.71,30,Medium,5409,130.4565285,0.88406746,1,1526,0.282122389,104,31,57,5,49,0,0,0.298076923,0.548076923,0.048076923,0.471153846,0,0,680.874122,1233.771904,115.9785582,2090.613494,2.235489834,0.730591497,0.014140481,0.273937153,0.276802218,17.78438078,19.10822551,0.918207024,0.163401109,0.001478743,0.063401109,0.034473198,1.14103512,5.166820702,1.59935305,0.304805915,1.186229205,0.878096118,3.710166359,4.722273567,27.49019266,15,11.1553669,11.57777214,Label_IV
27-7-5-3,27,7,T2D,57,0,155,60,24.97398543,3,5.8,7.71,30,Medium,3647,74.46696323,0.527635097,1,1037,0.284343296,78,57,59,28,0,0,0,0.730769231,0.756410256,0.358974359,0,0,0,1348.630208,1149.684759,446.8774671,0,4.909265351,1.005756579,0.041392544,0.367050439,0.465460526,27.80482456,0.935855263,0.33004386,1.252741228,0.022889254,0.151041667,0.057291667,1.597039474,1.540844298,1.410773026,0.539610746,1.395696272,0.888432018,6.203125,5.671463816,27.39732626,15,10.9661541,11.74265194,Label_V
27-8-1-3,27,8,T2D,57,0,155,60,24.97398543,3,5.8,7.71,30,Large,22824,226.4643584,0.800248244,1,9653,0.422932001,332,140,301,79,8,1,2,0.421686747,0.906626506,0.237951807,0.024096386,0.003012048,0.006024096,3210.859321,9893.566528,1189.947864,66.99706462,1.217349398,0.809769989,0.011171961,0.208455641,0.509419496,33.26532311,0.970668127,0.187426068,0.469682366,0.004162103,0.144315444,0.094676889,2.33075575,1.398488499,1.169441402,0.311719606,1.827995619,0.845761227,8.212332968,8.123614458,28.25752439,15,11.63736057,12.17808437,Label_V
27-8-2-3,27,8,T2D,57,0,155,60,24.97398543,3,5.8,7.71,30,Medium,20206,182.9318094,0.589128138,1,5999,0.296892012,295,239,228,101,0,0,24,0.810169492,0.772881356,0.342372881,0,0,0.081355932,8831.562924,6068.699659,1654.918098,0,3.152892562,0.761642005,0.019572425,0.24206958,0.240312763,25.70193497,0.713787301,0.277304894,0.692458059,0.005864304,0.203864997,0.019176523,1.255208591,1.269708517,1.078636116,0.355644084,1.225416935,0.773667541,5.380981838,5.53780868,27.47167248,15,10.92708969,11.89914989,Label_V
27-8-3-3,27,8,T2D,57,0,155,60,24.97398543,3,5.8,7.71,30,Medium,8502,119.7596783,0.615459777,1,2835,0.333450953,102,61,97,6,2,5,8,0.598039216,0.950980392,0.058823529,0.019607843,0.049019608,0.078431373,2242.736211,4629.455486,129.9847113,5.999294367,2.228213572,0.74109138,0.013642244,0.205398095,0.35316947,37.6843467,0.907326826,0.218687522,0.122192167,0.00276373,0.083029519,0.031694696,1.305833235,1.436904622,1.110255204,0.283311772,1.573150653,0.797365636,6.19257909,6.180406915,28.41715173,15,11.88415241,12.16081619,Label_V
27-8-4-3,27,8,T2D,57,0,155,60,24.97398543,3,5.8,7.71,30,Medium,3849,90.50227867,0.777069238,1,666,0.173031956,92,74,63,12,13,0,12,0.804347826,0.684782609,0.130434783,0.141304348,0,0.130434783,2192.43039,1188.691169,242.9368831,249.9350649,4.483116883,1.076233766,0.034025974,0.349220779,0.391818182,27.13116883,2.131558442,0.347532468,0.73,0.007662338,0.136623377,0.125584416,1.513896104,1.331818182,1.382987013,0.472077922,1.395324675,1.014025974,5.350649351,5.867922078,27.64361688,15,11.01405621,11.99262333,Label_V
27-8-5-3,27,8,T2D,57,0,155,60,24.97398543,3,5.8,7.71,30,Medium,3789,88.24010717,0.722192044,1,1526,0.402744788,102,30,95,0,0,1,0,0.294117647,0.931372549,0,0,0.009803922,0,400.8941953,1933.48971,0,0,1.016094987,0.873350923,0.005936675,0.239182058,0.883245383,36.81042216,1.027968338,0.349340369,0,0,0.229287599,0.251055409,1.831134565,1.304485488,1.44828496,0.493799472,2.316490765,0.940237467,6.224538259,10.38825858,27.86691952,15,11.26052094,12.32877731,Label_V
28-3-1-3,28,3,T2D,63,1,170,75,25.95,4,7.2,0.311,10,Medium,8704,138.4612612,0.758426003,1,2194,0.252068015,156,94,95,76,0,31,19,0.602564103,0.608974359,0.487179487,0,0.198717949,0.121794872,2919.664561,2627.698105,2037.765882,0,6.487995405,0.350201034,0.035152211,0.014589316,0.39902355,7.613727743,0.270706491,0.894945434,3.109994256,0.002010339,1.064445721,0.122286043,1.27599081,2.568523837,3.225387708,1.928431936,3.396783458,1.524296381,31.14646755,8.288627226,3.004543417,12,1.319556713,-1.050730109,Label_II
28-4-1-3,28,4,T2D,63,1,170,75,25.95,4,7.2,0.311,10,Large,47003,276.1686018,0.423637775,1,12917,0.274812246,724,337,524,206,80,196,137,0.465469613,0.723756906,0.284530387,0.110497238,0.270718232,0.189226519,11569.75385,18910.59767,5430.884457,1526.967513,4.019423879,0.475225513,0.064877457,0.030008084,0.946185431,31.88060591,1.616564548,0.981001617,3.802729555,0.002159391,1.388573313,0.172517233,1.819908944,2.850640371,3.899359629,1.683973704,5.1695494,2.024487278,39.18481406,15.40936942,9.336107715,2,-2.420790672,3.336868048,Label_V
28-4-2-3,28,4,T2D,63,1,170,75,25.95,4,7.2,0.311,10,Large,21090,203.2428573,0.666468748,1,5579,0.264532954,371,123,330,44,10,105,121,0.331536388,0.889487871,0.118598383,0.026954178,0.283018868,0.326145553,3985.811009,11384.4602,1118.946944,282.986582,3.113081409,0.686169456,0.091128918,0.092006069,1.15781613,41.68920393,2.034825281,0.959556209,2.069010478,0.002892229,1.733417097,0.271845811,2.5457067,3.030012802,4.605305581,1.875752691,6.480038879,2.254184249,38.80579394,16.61718268,9.830700165,2,-2.500657558,3.738728046,Label_V
28-4-3-3,28,4,T2D,63,1,170,75,25.95,4,7.2,0.311,10,Medium,12284,167.6076466,0.768826234,1,3164,0.257570824,207,105,155,61,11,67,64,0.507246377,0.748792271,0.29468599,0.053140097,0.323671498,0.309178744,3343.727798,4286.651038,2013.83606,249.97965,3.766585267,0.474888075,0.105698006,0.045461945,0.884940985,29.47403337,2.155067155,1.139031339,6.074847375,0.006674807,1.676760277,0.202523403,1.795034595,4.147903948,3.902808303,1.718722019,5.115221815,2.081033781,39.55282865,14.20691901,9.156688802,2,-2.134562969,2.995953321,Label_V
28-4-4-3,28,4,T2D,63,1,170,75,25.95,4,7.2,0.311,10,Medium,6556,154.8733916,0.907018135,1,1250,0.19066504,116,48,97,13,11,4,19,0.413793103,0.836206897,0.112068966,0.094827586,0.034482759,0.163793103,1293.802654,3783.422907,252.9614153,310.9525698,3.014183316,0.53164557,0.04643892,0.035839561,1.407503431,45.30539881,2.339179503,0.611178893,2.026155254,0.001372579,0.82957145,0.156092725,2.334375477,2.534390727,3.731203294,1.60904377,6.62452341,1.659295409,41.98322404,13.74065884,10.11937206,2,-2.309136629,4.006611824,Label_V
28-5-1-3,28,5,T2D,63,1,170,75,25.95,4,7.2,0.311,10,Medium,18022,200.0304538,0.810003937,1,3359,0.186383309,249,70,241,3,0,3,23,0.281124498,0.967871486,0.012048193,0,0.012048193,0.092369478,1490.917272,13499.25096,67.99622704,0,0.675525717,0.377711813,0.031959163,0.019974477,1.428757698,29.07773401,0.707540365,0.950979304,0.067940964,0,0.511596294,0.138600677,1.583781834,2.484270099,3.430505465,1.238500805,6.099428508,1.940159796,39.07201909,12.2605837,9.264538943,2,-2.302167892,3.216435909,Label_V
28-6-1-3,28,6,T2D,63,1,170,75,25.95,4,7.2,0.311,10,Medium,16782,179.1978672,0.739875606,1,2223,0.132463354,228,118,190,53,27,34,19,0.51754386,0.833333333,0.23245614,0.118421053,0.149122807,0.083333333,4824.712507,9093.458142,1775.894179,353.9789072,3.802419115,0.390901507,0.021420485,0.034320443,1.512899958,41.12021093,1.079068105,1.11023059,2.550259191,0.002055652,1.085413812,0.146696061,1.992373235,1.545224334,3.683727581,1.688077221,6.235059286,1.735476375,37.64750045,10.5682238,9.957910269,2,-2.396860361,4.13426733,Label_V
28-6-2-3,28,6,T2D,63,1,170,75,25.95,4,7.2,0.311,10,Medium,8246,115.2791241,0.55402532,1,1907,0.231263643,113,58,89,42,0,28,17,0.513274336,0.787610619,0.371681416,0,0.247787611,0.150442478,2565.688857,2844.655026,1539.813265,0,2.852855584,0.242997454,0.025827574,0.01376258,0.864859949,27.85922154,0.576755184,0.993634049,5.827755547,0.020067903,1.145689342,0.093973566,1.48175094,1.448647993,2.814659876,1.358190857,5.039105129,1.324845398,31.668243,8.532193525,10.70322464,2,-1.875770807,3.357934952,Label_V
28-6-3-3,28,6,T2D,63,1,170,75,25.95,4,7.2,0.311,10,Medium,6889,147.5701855,0.9072149,1,902,0.130933372,127,45,108,77,0,54,22,0.354330709,0.850393701,0.606299213,0,0.42519685,0.173228346,1116.837881,3095.550653,2759.599419,0,1.805732946,0.330914369,0.041219158,0.024963716,1.208853411,37.29056604,0.806748911,1.032293179,8.570972424,0.008853411,2.23904209,0.151161103,1.788461538,2.204716981,3.364586357,1.330478955,5.620174165,1.441291727,30.87576197,10.85166909,10.13513335,2,-2.126436234,4.192847729,Label_V
28-6-4-3,28,6,T2D,63,1,170,75,25.95,4,7.2,0.311,10,Medium,5803,114.1715687,0.76945764,1,815,0.140444598,104,63,42,61,5,30,26,0.605769231,0.403846154,0.586538462,0.048076923,0.288461538,0.25,2304.60286,1051.818746,2432.580806,172.970193,3.619228119,0.293590627,0.086664369,0.017746382,0.454083391,16.61242247,0.884476223,0.725103377,10.56219848,0.017229497,1.838301172,0.186250861,1.583046175,3.027308753,3.312887664,1.672122674,4.545227429,1.676257753,25.53351137,10.59028256,7.705544082,2,-1.321944952,2.242316484,Label_V
28-7-1-3,28,7,T2D,63,1,170,75,25.95,4,7.2,0.311,10,Large,25193,242.1426905,0.51060708,1,8218,0.326201723,475,144,456,30,0,37,47,0.303157895,0.96,0.063157895,0,0.077894737,0.098947368,3336.867548,14556.4222,615.9755497,0,2.46739303,0.261093911,0.020997063,0.025779948,0.728804477,49.00456458,0.861613876,0.404084306,1.375307613,0.002202905,0.628185282,0.141680559,1.335456855,2.230709693,2.651464634,0.849984123,3.267127094,1.298483766,24.52951099,8.043482575,13.18600717,9,-1.990270019,5.390681744,Label_V
28-7-2-3,28,7,T2D,63,1,170,75,25.95,4,7.2,0.311,10,Medium,11256,277.9672888,0.961685393,1,3167,0.281361052,138,73,95,44,32,0,6,0.528985507,0.688405797,0.31884058,0.231884058,0,0.043478261,2886.743537,3021.731545,2481.779515,778.9307986,3.886115306,0.228391223,0.009549614,0.010171449,0.439148974,25.05987386,2.604246247,0.219330195,12.64817447,0.02949276,0.505640935,0.048769654,1.305987386,1.142444701,1.802744959,0.879053034,2.617926623,0.808074976,20.156436,7.049746824,11.36412861,2,-1.121809959,3.771749258,Label_V
28-7-3-3,28,7,T2D,63,1,170,75,25.95,4,7.2,0.311,10,Medium,8292,135.7628488,0.799037812,1,1228,0.148094549,81,41,57,42,0,7,12,0.50617284,0.703703704,0.518518519,0,0.086419753,0.148148148,2214.732907,2441.705535,3505.577234,0,4.041119016,0.415109128,0.029723863,0.128059809,0.498130954,26.1782226,0.771252864,0.537983842,18.89008803,0.041119016,1.326781623,0.135656578,1.605329796,1.713433016,3.811467503,1.54057639,3.487218136,1.248462559,23.95080188,6.536235379,11.02398762,2,-1.125303149,3.441595554,Label_V
28-9-1-3,28,9,T2D,63,1,170,75,25.95,4,7.2,0.311,10,Large,21585,202.3134948,0.68695781,1,3673,0.170164466,406,221,347,98,0,44,73,0.544334975,0.854679803,0.24137931,0,0.108374384,0.179802956,5769.732697,12174.43598,2043.905309,0,2.902066154,0.230681923,0.05114426,0.014453813,0.94607616,42.46268415,0.755327527,0.627281571,2.35096822,0.001968869,0.671430557,0.126563513,1.479176318,1.648058927,2.577874548,1.028490688,3.268252571,1.216459742,29.34137867,7.80605485,12.68008119,9,-2.049975872,4.870265484,Label_V
28-9-2-3,28,9,T2D,63,1,170,75,25.95,4,7.2,0.311,10,Medium,9642,154.7779196,0.835020169,1,2265,0.23490977,180,81,151,42,0,19,9,0.45,0.838888889,0.233333333,0,0.105555556,0.05,2225.769159,4663.516333,940.9024163,0,2.531940268,0.253240693,0.026962564,0.012392409,1.081924712,36.06616198,0.697760033,0.558280618,2.355335477,0.002540703,0.676760344,0.088302396,1.404334751,1.240329773,2.689256455,1.070673027,3.863476097,1.255729545,35.33817277,8.889764596,10.13668233,2,-2.066190243,3.871370077,Label_V
29-1-1-3,29,1,T2D,49,1,175,90,29.4,6,6.9,6.22,10,Large,49795,273.3725964,0.407374366,1,16420,0.329751983,447,287,391,163,0,39,17,0.642058166,0.874720358,0.364653244,0,0.087248322,0.03803132,11376.77153,20110.59613,6210.875271,0,0.213169733,0.006627038,0.003273355,0.000160655,0.017089726,2.762521086,0.011346293,0.04848783,1.55990441,5.02E-05,0.102397783,0.01567395,0.190206041,0.319985541,0.619698369,0.144278657,0.864778295,0.352799422,3.893646076,2.022712668,9.209391243,2,-2.867612362,1.625416756,Label_III
29-1-2-3,29,1,T2D,49,1,175,90,29.4,6,6.9,6.22,10,Medium,15477,162.4617216,0.638284805,1,5503,0.355559863,163,89,130,61,0,13,8,0.54601227,0.797546012,0.374233129,0,0.079754601,0.049079755,3885.748934,5051.673601,2013.86988,0,0.233654219,0.012243184,0.002616617,0.00058147,0.016894948,2.218277555,0.014795193,0.110027135,1.469408192,3.23E-05,0.104083215,0.023775682,0.220861868,0.523258819,0.727031916,0.161487272,0.911390361,0.555142783,3.939042512,2.33324719,7.160550221,11,-1.779666424,1.33955729,Label_III
29-2-1-3,29,2,T2D,49,1,175,90,29.4,6,6.9,6.22,10,Large,43515,355.0218973,0.874109113,1,15269,0.350890498,473,320,402,187,1,5,57,0.67653277,0.849894292,0.395348837,0.002114165,0.010570825,0.1205074,7677.823559,18049.58521,6477.851135,5.99986212,0.75430876,0.046006067,0.013293961,0.000298741,0.065171431,5.339955419,0.064436069,0.091288262,3.368232374,0.000792812,0.191963875,0.040663204,0.657895946,0.678761835,1.140913687,0.545190275,1.988601894,0.860660447,9.485143396,4.691745565,9.209396748,2,-2.483899117,1.781804204,Label_IV
29-2-2-3,29,2,T2D,49,1,175,90,29.4,6,6.9,6.22,10,Medium,4488,120.9223861,0.901539988,1,542,0.120766488,59,31,53,39,0,1,13,0.525423729,0.898305085,0.661016949,0,0.016949153,0.220338983,1147.744264,2283.491201,1527.659612,0,0.903764758,0.095455558,0.02405881,0.000445534,0.071062597,7.498106483,0.11628425,0.097349076,8.428491869,0.002895968,0.395745155,0.064825128,0.820784139,0.839162397,1.410559145,0.649142348,2.516707507,0.95355313,13.17832479,6.851748719,7.735424494,2,-1.828419328,1.619518757,Label_IV
29-3-1-3,29,3,T2D,49,1,175,90,29.4,6,6.9,6.22,10,Medium,9176,148.3626865,0.779001745,1,2406,0.262205754,106,31,93,46,0,13,2,0.29245283,0.877358491,0.433962264,0,0.122641509,0.018867925,690.9247031,5227.430315,1412.846028,0,0.079383241,0.001525553,0.002778686,0.000163452,0.012858233,2.64416476,0.005502888,0.027514438,1.341342487,0,0.081181214,0.009916095,0.175602049,0.737060041,0.515146562,0.085539937,0.796502125,0.311866623,3.4638226,1.961588754,7.872162015,2,-1.817856312,1.942568183,Label_III
29-3-2-3,29,3,T2D,49,1,175,90,29.4,6,6.9,6.22,10,Medium,7930,124.2402951,0.698683881,1,3392,0.427742749,89,4,83,27,0,0,0,0.04494382,0.93258427,0.303370787,0,0,0,67.99142605,3874.511411,693.9124953,0,0.016202244,0.000189131,0,0,0.001954356,1.742655403,0.0010087,0.015697894,0.686798638,0,0.046400202,0.00252175,0.0131131,0.084856891,0.149287606,0.007313075,0.208990039,0.167885513,1.122998361,0.47043248,8.164005965,2,-1.996778131,1.99138701,Label_III
29-4-1-3,29,4,T2D,49,1,175,90,29.4,6,6.9,6.22,10,Large,21261,223.3264159,0.820863365,1,4964,0.23347914,185,119,163,72,0,7,8,0.643243243,0.881081081,0.389189189,0,0.037837838,0.043243243,6532.692738,9899.534381,3406.839761,0,0.337621108,0.011899163,0.002586775,0.000235161,0.049595523,4.342747625,0.025985326,0.038472392,2.783722133,0.000117581,0.078920139,0.026667294,0.399633148,0.624000564,0.785862101,0.244215032,1.225261029,0.498142226,5.785039037,3.127198758,8.163441493,2,-1.948750019,2.176167727,Label_IV
29-4-2-3,29,4,T2D,49,1,175,90,29.4,6,6.9,6.22,10,Medium,13330,149.9463721,0.635414224,1,2420,0.181545386,137,116,111,57,0,18,3,0.846715328,0.810218978,0.416058394,0,0.131386861,0.02189781,6880.483835,4648.651264,2391.820569,0,0.549733703,0.022991524,0.001462756,3.75E-05,0.070362313,3.656964969,0.035631235,0.068637011,4.758532743,0.001687795,0.155839772,0.020966169,0.583639637,0.665628985,1.014440027,0.496849449,1.503638137,0.751444003,7.191846073,3.583377091,7.567515115,2,-2.075397491,1.337210655,Label_IV
29-5-1-3,29,5,T2D,49,1,175,90,29.4,6,6.9,6.22,10,Medium,12173,134.0524315,0.448288686,1,4913,0.403598127,150,96,98,67,0,0,5,0.64,0.653333333,0.446666667,0,0,0.033333333,1917.842451,3382.722113,2863.764745,0,0.659273862,0.022876622,0.003449975,0.000944636,0.040947922,2.575406604,0.032364055,0.037580089,3.514498111,0.000164285,0.126334812,0.028256941,0.448702152,0.724576967,0.984351897,0.418350583,1.213569903,0.639929358,6.380482997,3.498316083,7.50076136,13,-2.147036076,0.682377279,Label_IV
29-5-2-3,29,5,T2D,49,1,175,90,29.4,6,6.9,6.22,10,Medium,5397,99.12285991,0.668973179,1,1966,0.36427645,68,32,39,39,0,2,1,0.470588235,0.573529412,0.573529412,0,0.029411765,0.014705882,548.8982957,1175.782142,1958.637088,0,0.54390515,0.008151167,0.00268618,9.26E-05,0.024268247,1.989625787,0.008892182,0.052704705,6.521674694,0.001389403,0.244257132,0.020285291,0.360040756,0.654223787,0.877084105,0.370507595,0.957391627,0.47999259,4.527324935,3.04390515,7.500766866,13,-2.444408178,0.516296208,Label_III
29-6-1-3,29,6,T2D,49,1,175,90,29.4,6,6.9,6.22,10,Medium,6872,118.6873616,0.720421041,1,2216,0.322467986,85,36,72,29,0,1,1,0.423529412,0.847058824,0.341176471,0,0.011764706,0.011764706,1024.850866,3208.533101,900.8689073,0,0.70791503,0.019860323,0.002182453,7.27E-05,0.038556671,3.807507639,0.031209079,0.047577477,1.579877783,7.27E-05,0.092972501,0.01767787,0.437727339,0.54975993,0.975483777,0.405427033,1.490469955,0.567801542,6.874945439,4.356976575,6.179270114,11,-1.586649776,0.980520904,Label_IV
29-6-2-3,29,6,T2D,49,1,175,90,29.4,6,6.9,6.22,10,Medium,5034,111.375869,0.772868887,1,2051,0.40742948,62,30,56,7,6,0,1,0.483870968,0.903225806,0.112903226,0.096774194,0,0.016129032,935.8141013,2036.595432,155.9690169,85.98291956,0.762462761,0.036444886,0.000496524,0,0.044985104,2.775173784,0.091062562,0.038828203,0.244190665,0,0.033167825,0.009334657,0.421648461,0.684607746,1.014597815,0.337636544,1.56653426,0.601290963,8.44061569,4.358391261,4.382347821,1,-1.06475842,-0.486133099,Label_IV
29-7-1-3,29,7,T2D,49,1,175,90,29.4,6,6.9,6.22,10,Large,39825,412.7410417,0.939156614,1,19467,0.488813559,411,258,301,130,2,52,24,0.627737226,0.732360097,0.316301703,0.00486618,0.126520681,0.058394161,6060.847813,10804.72869,4780.879953,117.9970371,0.660033646,0.041505549,0.004971627,0.000753277,0.033872345,3.198400542,0.046778486,0.033596143,2.415494903,0.000213428,0.162996535,0.027243509,0.472856928,0.271920354,0.905765078,0.471400593,1.131923869,0.410824587,6.481105308,2.684577914,9.209402254,2,-2.753122807,1.688355803,Label_IV
29-8-1-3,29,8,T2D,49,1,175,90,29.4,6,6.9,6.22,10,Large,33226,255.0061571,0.721437045,1,4732,0.142418588,545,354,462,250,0,51,71,0.649541284,0.847706422,0.458715596,0,0.093577982,0.130275229,8750.73663,19694.40726,7135.785235,0,1.828046468,0.167770187,0.024317573,0.001233936,0.170945316,17.86486893,0.309853432,0.153594968,9.313901345,0.013091763,0.52946399,0.045956602,0.76970536,1.152947904,1.627230866,0.895010082,3.348978241,1.289102236,24.86464321,7.422894032,8.279453431,2,-1.691930413,2.718600988,Label_V
3-1-1-1,3,1,ND,57,1,170,65,22.49134948,3,5.5,5.14,0,Medium,12266,180.8657442,0.857404323,1,4356,0.355127996,134,106,78,0,0,23,6,0.791044776,0.582089552,0,0,0.171641791,0.044776119,5391.560447,3294.731393,0,0,13.199356,1.362598842,0.194138746,0.413303986,0.76705796,3.277247901,0.271011657,2.636830521,0.009293226,4.08E-05,1.883671639,0.614290373,3.747330236,3.372911062,4.131042635,4.566193853,4.088489443,4.032811608,76.85371321,13.68244069,4.727008424,3,4.000648022,-2.658662558,Label_I
3-1-2-1,3,1,ND,57,1,170,65,22.49134948,3,5.5,5.14,0,Medium,8636,118.8155086,0.562787207,1,1939,0.224525243,122,97,67,71,3,94,24,0.795081967,0.549180328,0.581967213,0.024590164,0.770491803,0.196721311,3813.558411,2314.731967,2716.685423,38.99548454,12.77139053,1.510536066,0.30097256,0.43371541,0.94465671,4.695843464,0.40419127,3.115375709,9.394523561,0.001736714,5.636968855,0.888097719,4.132858631,5.019277527,4.666840338,4.918605997,4.840974876,4.836169966,78.98408012,18.83038092,1.009966766,7,2.214297056,-2.396354675,Label_I
3-10-1-1,3,10,ND,57,1,170,65,22.49134948,3,5.5,5.14,0,Medium,8332,115.61801,0.58650664,1,2095,0.25144023,99,92,28,64,1,26,8,0.929292929,0.282828283,0.646464646,0.01010101,0.262626263,0.080808081,4411.470539,569.9315973,2475.702868,1.99975999,7.556342254,0.59324373,0.066662667,0.150486019,0.292871715,0.661346454,0.057902316,1.135965439,2.118324733,0.000480019,0.994899796,0.144365775,1.887135485,2.112384495,2.246129845,2.084783391,1.759030361,2.002280091,31.31339254,8.131345254,0,7,1.557586193,-3.036578178,Label_II
3-10-2-1,3,10,ND,57,1,170,65,22.49134948,3,5.5,5.14,0,Medium,6530,121.6394773,0.788771025,1,1677,0.256814701,78,51,48,23,6,15,5,0.653846154,0.615384615,0.294871795,0.076923077,0.192307692,0.064102564,2905.555045,2051.685806,851.8695452,61.99050681,7.06775379,0.604271934,0.051600061,0.133823304,0.326443117,7.43898331,0.152886235,0.988210075,0.838539274,0,0.809370694,0.224467922,1.929107334,1.414101975,2.102357985,1.781273924,1.777752258,2.630454754,33.03858521,8.242535599,3.176318391,12,1.817272663,-0.684198618,Label_I
3-10-3-1,3,10,ND,57,1,170,65,22.49134948,3,5.5,5.14,0,Medium,6488,107.8200601,0.652263054,1,2338,0.360357583,70,61,57,1,3,7,8,0.871428571,0.814285714,0.014285714,0.042857143,0.1,0.114285714,2699.583911,2495.615349,35.99445215,31.99506858,7.336415472,0.596933272,0.087532748,0.147403298,0.340036986,5.032208353,0.14301125,0.971413161,0.046771459,0,0.442826321,0.137617507,1.79511481,2.094313454,2.135614116,1.707427955,1.787178302,2.629141624,37.4289567,10.77901063,1.306634371,7,1.743778467,-2.063368082,Label_I
3-11-1-1,3,11,ND,57,1,170,65,22.49134948,3,5.5,5.14,0,Large,22035,173.9729389,0.362348429,1,4636,0.210392557,295,250,162,73,8,50,16,0.847457627,0.549152542,0.247457627,0.027118644,0.169491525,0.054237288,11002.50068,6146.721047,2510.88605,231.9894718,13.26822019,0.932224542,0.067253585,0.181316936,0.529361046,3.963400799,0.218959884,1.422263569,1.921174442,0.000635324,1.053526048,0.202373389,2.227627519,2.150798693,2.779587947,2.93987112,2.518742058,2.112724632,37.37057542,11.89351516,0.99125375,7,0.897867262,-2.783644915,Label_I
3-11-2-1,3,11,ND,57,1,170,65,22.49134948,3,5.5,5.14,0,Medium,4059,81.85165572,0.603697937,1,997,0.245627002,56,47,23,12,4,9,10,0.839285714,0.410714286,0.214285714,0.071428571,0.160714286,0.178571429,2099.482759,855.7891626,368.9091133,41.98965517,13.01847291,1.002093596,0.180788177,0.188054187,0.565024631,2.249753695,0.133128079,1.316133005,2.816009852,0.007512315,0.903325123,0.248891626,2.3158867,2.345689655,2.662068966,2.623275862,2.595812808,2.586453202,39.61268473,15.11958128,0.890244635,7,0.786245346,-3.067625284,Label_I
3-2-1-1,3,2,ND,57,1,170,65,22.49134948,3,5.5,5.14,0,Large,37808,297.6658695,0.748437479,1,5500,0.145471858,485,322,436,56,41,34,66,0.663917526,0.898969072,0.115463918,0.084536082,0.070103093,0.136082474,11690.69079,23719.37264,1360.964003,753.9800577,6.431061388,0.98012378,0.126305906,0.184175725,1.053981856,21.01114814,0.330662012,0.533695681,0.343529318,0.000171917,0.800232749,0.255931128,2.197254622,2.383837182,2.314832447,2.04735645,3.603044249,2.763164855,47.0982967,17.18547171,5.539052985,11,-0.325926512,0.367441714,Label_I
3-2-2-1,3,2,ND,57,1,170,65,22.49134948,3,5.5,5.14,0,Large,23622,236.3406512,0.7891008,1,4114,0.174159682,365,219,328,57,26,19,65,0.6,0.898630137,0.156164384,0.071232877,0.052054795,0.178082192,6605.720357,15267.35368,954.9595733,364.984549,6.040299708,0.988379969,0.140498667,0.197392372,1.024785167,20.32021758,0.343669305,0.492083986,0.231744486,0,0.678660627,0.248486644,2.257799602,2.710790331,2.380603649,1.917008847,3.926173644,3.020001693,47.78944249,18.52558947,5.51080407,11,-0.449785143,0.266435802,Label_I
3-3-1-1,3,3,ND,57,1,170,65,22.49134948,3,5.5,5.14,0,Large,55839,278.2938762,0.296771637,1,18515,0.331578288,691,514,567,75,4,68,90,0.743849493,0.820549928,0.10853835,0.005788712,0.098408104,0.13024602,18974.66019,20973.62439,1609.971168,80.99854943,6.496445201,0.825340258,0.135691261,0.201916189,1.098701648,6.247358524,0.184088467,1.65969735,0.256688754,3.58E-05,0.895621418,0.425179083,2.32161533,2.470093123,3.156258954,2.328724928,3.229038324,3.067594914,40.73474212,13.85385029,2.74217182,1,0.591436028,-1.619538069,Label_I
3-4-1-1,3,4,ND,57,1,170,65,22.49134948,3,5.5,5.14,0,Large,48109,281.0640419,0.621951573,1,6294,0.130827912,578,360,547,190,1,104,95,0.62283737,0.946366782,0.328719723,0.001730104,0.179930796,0.164359862,12135.74774,32058.33363,5798.879464,7.999833714,4.26159842,0.667750987,0.176345874,0.143660362,0.887996259,2.959228851,0.112440241,1.336946581,0.948586572,6.24E-05,1.108480565,0.397141966,1.817782166,3.764487633,2.782217834,1.921388485,2.532290584,2.845250468,32.13745583,13.11318853,2.477200031,1,-0.294357955,-2.247363091,Label_I
3-4-2-1,3,4,ND,57,1,170,65,22.49134948,3,5.5,5.14,0,Large,29277,241.7527588,0.71910258,1,4759,0.162550808,387,335,228,11,0,19,59,0.865633075,0.589147287,0.028423773,0,0.049095607,0.15245478,17665.39661,8599.706264,216.9925883,0,8.793428513,0.789995901,0.1626648,0.183824032,0.508453446,1.495218253,0.087967074,1.531235057,0.073263201,0,0.835029715,0.317730036,2.174977799,2.752288408,2.95911606,2.549200765,2.201106633,2.965793429,34.59011886,14.2784514,0.941686919,7,-0.095324107,-3.225079775,Label_I
3-5-1-1,3,5,ND,57,1,170,65,22.49134948,3,5.5,5.14,0,Large,40796,265.5189283,0.652292294,1,6585,0.161412884,163,123,123,22,0,16,20,0.754601227,0.754601227,0.134969325,0,0.098159509,0.122699387,13061.67983,24312.40405,3936.903498,185.9954408,7.119236709,1.138674412,0.175441822,0.229036449,1.273316665,8.773255386,0.37784641,1.485991617,1.079111209,0.000343162,1.218214575,0.410802265,2.682439885,3.11575606,3.143490943,2.493173518,3.922298208,3.485158222,49.7750815,18.94390519,2.739425857,1,0.217690587,-1.375511408,Label_I
3-5-2-1,3,5,ND,57,1,170,65,22.49134948,3,5.5,5.14,0,Medium,9883,139.7472464,0.757120332,1,3808,0.385308105,154,127,34,44,0,17,8,0.824675325,0.220779221,0.285714286,0,0.11038961,0.051948052,4689.525496,476.9517402,1278.870599,0,8.868929583,0.806151356,0.105473493,0.20421894,0.356029947,0.907780251,0.088779846,1.564548766,1.338122218,0.000708215,0.934844193,0.296995144,1.985633347,2.257335087,2.775091056,2.780605018,1.844344395,2.640024282,30.34176447,10.93398422,0.937537287,7,0.729863465,-3.02867794,Label_II
3-5-3-1,3,5,ND,57,1,170,65,22.49134948,3,5.5,5.14,0,Medium,5865,101.8120466,0.62856266,1,2028,0.345780051,87,66,12,32,4,15,5,0.75862069,0.137931034,0.367816092,0.045977011,0.172413793,0.057471264,2563.562905,134.976986,1292.779577,48.99164678,7.838902148,0.666979202,0.144476645,0.155472213,0.268752131,0.374786908,0.161609274,1.266962155,1.507500852,0,1.150357995,0.22673031,1.823474258,2.955591544,2.554125469,2.370610297,1.561114899,2.324752813,28.81375725,11.26858166,0.832713581,7,0.378039092,-3.188706636,Label_II
3-5-4-1,3,5,ND,57,1,170,65,22.49134948,3,5.5,5.14,0,Medium,4616,83.42604742,0.485711802,1,1477,0.319974003,70,61,7,14,5,0,3,0.871428571,0.1,0.2,0.071428571,0,0.042857143,2806.392029,83.98180637,300.9348062,80.98245614,10.76933073,0.826619017,0.084253844,0.181503141,0.344271172,0.437296946,0.358024691,1.568551007,0.339289582,0,0.574832142,0.230019493,1.942820013,1.981373186,2.783842322,2.755468919,1.659735759,2.106237817,29.46220489,9.312540611,0.793499306,7,0.869570136,-3.050325871,Label_II
3-9-1-1,3,9,ND,57,1,170,65,22.49134948,3,5.5,5.14,0,Large,22706,211.4883547,0.742297585,1,2584,0.113802519,283,225,230,121,0,29,23,0.795053004,0.812720848,0.427561837,0,0.102473498,0.081272085,9392.586339,11274.50346,3898.828291,0,6.58045977,0.731272295,0.100343506,0.153124587,0.651032721,3.598956269,0.104086845,1.379970934,1.491015986,0.000110098,1.082705774,0.30096446,2.073831858,2.424362531,2.674241423,2.283260669,2.519377285,2.532743207,38.23552209,11.63931827,0.407019796,1,1.14278245,-2.159881592,Label_I
3-9-2-1,3,9,ND,57,1,170,65,22.49134948,3,5.5,5.14,0,Medium,10528,141.2034481,0.702656226,1,2066,0.196238602,126,107,50,66,10,24,11,0.849206349,0.396825397,0.523809524,0.079365079,0.19047619,0.087301587,4560.566815,1106.894862,3634.654763,248.976351,6.89937316,0.66074651,0.114255865,0.122613733,0.365894197,0.687624656,0.33004084,1.129404502,2.665875202,0,1.3541172,0.227751923,1.79580207,2.854497103,2.476066103,2.12831228,1.849985754,2.276806914,31.73069617,11.8298034,0.903068751,7,0.554496944,-3.223539829,Label_II
3-9-3-1,3,9,ND,57,1,170,65,22.49134948,3,5.5,5.14,0,Medium,8016,119.6361422,0.69020998,1,2092,0.260978044,99,53,94,19,6,8,6,0.535353535,0.949494949,0.191919192,0.060606061,0.080808081,0.060606061,1278.840464,4523.435699,608.9240364,160.9799177,3.40439067,0.557315704,0.054010228,0.127042535,0.718597979,3.562804041,0.730697268,1.154110016,0.799613322,6.24E-05,0.74173631,0.205064238,1.629474866,2.355182737,2.242048148,1.702382437,2.118373456,2.310714731,35.33678433,8.816702008,1.425557712,7,2.260207415,-2.128739119,Label_II
30-1-1-3,30,1,T2D,44,1,170,70,24.2,1,6.1,9.41,0.08,Large,30140,208.8231102,0.361803848,1,9551,0.316887857,446,282,347,70,0,83,26,0.632286996,0.778026906,0.156950673,0,0.186098655,0.058295964,8217.727348,13546.55055,1278.957566,0,2.583275273,0.104442454,0.007630802,0.003068909,0.08267808,9.785574467,0.144089446,0.04172058,1.345907568,6.64E-05,1.599548787,0.069755483,0.759065724,0.391360605,0.761272021,0.421751103,1.404250025,0.377741283,11.62864537,2.796174646,10.63348329,2,-1.631264925,3.610844612,Label_IV
30-1-2-3,30,1,T2D,44,1,170,70,24.2,1,6.1,9.41,0.08,Large,24465,249.4818049,0.863059635,1,2746,0.112241978,441,188,390,123,0,19,29,0.426303855,0.884353741,0.278911565,0,0.0430839,0.065759637,5269.784599,17472.28583,2202.909957,0,2.18544102,0.127707839,0.009196436,0.003331153,0.189569198,16.86560942,0.267738903,0.034333361,3.045001226,0.000674405,0.126829069,0.019435134,0.972022398,0.323101447,0.849995913,0.458677348,1.467158506,0.383777487,13.3945271,3.543734162,10.13513886,2,-1.948425412,4.363980293,Label_IV
30-1-3-3,30,1,T2D,44,1,170,70,24.2,1,6.1,9.41,0.08,Medium,7211,105.7959319,0.458547373,1,1188,0.164748301,133,80,97,6,0,7,7,0.601503759,0.729323308,0.045112782,0,0.052631579,0.052631579,2826.608014,3503.514143,160.9776761,0,3.457640044,0.174431503,0.011855241,0.005615641,0.144342762,9.701261786,0.167775929,0.038477537,0.673044925,0,0.141292291,0.016222962,0.899126456,0.252842485,1.010953966,0.59733777,1.605795896,0.407237937,13.40848586,4.013380477,7.705549588,5,-1.001173973,2.570247173,Label_IV
30-1-4-3,30,1,T2D,44,1,170,70,24.2,1,6.1,9.41,0.08,Medium,6583,97.5171531,0.374634457,1,1258,0.191098283,133,94,83,38,0,4,5,0.706766917,0.62406015,0.285714286,0,0.030075188,0.037593985,2754.581561,2570.609508,752.8856318,0,3.621051033,0.178766707,0.004176792,0.0027339,0.095230863,8.220686513,0.115735115,0.045261239,3.253417375,0,0.157275213,0.004252734,0.771795261,0.177931349,0.945549818,0.653781896,1.255467801,0.354343864,12.87765796,3.033110571,7.705555094,5,-0.963877916,2.491508245,Label_IV
30-2-1-3,30,2,T2D,44,1,170,70,24.2,1,6.1,9.41,0.08,Large,22764,183.8969793,0.399618623,1,5447,0.239281321,554,366,325,34,0,12,10,0.660649819,0.586642599,0.061371841,0,0.02166065,0.018050542,10195.55212,7665.663255,510.9775533,0,3.472128267,0.117614759,0.003514166,0.00316275,0.090951021,7.569097298,0.134109378,0.031429826,0.536437514,0.000263562,0.101844937,0.030331649,0.941555019,0.372325939,0.890489787,0.668460356,1.133670108,0.370612783,9.772216121,2.799890182,15.07855104,5,-0.637223184,2.821242571,Label_IV
30-2-2-3,30,2,T2D,44,1,170,70,24.2,1,6.1,9.41,0.08,Medium,7176,109.5758477,0.615657161,1,1611,0.224498328,182,162,45,9,0,0,2,0.89010989,0.247252747,0.049450549,0,0,0.010989011,4868.321583,748.8956388,113.9841159,0,4.86707538,0.161000418,0.000487669,0.005364358,0.038874181,2.311550787,0.049115229,0.033509823,0.155775394,0,0.013933398,0.019785426,0.724118713,0.097603455,0.840323255,0.813362129,0.875714087,0.276786958,9.709209976,2.323463843,3.017730906,12,1.435703754,-1.039094329,Label_IV
30-2-3-3,30,2,T2D,44,1,170,70,24.2,1,6.1,9.41,0.08,Medium,6819,139.9782323,0.855906339,1,2934,0.430268368,111,74,47,22,18,0,3,0.666666667,0.423423423,0.198198198,0.162162162,0,0.027027027,2378.651173,1017.850733,457.9328446,338.9502933,2.902346041,0.055498534,0.002419355,0.001906158,0.054618768,2.854252199,1.367815249,0.011876833,0.940909091,0,0.029765396,0.00931085,0.649560117,0.164442815,0.536730205,0.416348974,0.754618768,0.165835777,8.122360704,1.760923754,4.058548882,14,1.230568051,0.011705913,Label_IV
30-3-1-3,30,3,T2D,44,1,170,70,24.2,1,6.1,9.41,0.08,Large,20825,185.4525453,0.580683679,1,8000,0.384153661,263,188,170,24,6,34,11,0.714828897,0.646387833,0.091254753,0.022813688,0.129277567,0.041825095,7489.640353,5705.726016,568.9726784,126.9939019,2.869297993,0.057932392,0.004153462,0.002760972,0.060813406,4.760875828,0.295159896,0.012052242,0.829179871,0.000240085,0.733506194,0.085181984,0.701911073,0.143090368,0.678766926,0.482209738,0.928478825,0.179583213,8.663929703,2.194420436,15.63312168,5,-0.528848767,2.25352788,Label_IV
30-3-10-3,30,3,T2D,44,1,170,70,24.2,1,6.1,9.41,0.08,Medium,5919,104.4341481,0.709727173,1,2013,0.340091232,79,42,65,33,0,6,2,0.53164557,0.82278481,0.417721519,0,0.075949367,0.025316456,1794.696791,2044.654561,597.8989865,0,2.632685811,0.063006757,0.006165541,0.000675676,0.111993243,5.177787162,0.080152027,0.006672297,2.60472973,0.002364865,0.199324324,0.04527027,0.680152027,0.839864865,0.722128378,0.471283784,0.808952703,0.183361486,9.162668919,2.584037162,7.288046328,5,-0.860646427,2.098627329,Label_IV
30-3-11-3,30,3,T2D,44,1,170,70,24.2,1,6.1,9.41,0.08,Medium,5613,108.6689756,0.69540552,1,2294,0.408694103,105,46,87,21,0,34,1,0.438095238,0.828571429,0.2,0,0.323809524,0.00952381,895.840399,2224.603669,434.9225151,0,1.797559672,0.018436053,0.002493766,0.000890631,0.059405059,6.825347346,0.058336302,0.014962594,2.379319558,0.001246883,0.6439259,0.037762736,0.563501959,0.101175632,0.510153188,0.492607766,0.821161382,0.108745992,7.507926612,1.635910224,10.6334888,2,-1.303118706,3.129131794,Label_IV
30-3-12-3,30,3,T2D,44,1,170,70,24.2,1,6.1,9.41,0.08,Medium,4133,77.81224096,0.33416047,1,1151,0.278490201,66,45,23,30,2,3,0,0.681818182,0.348484848,0.454545455,0.03030303,0.045454545,0,1617.608612,650.8425254,982.7622158,20.99492017,3.27672956,0.047411708,0.000604741,0,0.027092404,2.745041122,0.203313982,0.011248186,5.51233672,0.003023706,0.118287373,0.00411224,0.585147557,0.114175133,0.666303822,0.530478955,0.680212869,0.103652637,8.467464925,1.830309627,16.03628854,5,-0.136027679,1.589548707,Label_IV
30-3-2-3,30,3,T2D,44,1,170,70,24.2,1,6.1,9.41,0.08,Medium,17101,171.4048889,0.663014754,1,4049,0.23676978,298,219,171,67,0,14,10,0.734899329,0.573825503,0.224832215,0,0.046979866,0.033557047,7627.55397,5630.67074,1618.905333,0,3.290784704,0.043708338,0.001724944,0.000906327,0.063764472,5.898052859,0.07306163,0.010875921,3.306221495,0.002075781,0.094228745,0.00695825,0.637937083,0.106975792,0.574640393,0.447637703,0.749766109,0.105718629,9.899894749,1.812039528,15.47296434,5,-0.448648542,2.492027521,Label_IV
30-3-3-3,30,3,T2D,44,1,170,70,24.2,1,6.1,9.41,0.08,Medium,13714,150.1844222,0.545894541,1,4800,0.350007292,201,164,73,36,43,3,1,0.815920398,0.36318408,0.179104478,0.213930348,0.014925373,0.004975124,6097.555377,1450.894203,918.9329931,1085.920817,3.498760481,0.048268319,0.000874954,0.000546847,0.036930368,1.857491797,2.745534087,0.021764491,1.681990521,0.000401021,0.044112286,0.006088225,0.696937659,0.173933649,0.701859278,0.533576376,0.761793657,0.178855268,9.597921983,2.060991615,3.904904151,14,0.999959946,-0.429235935,Label_IV
30-3-4-3,30,3,T2D,44,1,170,70,24.2,1,6.1,9.41,0.08,Medium,12537,131.6024033,0.368730907,1,5495,0.438302624,190,119,108,63,0,15,7,0.626315789,0.568421053,0.331578947,0,0.078947368,0.036842105,3726.702744,2357.811932,1800.856357,0,2.60492104,0.039719253,0.003668847,0.001355878,0.043547615,2.791832828,0.030945924,0.014156963,4.436991546,0.001076727,0.128848301,0.016988355,0.491186792,0.08841123,0.509889935,0.424270219,0.67000319,0.12597703,8.871231456,1.90058223,16.03627202,5,-0.213633955,1.61027205,Label_IV
30-3-5-3,30,3,T2D,44,1,170,70,24.2,1,6.1,9.41,0.08,Medium,11253,130.0636261,0.496332843,1,4016,0.356882609,198,125,125,19,2,10,9,0.631313131,0.631313131,0.095959596,0.01010101,0.050505051,0.045454545,3194.716101,4299.617914,322.9712991,12.99884486,2.53811978,0.028212191,0.007108584,8.89E-05,0.064243824,6.735427404,0.093078017,0.012262307,1.2168118,0.002043718,0.043184645,0.009596588,0.68855518,0.157810556,0.523458326,0.386084948,0.795717078,0.122667496,9.472365381,1.797938511,7.705560599,5,-0.933617532,2.496147633,Label_IV
30-3-6-3,30,3,T2D,44,1,170,70,24.2,1,6.1,9.41,0.08,Medium,8307,148.2338831,0.861571152,1,3714,0.447092813,58,42,20,11,0,3,4,0.724137931,0.344827586,0.189655172,0,0.051724138,0.068965517,3612.565118,610.9264564,496.9401781,0,3.486940299,0.054706307,0.003851709,0.000962927,0.018536351,1.06535869,0.020281656,0.008907078,1.544415022,0.000300915,0.051636976,0.009087626,0.656054405,0.362481945,0.674530573,0.556210881,0.577395282,0.131078479,8.604477612,2.144619644,0.557542083,7,0.985501945,-2.481165886,Label_IV
30-3-7-3,30,3,T2D,44,1,170,70,24.2,1,6.1,9.41,0.08,Medium,7767,114.361268,0.594433293,1,2487,0.32020085,117,69,76,21,0,9,4,0.58974359,0.64957265,0.179487179,0,0.076923077,0.034188034,2947.620494,2177.719619,431.9443872,0,2.976699279,0.074279094,0.011779094,0.001351699,0.049047374,4.828591658,0.091529351,0.014546859,1.654608651,0.011779094,0.067906797,0.01261586,0.959835221,0.276712152,0.797953141,0.520275489,1.01242276,0.232492276,9.88188723,2.564752832,16.03627753,5,-0.471084386,1.724066615,Label_IV
30-3-8-3,30,3,T2D,44,1,170,70,24.2,1,6.1,9.41,0.08,Medium,7754,172.8863997,0.93035449,1,1441,0.185839567,115,74,94,12,8,0,1,0.643478261,0.817391304,0.104347826,0.069565217,0,0.008695652,3290.575629,3363.566215,176.977176,278.9640232,3.488781431,0.051515152,0.002256609,0.000322373,0.126692456,7.884268214,0.72901354,0.016827853,0.761702128,0.00141844,0.023146357,0.003288201,0.673952289,0.07582205,0.750225661,0.593874919,0.993230174,0.136814958,9.77582205,2.013733075,15.07244538,5,-0.596213102,3.12566328,Label_IV
30-3-9-3,30,3,T2D,44,1,170,70,24.2,1,6.1,9.41,0.08,Medium,7655,123.3604056,0.752426784,1,1367,0.178576094,145,94,81,34,37,10,2,0.648275862,0.55862069,0.234482759,0.255172414,0.068965517,0.013793103,3639.524556,2212.710946,618.9191484,722.9055643,3.590256008,0.066287879,0.005943051,0.00039185,0.074777952,4.857889237,2.916209509,0.01907001,2.503983804,0.003526646,0.071773772,0.009926855,0.691483804,0.139041275,0.693704284,0.524164054,0.896355799,0.173132184,9.067659352,2.498693835,16.03628303,5,0.293644279,1.494983077,Label_IV
30-4-1-3,30,4,T2D,44,1,170,70,24.2,1,6.1,9.41,0.08,Large,23349,195.5034233,0.621424355,1,4835,0.207075249,440,303,345,43,0,19,9,0.688636364,0.784090909,0.097727273,0,0.043181818,0.020454545,8287.645054,11733.49747,888.9619272,0,1.536680942,0.022291221,0.003618844,0.00111349,0.10366167,8.924710921,0.070963597,0.004817987,1.158265525,0.000449679,0.056573876,0.014625268,0.566017131,0.154496788,0.43,0.217922912,0.835460385,0.122141328,7.860321199,2.035481799,10.13514436,2,-1.96713686,4.195444584,Label_IV
30-4-2-3,30,4,T2D,44,1,170,70,24.2,1,6.1,9.41,0.08,Medium,14801,255.8457651,0.932125703,1,1815,0.12262685,301,189,239,56,0,22,8,0.627906977,0.794019934,0.186046512,0,0.073089701,0.026578073,6060.590528,7420.498649,1748.88184,0,1.694838535,0.041987569,0.004593974,0.000608026,0.096270774,9.092622619,0.097047696,0.006012701,3.675989731,0.004188623,0.138765032,0.040568842,0.510235103,0.16697068,0.486116741,0.240339143,0.747736792,0.129104175,6.880286448,2.230171598,11.02399312,2,-1.293458581,3.748558521,Label_IV
30-5-1-3,30,5,T2D,44,1,170,70,24.2,1,6.1,9.41,0.08,Medium,18015,228.3256963,0.841203789,1,4493,0.249403275,258,200,136,34,0,29,2,0.775193798,0.527131783,0.131782946,0,0.112403101,0.007751938,8654.519594,5096.717085,636.9646425,0,1.636933837,0.027392318,0.001082371,0.000999112,0.018872114,2.902531083,0.020509547,0.004718028,0.363704485,2.78E-05,0.10160413,0.024811279,0.397396758,0.163909858,0.417989565,0.306921625,0.531222247,0.085673845,6.786079041,2.07482238,5.245250613,14,0.014647811,0.417535245,Label_IV
30-5-2-3,30,5,T2D,44,1,170,70,24.2,1,6.1,9.41,0.08,Medium,13345,139.5703205,0.465578697,1,2441,0.182914949,246,133,204,72,2,12,7,0.540650407,0.829268293,0.292682927,0.008130081,0.048780488,0.028455285,3727.720665,7287.453919,1805.864679,4.999625356,1.03645287,0.036190619,0.00382137,0.001798292,0.048553874,5.629664319,0.065375393,0.004982766,2.109096358,0.000599431,0.076689645,0.001573505,0.428442979,0.176607223,0.463284879,0.246703132,0.639967031,0.113254908,6.605724562,2.321444628,8.594272293,2,-1.663730502,2.879413843,Label_IV
30-5-3-3,30,5,T2D,44,1,170,70,24.2,1,6.1,9.41,0.08,Medium,11467,188.0890832,0.78195174,1,2528,0.220458708,155,108,79,16,2,8,6,0.696774194,0.509677419,0.103225806,0.012903226,0.051612903,0.038709677,6256.454395,2526.779648,456.96015,7.999302407,1.898543774,0.057115452,0.006801535,0.003226369,0.026377747,2.05105511,0.02916812,0.007193931,0.43024067,0.000479595,0.040809208,0.001264388,0.397017789,0.21045518,0.616236484,0.398020579,0.611527729,0.18961458,7.77807813,2.353418207,3.513000426,14,1.188218474,-0.713592827,Label_IV
30-7-1-3,30,7,T2D,44,1,170,70,24.2,1,6.1,9.41,0.08,Large,21018,181.3687331,0.524751242,1,2417,0.11499667,464,336,379,167,0,51,13,0.724137931,0.816810345,0.359913793,0,0.109913793,0.028017241,10502.50031,10003.52405,3642.826681,0,2.2158999,0.061848803,0.00511442,0.002093344,0.104667206,9.350183168,0.127218231,0.00689852,4.196274799,0.006327608,0.110828298,0.017959941,0.583733765,0.147985156,0.589228793,0.330581855,0.702792711,0.159855369,6.459988582,2.265545459,11.05090435,2,-1.316533804,3.867200851,Label_IV
30-7-2-3,30,7,T2D,44,1,170,70,24.2,1,6.1,9.41,0.08,Medium,8101,123.5089334,0.68447558,1,589,0.072707073,73,64,15,8,5,6,3,0.876712329,0.205479452,0.109589041,0.068493151,0.082191781,0.04109589,6891.149346,349.9568008,559.9308813,82.98975562,3.534682794,0.151382375,0.00351765,0.006294742,0.015860281,0.807022957,0.191125648,0.014194026,1.472105653,0.000987411,0.052826463,0.00567761,0.538879289,0.204085411,0.746420637,0.539187855,0.489570476,0.20914589,7.159651938,2.208528758,3.169221924,1,0.959129691,-1.074295998,Label_IV
30-8-1-3,30,8,T2D,44,1,170,70,24.2,1,6.1,9.41,0.08,Medium,15321,229.2475311,0.884518315,1,3744,0.244370472,288,114,252,68,0,22,22,0.395833333,0.875,0.236111111,0,0.076388889,0.076388889,2319.848584,8974.414241,1730.887025,0,2.092089806,0.153080538,0.010442501,0.005580211,0.189531393,10.80975069,0.166623156,0.029924292,2.639146326,0.007277118,0.122438324,0.013542618,0.773038768,0.119077144,0.862224253,0.52920637,1.3529239,0.331418875,10.65791019,4.263934212,10.41213641,2,-1.952355027,3.788271427,Label_IV
4-1-1-1,4,1,ND,44,1,170,65,22.49134948,4,4.3,0,0,Medium,14770,152.6543251,0.555905625,1,2384,0.16140826,182,161,87,67,0,29,9,0.884615385,0.478021978,0.368131868,0,0.159340659,0.049450549,9553.353192,2157.853903,2679.818563,0,17.513777,1.16955521,0.072202288,0.189357525,0.622198903,1.295917677,0.092343105,0.845677341,2.780041974,0.00010155,1.052738474,0.335759258,2.251777131,4.204285424,3.101076434,2.505009817,2.864498003,2.534628664,80.01174599,14.18539706,4.846021781,3,3.839783192,-2.56870985,Label_I
4-1-2-1,4,1,ND,44,1,170,65,22.49134948,4,4.3,0,0,Medium,13177,161.0943613,0.718349344,1,3534,0.268194581,180,155,78,20,5,10,8,0.861111111,0.433333333,0.111111111,0.027777778,0.055555556,0.044444444,6821.482319,2770.789725,766.9417969,163.987555,13.91091213,1.110411292,0.085673092,0.158180301,0.637236303,1.76817423,0.771475186,0.803953559,0.893079375,0,0.782023069,0.346069206,1.983533161,3.830854454,2.742866899,2.313780543,2.801525269,2.508840492,74.98971771,13.3185233,4.821679636,3,3.915857315,-2.671243429,Label_I
4-1-3-1,4,1,ND,44,1,170,65,22.49134948,4,4.3,0,0,Medium,11321,140.704653,0.667739543,1,2263,0.199894002,178,134,132,51,0,17,15,0.752808989,0.741573034,0.286516854,0,0.095505618,0.084269663,4905.566684,3762.667638,1590.859477,0,12.52521639,1.145159866,0.098834128,0.156332803,0.885355944,2.955838191,0.104266031,0.833686628,2.00463699,0,0.980038862,0.515589119,2.198419007,4.345433669,3.087131249,2.200538774,3.505299417,2.519696167,89.0209327,13.30688041,4.174062504,3,4.267607689,-2.165745974,Label_I
4-1-4-1,4,1,ND,44,1,170,65,22.49134948,4,4.3,0,0,Medium,11320,131.0177479,0.534748736,1,2318,0.204770318,132,106,85,24,0,9,5,0.803030303,0.643939394,0.181818182,0,0.068181818,0.037878788,5142.545712,4028.644113,839.9258016,0,12.39068987,1.003621588,0.041294939,0.147425139,0.683596855,2.959765038,0.066248565,0.822453847,0.897182228,8.83E-05,0.752142037,0.310308277,2.073182581,2.523761152,2.645437682,2.174763713,3.064614433,2.034890911,76.23036834,10.84542002,4.331862951,3,4.257000446,-2.340054512,Label_I
4-1-5-1,4,1,ND,44,1,170,65,22.49134948,4,4.3,0,0,Medium,5523,88.71018528,0.398340674,1,916,0.165851892,69,60,19,26,0,8,5,0.869565217,0.275362319,0.376811594,0,0.115942029,0.072463768,3619.344678,415.9246923,1215.77987,0,17.71379435,1.189898624,0.13577118,0.145275163,0.544623461,0.927679218,0.082005793,0.655231716,3.750724113,0,1.156951484,0.37807748,2.231444605,4.025162925,2.933291093,2.296524258,2.757784214,2.556661839,95.10110427,15.8570782,4.869959084,3,3.820793152,-2.609180927,Label_I
4-1-6-1,4,1,ND,44,1,170,65,22.49134948,4,4.3,0,0,Medium,3630,81.78946927,0.617521901,1,626,0.172451791,65,31,59,18,0,15,3,0.476923077,0.907692308,0.276923077,0,0.230769231,0.046153846,453.8749656,2200.393831,640.8234646,0,5.208207105,0.838198843,0.053291104,0.082621867,0.861332966,4.691545029,0.076425227,0.470393831,1.934866428,0,2.62035252,0.482511705,1.628614707,11.02698981,2.684109061,1.484301845,3.431561553,2.91503718,69.1505095,14.58936932,5.432004531,3,4.270533085,-1.244799733,Label_I
4-12-1-1,4,12,ND,44,1,170,65,22.49134948,4,4.3,0,0,Large,25699,185.9074846,0.293127036,1,5621,0.218724464,315,265,255,100,2,71,34,0.841269841,0.80952381,0.317460317,0.006349206,0.225396825,0.107936508,9160.643541,11935.53556,3384.868288,34.99863813,5.197198444,0.676167315,0.034669261,0.06348249,0.672023346,16.37373541,0.215214008,0.864863813,2.88,0,1.094961089,0.306867704,2.063190661,2.477217899,2.296031128,1.801089494,2.619455253,1.660155642,61.81904669,5.874085603,4.504304241,14,2.177357435,0.212505087,Label_I
4-12-2-1,4,12,ND,44,1,170,65,22.49134948,4,4.3,0,0,Medium,13754,140.6710009,0.42100821,1,1918,0.139450342,193,124,159,69,1,58,42,0.642487047,0.823834197,0.357512953,0.005181347,0.300518135,0.21761658,4907.643184,7343.466085,2420.823991,10.99920029,5.448055253,0.709814613,0.083424209,0.074191203,0.623773173,15.6306434,0.209778262,0.807488186,3.203416939,0,1.474990912,0.306688477,1.981497637,2.421592148,2.585932388,1.705452563,2.595310796,2.108505998,55.26699382,7.102762632,4.504309747,14,2.038380384,0.325144798,Label_I
4-12-3-1,4,12,ND,44,1,170,65,22.49134948,4,4.3,0,0,Medium,10696,155.1632905,0.746682051,1,3397,0.317595363,132,115,49,12,2,10,10,0.871212121,0.371212121,0.090909091,0.015151515,0.075757576,0.075757576,5168.51678,2022.810882,435.9592409,9.999065158,6.23964663,0.622464242,0.021968776,0.053659905,0.528933346,4.671777134,0.075862391,1.10554361,0.761755632,0,0.562681126,0.188370571,1.755211742,2.056744882,1.983827241,1.963821632,1.825091147,1.553472936,54.0802094,5.232401608,5.315248863,3,4.253680706,-1.414685488,Label_I
4-12-4-1,4,12,ND,44,1,170,65,22.49134948,4,4.3,0,0,Medium,4747,78.20663253,0.09406024,1,1470,0.309669265,69,52,28,32,0,32,1,0.753623188,0.405797101,0.463768116,0,0.463768116,0.014492754,1864.607203,487.8972199,1166.754212,0,5.208298231,0.545598147,0.001790227,0.033171862,0.216617523,2.583508846,0.031276327,0.8834246,5.318239259,0,1.75631845,0.106992418,1.524747262,1.589090143,1.60688711,1.64437658,1.576032013,1.309077506,43.90564448,5.586246841,5.071971628,3,4.443110943,-1.62479651,Label_I
4-13-1-1,4,13,ND,44,1,170,65,22.49134948,4,4.3,0,0,Medium,14868,155.8320565,0.620355078,1,4789,0.322101157,233,179,140,58,0,49,23,0.768240343,0.600858369,0.248927039,0,0.210300429,0.098712446,5368.638913,4296.711009,1314.911561,0,10.37332706,0.937386509,0.041966507,0.136761046,0.660568969,4.290133835,0.116752976,1.013349923,9.382742619,0.018528482,0.927466541,0.604142848,2.032853588,1.873629699,2.855773757,2.328502253,2.249176138,1.827392562,60.46657475,7.737272177,5.432015542,3,4.077602386,-1.51505661,Label_I
4-13-2-1,4,13,ND,44,1,170,65,22.49134948,4,4.3,0,0,Medium,11381,133.2053728,0.563166391,1,2491,0.218873561,175,157,74,18,3,20,45,0.897142857,0.422857143,0.102857143,0.017142857,0.114285714,0.257142857,7415.348445,1955.82815,280.9753119,19.99824284,16.60960288,1.051177297,0.053900896,0.156782639,0.495079951,3.38675101,0.15010543,1.000834651,1.152433667,0,0.704182042,0.580653664,2.541644702,2.515726586,3.256545423,2.60481462,2.216613952,2.168072395,72.74569496,9.469161834,4.851211958,3,3.835570335,-2.569045544,Label_I
4-13-3-1,4,13,ND,44,1,170,65,22.49134948,4,4.3,0,0,Medium,8993,132.1714629,0.743930623,1,2553,0.283887468,128,113,64,20,0,20,28,0.8828125,0.5,0.15625,0,0.15625,0.21875,4830.462864,1596.822437,404.95497,0,13.43668001,0.891427618,0.112185902,0.117967534,0.450244608,3.121247498,0.094674227,0.898877029,1.594451857,0,0.739937736,0.57010229,2.274738715,2.379753169,2.658550145,2.236657772,1.923782522,2.019457416,56.38675784,9.01762286,3.412634325,3,3.385591984,-1.990401268,Label_I
4-13-4-1,4,13,ND,44,1,170,65,22.49134948,4,4.3,0,0,Medium,5160,83.73588704,0.285095411,1,1450,0.281007752,78,60,32,32,0,20,22,0.769230769,0.41025641,0.41025641,0,0.256410256,0.282051282,2478.519667,601.8833559,782.8482852,0,12.20403023,0.859329587,0.048924627,0.113253245,0.396822321,2.189788801,0.070335206,0.877833753,5.951269134,0,1.254892463,0.530323581,2.200058128,1.59271459,2.440709165,2.1595621,1.809436156,1.778918814,61.09319899,7.838984693,3.583792001,3,3.7616992,-1.833334208,Label_I
4-13-5-1,4,13,ND,44,1,170,65,22.49134948,4,4.3,0,0,Medium,4853,98.82837844,0.765632989,1,1237,0.25489388,75,60,21,9,28,1,18,0.8,0.28,0.12,0.373333333,0.013333333,0.24,2910.400288,447.907705,131.9728059,492.8984343,14.79573548,1.062525752,0.06592501,0.137618459,0.605377009,1.749690977,2.119695097,1.149773383,1.687062217,0,0.573135558,0.62618459,2.345385249,2.236505974,2.892974866,3.0118459,1.916666667,2.021528636,58.47332097,7.188401319,3.20035621,3,3.320782423,-2.206120014,Label_I
4-14-1-1,4,14,ND,44,1,170,65,22.49134948,4,4.3,0,0,Large,22690,188.3319964,0.554708173,1,6888,0.303569855,276,229,126,48,8,40,26,0.829710145,0.456521739,0.173913043,0.028985507,0.144927536,0.094202899,11666.48583,3216.858226,1808.920277,70.99687101,8.870278965,0.661760169,0.030386497,0.068683619,0.433035124,1.999625402,0.05248777,0.680247675,1.363844696,0,0.693028073,0.681569785,1.664911198,1.45544489,2.218721079,1.78114671,1.694856992,1.551936891,54.27742277,6.875875898,3.949196416,3,4.159270287,-2.088830471,Label_I
4-14-2-1,4,14,ND,44,1,170,65,22.49134948,4,4.3,0,0,Large,20587,182.1225293,0.599578985,1,4322,0.209938311,272,205,204,80,6,57,49,0.753676471,0.75,0.294117647,0.022058824,0.209558824,0.180147059,7751.62347,8293.597144,2743.866718,28.99859141,7.445502234,0.761414416,0.061152127,0.111399845,0.569069361,6.288444725,0.106372644,0.821692248,2.392243054,0,1.241645619,0.402418885,1.793277637,2.410166116,2.49412279,1.813362153,2.19661939,2.124319992,59.62997863,8.763648727,5.432021047,3,4.058180809,-1.239008427,Label_I
4-15-1-1,4,15,ND,44,1,170,65,22.49134948,4,4.3,0,0,Medium,15874,161.006293,0.604366316,1,3153,0.198626685,212,171,117,71,1,50,28,0.806603774,0.551886792,0.33490566,0.004716981,0.235849057,0.132075472,7214.545512,3344.789291,3382.786898,25.9983622,8.658834646,0.680944882,0.054267717,0.088062992,0.429669291,2.163181102,0.07584252,0.658929134,2.382929134,0,1.048787402,0.240629921,1.663023622,1.800850394,2.329574803,1.710740157,1.996818898,1.749984252,55.09225197,7.309543307,4.936004314,3,4.535054207,-1.613680363,Label_I
4-15-2-1,4,15,ND,44,1,170,65,22.49134948,4,4.3,0,0,Medium,7323,119.2795199,0.439774702,1,1310,0.178888434,102,98,21,15,7,20,7,0.960784314,0.205882353,0.147058824,0.068627451,0.196078431,0.068627451,5207.288913,371.9492081,361.9505735,351.9519388,13.54553523,0.840387766,0.025532496,0.155516111,0.384421081,0.470712725,3.118104861,0.855816494,0.590933916,0,1.043418897,0.252321136,1.836906062,2.526283452,2.46463681,2.462520481,1.864077007,1.987984708,66.07898689,9.069702348,4.876117852,3,3.868971586,-2.733273506,Label_I
4-15-3-1,4,15,ND,44,1,170,65,22.49134948,4,4.3,0,0,Medium,7277,118.1270145,0.711064181,1,1638,0.225092758,105,73,63,43,0,23,17,0.695238095,0.6,0.40952381,0,0.219047619,0.161904762,3066.578593,1582.782495,1833.748008,0,8.843432262,0.749725199,0.066570486,0.12517175,0.611294312,2.383003572,0.053242649,0.75714482,3.234061555,0,1.101126683,0.209260786,1.61424842,2.065677384,2.486191261,1.747114592,2.22863424,1.859439406,55.18404782,8.054960154,4.197514988,3,4.357869148,-2.217887878,Label_I
4-15-4-1,4,15,ND,44,1,170,65,22.49134948,4,4.3,0,0,Medium,7053,106.3763316,0.51761926,1,877,0.124344251,103,69,80,28,0,15,24,0.669902913,0.776699029,0.27184466,0,0.145631068,0.233009709,3201.546073,3081.563085,1231.825347,0,9.799900766,0.682591437,0.037992628,0.084065778,0.644882336,5.751134108,0.08052169,0.625673377,3.844627162,0.002126453,0.819038843,0.219308194,1.698681599,4.95392685,2.466614687,1.471718174,2.41345336,2.199744826,64.03012475,9.549829884,5.40802136,3,4.290942192,-1.292961001,Label_I
4-15-5-1,4,15,ND,44,1,170,65,22.49134948,4,4.3,0,0,Medium,5875,95.27057053,0.534549821,1,1064,0.181106383,85,73,40,14,0,8,18,0.858823529,0.470588235,0.164705882,0,0.094117647,0.211764706,3858.343261,1034.82386,278.9525187,0,13.49591559,0.870915589,0.060585432,0.11785228,0.459921715,2.278761062,0.067562968,0.962389381,0.411589517,0,0.614108237,0.274166099,1.76480599,2.458645337,2.490810075,2.168311777,2.331007488,2.058032675,71.59649421,9.648059905,4.641375625,3,3.994584322,-2.42087388,Label_I
4-15-6-1,4,15,ND,44,1,170,65,22.49134948,4,4.3,0,0,Medium,4416,99.29031242,0.788513496,1,608,0.137681159,72,59,30,15,3,15,13,0.819444444,0.416666667,0.208333333,0.041666667,0.208333333,0.180555556,3177.280507,450.8978945,390.9114784,53.98777451,14.8406158,0.857369255,0.04663799,0.131537242,0.381254245,1.216096898,0.328956305,0.793977813,1.23522753,0.000452796,0.844690967,0.26590446,1.809372878,1.983359746,2.520828617,2.101652705,1.902535658,2.075390537,71.86484039,9.422119085,5.030490794,3,3.764436722,-2.598098278,Label_I
4-16-1-1,4,16,ND,44,1,170,65,22.49134948,4,4.3,0,0,Large,32528,266.3763745,0.710053916,1,12736,0.391539597,402,252,330,26,9,18,58,0.626865672,0.820895522,0.064676617,0.02238806,0.044776119,0.144278607,9035.722217,11832.63623,657.9797719,53.99833994,4.339696886,0.714393311,0.037950752,0.08950475,0.877155769,4.319883796,0.071828215,0.41851886,0.216729687,3.07E-05,0.274739463,0.277214178,1.65885825,1.334593747,2.8313966,1.318269852,3.003919579,1.589474008,51.72329306,7.430907805,5.242663324,3,4.455954075,-1.374569178,Label_I
4-16-2-1,4,16,ND,44,1,170,65,22.49134948,4,4.3,0,0,Medium,7155,104.9273979,0.543772282,1,1315,0.183787561,87,76,46,36,2,23,11,0.873563218,0.528735632,0.413793103,0.022988506,0.264367816,0.126436782,4087.428731,1509.788988,1488.791923,3.999441029,7.449622694,0.592300168,0.056595864,0.092160425,0.271240917,3.077207937,0.044787591,0.520961431,1.898406931,0.000139743,0.993012856,0.188652879,1.542342091,2.883803801,2.079583566,1.630310229,1.746995528,1.659865847,55.71115148,7.424888206,5.128704357,3,4.415689468,-1.536353946,Label_I
4-16-3-1,4,16,ND,44,1,170,65,22.49134948,4,4.3,0,0,Medium,5243,99.47758227,0.71201381,1,204,0.038909022,88,64,75,21,14,0,28,0.727272727,0.852272727,0.238636364,0.159090909,0,0.318181818,2962.434973,3088.410946,370.9292525,141.9729214,8.319031274,0.898932113,0.090293669,0.171243326,0.833810069,12.87738368,0.197940503,0.624618612,0.64187643,0.000190694,0.581235698,0.356884058,1.837051869,2.372234935,2.716533181,1.926010679,2.790999237,2.036422578,75.1495042,9.053680397,5.432026553,3,3.542659283,-1.051546216,Label_I
4-2-1-1,4,2,ND,44,1,170,65,22.49134948,4,4.3,0,0,Large,23160,191.7113846,0.580238232,1,4909,0.211960276,356,287,233,65,7,33,26,0.806179775,0.654494382,0.18258427,0.019662921,0.092696629,0.073033708,11432.50637,7245.687146,1727.925392,14.99935236,7.932623807,0.797418073,0.027114546,0.086287293,0.750032382,3.490263806,0.056301541,0.734985536,0.967963387,0.000151116,0.643797763,3.175100384,1.602672596,2.54239886,2.810457234,1.775096067,2.461659687,1.779672726,61.30926989,9.000863521,5.127711044,3,4.42394352,-1.577883244,Label_I
4-2-2-1,4,2,ND,44,1,170,65,22.49134948,4,4.3,0,0,Large,23102,177.0567964,0.278394332,1,4416,0.191152281,315,289,209,84,3,45,31,0.917460317,0.663492063,0.266666667,0.00952381,0.142857143,0.098412698,13203.42847,6057.737783,2613.886855,14.99935073,9.892676276,0.915075964,0.049733801,0.110461845,0.766047699,2.86687876,0.059862356,0.736419513,1.491667749,0,0.80569623,1.28191144,1.7488205,2.669112237,2.957537982,1.96182314,2.713413842,1.957819331,67.47355322,10.38393282,4.330696096,3,4.401282787,-2.398730755,Label_I
4-2-3-1,4,2,ND,44,1,170,65,22.49134948,4,4.3,0,0,Large,22754,190.210494,0.567422824,1,4941,0.217148633,351,279,272,92,0,50,27,0.794871795,0.774928775,0.262108262,0,0.142450142,0.076923077,9965.56203,8375.631905,2287.899451,0,7.646165678,0.863854098,0.038650846,0.09118875,0.89422105,3.546473303,0.051571083,0.788925511,1.191012964,0,0.746561195,0.371061305,1.686816084,2.176312898,2.572423643,1.800175786,2.982047902,1.825115359,70.17253351,9.246275544,5.128403278,3,4.457970619,-1.569828987,Label_I
4-3-1-1,4,3,ND,44,1,170,65,22.49134948,4,4.3,0,0,Large,33196,247.7651005,0.721006148,1,8400,0.253042535,455,293,369,201,5,3,25,0.643956044,0.810989011,0.441758242,0.010989011,0.006593407,0.054945055,8664.738982,16075.51574,7174.783866,37.99885532,3.153869326,0.359339699,0.01212459,0.06553303,0.201976082,8.638265506,0.046856644,0.244600416,4.586995813,9.04E-05,0.121170588,0.042353225,1.200861524,0.861011537,0.930596138,0.703075579,0.912718017,0.708738741,17.17271139,2.892294484,16.03626652,5,0.017369581,1.473584652,Label_IV
4-3-2-1,4,3,ND,44,1,170,65,22.49134948,4,4.3,0,0,Large,27546,216.9408937,0.651219601,1,3553,0.128984245,401,382,167,59,3,21,36,0.952618454,0.416458853,0.14713217,0.007481297,0.052369077,0.089775561,19693.28508,5558.798199,1495.945693,16.99938287,10.89163974,0.853904236,0.039677642,0.126946673,0.57015283,3.46651178,0.067902131,0.776708898,1.095926961,1.82E-05,0.593730715,1.234108977,1.811994047,2.115021599,2.646894399,2.093730715,2.47585944,1.782789414,63.80742005,8.427197154,4.41790359,3,4.233716011,-2.417618036,Label_I
4-3-3-1,4,3,ND,44,1,170,65,22.49134948,4,4.3,0,0,Medium,16472,169.2626427,0.647964012,1,2635,0.159968431,214,192,146,54,5,21,38,0.897196262,0.682242991,0.252336449,0.023364486,0.098130841,0.177570093,9202.441328,5117.68931,2256.862988,14.99908942,8.685788867,0.835397317,0.069720148,0.097371456,0.597280398,5.544193529,0.075456808,0.610665938,2.870242215,0,0.614004735,0.222970922,1.750227645,2.139076064,2.477781825,1.77435804,2.674710132,1.815850179,66.04425423,9.033205852,5.432010036,3,4.191327095,-1.364338517,Label_I
4-3-4-1,4,3,ND,44,1,170,65,22.49134948,4,4.3,0,0,Medium,15014,160.0412919,0.661206016,1,1617,0.10769948,207,165,135,39,12,2,11,0.797101449,0.652173913,0.188405797,0.057971014,0.009661836,0.053140097,8214.45288,5359.643024,1538.897502,33.9977356,6.877322677,0.761671662,0.016916417,0.063503164,0.457575758,8.953280053,0.105294705,0.298001998,2.163136863,0,0.206426906,0.143090243,1.462803863,1.331968032,1.547985348,1.316583417,2.017915418,1.204095904,45.08201798,5.658208458,2.254526978,12,2.95878768,-0.680621922,Label_I
4-3-5-1,4,3,ND,44,1,170,65,22.49134948,4,4.3,0,0,Medium,10295,129.9049244,0.613172754,1,1018,0.098882953,141,135,53,22,4,2,11,0.957446809,0.375886525,0.156028369,0.028368794,0.014184397,0.078014184,8116.211636,1444.859654,684.9334693,17.99825175,10.53904429,0.805992618,0.025883838,0.099213287,0.172494172,3.495580808,0.065073815,0.368978244,1.888646076,0,0.228341103,0.15797397,1.711344211,1.258255633,1.807060995,1.619609557,1.640102953,1.361111111,54.34052059,7.054924242,3.955179004,3,3.974517822,-2.175884485,Label_I
4-4-1-1,4,4,ND,44,1,170,65,22.49134948,4,4.3,0,0,Medium,11854,152.1907067,0.728467011,1,3311,0.279314999,164,121,94,13,1,14,18,0.737804878,0.573170732,0.079268293,0.006097561,0.085365854,0.109756098,5522.534121,3267.724336,364.9692113,0.999915647,9.068916069,0.759384226,0.042640236,0.098102067,0.414972585,2.594053142,0.050274146,0.478321383,0.392914382,8.44E-05,0.467692957,0.214888233,1.42505272,2.367566428,2.497764656,1.581990721,2.15592577,1.839772248,59.13517503,8.723618726,4.496749637,3,4.207903862,-2.543540955,Label_I
4-4-2-1,4,4,ND,44,1,170,65,22.49134948,4,4.3,0,0,Medium,11605,161.9374306,0.817269663,1,2642,0.227660491,177,149,99,11,1,6,16,0.84180791,0.559322034,0.062146893,0.005649718,0.033898305,0.09039548,6841.410477,2427.790798,348.9699293,1.999827675,10.74375323,0.841849044,0.031707737,0.138419783,0.449379631,2.121833534,0.0443736,0.821773221,0.321514734,8.62E-05,0.463079442,0.341590557,1.654058246,1.967646045,3.178054455,2.207694296,1.990435981,1.785714286,66.27550405,8.770420472,4.537544627,3,4.120893002,-2.414425135,Label_I
4-4-3-1,4,4,ND,44,1,170,65,22.49134948,4,4.3,0,0,Medium,10368,119.5856767,0.335773652,1,2107,0.203221451,144,116,103,50,2,16,20,0.805555556,0.715277778,0.347222222,0.013888889,0.111111111,0.138888889,4852.53197,3308.680876,1854.821101,4.999517793,9.504098756,0.77128942,0.056755714,0.128893818,0.526280258,3.09899701,0.062590414,0.570884367,2.362426463,9.64E-05,0.791976083,0.217426946,1.524447873,2.004725624,2.64808564,1.807599576,2.067219597,1.826502073,65.77133764,8.778184974,5.24281582,3,4.325619698,-1.527441382,Label_I
4-4-4-1,4,4,ND,44,1,170,65,22.49134948,4,4.3,0,0,Medium,5065,115.7342445,0.830248715,1,1400,0.276406713,82,74,32,10,0,3,9,0.902439024,0.390243902,0.12195122,0,0.036585366,0.109756098,3139.380182,475.9060403,205.9593368,0,10.47424003,0.89893407,0.019147256,0.150611923,0.43416897,0.758882748,0.040465851,0.833004343,0.345045401,0.000197394,0.530398737,0.284938808,1.793920253,1.578661666,2.381662061,2.41373865,1.928641927,1.873568891,65.37712199,9.489636794,4.636756398,3,4.100209236,-2.653301954,Label_I
5-1-1-1,5,1,ND,37,1,173,65,21.71806609,2,5.5,3.85,0,Large,60954,452.4135917,0.909309662,1,20485,0.336073104,1135,787,713,385,17,27,8,0.69339207,0.628193833,0.339207048,0.014977974,0.023788546,0.007048458,18975.68869,17966.70524,9586.84272,249.9958986,1.084726438,0.013198261,0.001008941,0.001574932,0.030128784,0.500221475,0.020908867,0.133155607,2.564506603,0.008358625,0.103330326,0.006398163,0.29337216,0.660093512,0.868804856,0.486186531,0.953613321,0.22204085,3.277745878,2.287818883,9.528859183,6,-3.588222742,0.986974895,Label_III
5-1-2-1,5,1,ND,37,1,173,65,21.71806609,2,5.5,3.85,0,Large,38111,310.2084739,0.849018656,1,8304,0.217889848,709,512,441,327,56,34,20,0.722143865,0.622002821,0.461212976,0.078984485,0.047954866,0.028208745,15322.59795,11103.70865,9150.759892,796.979088,1.303696998,0.025149559,0.004171914,0.001220088,0.048816646,0.528311293,0.087859467,0.167926113,3.778967254,0.010219878,0.153298174,0.004303107,0.489648929,0.800495907,1.032404492,0.70940911,1.179221767,0.331772145,4.17935296,3.126377519,7.500772371,6,-3.505100965,0.643052876,Label_III
5-1-3-1,5,1,ND,37,1,173,65,21.71806609,2,5.5,3.85,0,Medium,11184,125.0286279,0.269444929,1,3098,0.277002861,193,128,133,66,9,14,4,0.663212435,0.689119171,0.341968912,0.046632124,0.07253886,0.020725389,3937.647921,3554.682164,2040.817523,178.9839964,1.156057219,0.022753688,0.003486813,0.001743406,0.063477872,0.55869468,0.088511399,0.161823871,2.770362092,0.011622709,0.10098346,0.002503353,0.419400983,0.668126956,0.885784533,0.587170317,1.168082253,0.244792132,4.074027716,2.763790791,5.728329773,13,-2.708521843,-1.322293043,Label_III
5-1-4-1,5,1,ND,37,1,173,65,21.71806609,2,5.5,3.85,0,Medium,10902,137.4790908,0.636861092,1,4081,0.374334984,209,158,71,10,35,6,2,0.755980861,0.339712919,0.04784689,0.167464115,0.028708134,0.009569378,4621.57608,1488.863432,362.9667064,684.9371733,1.357745575,0.017655691,0.000917179,0.001605063,0.019031459,0.268733376,0.321333578,0.129413923,0.615381088,0.004173163,0.039117674,0.007291571,0.281803173,0.562001284,0.824727139,0.488672842,0.876593598,0.193295423,3.726313859,1.860038522,4.382353326,1,-1.277342796,-0.54833883,Label_III
5-1-5-1,5,1,ND,37,1,173,65,21.71806609,2,5.5,3.85,0,Medium,5456,118.0100485,0.853667407,1,1154,0.211510264,126,65,117,20,0,0,2,0.515873016,0.928571429,0.158730159,0,0,0.015873016,1732.682426,2985.452813,394.9276159,0,1.077515118,0.020524097,0.001649258,0.00100788,0.093091442,0.958035551,0.006597031,0.134597764,1.451896647,0.005039399,0.078064871,0.003939894,0.430364669,0.704966099,0.963441451,0.522173355,1.186641012,0.601062855,4.117280557,3.162818398,5.681467649,8,-2.764863729,-1.656317949,Label_III
5-1-6-1,5,1,ND,37,1,173,65,21.71806609,2,5.5,3.85,0,Medium,4975,88.92156759,0.544854695,1,1115,0.224120603,114,83,82,29,0,0,2,0.728070175,0.719298246,0.254385965,0,0,0.01754386,2355.526527,1906.61676,526.8940916,0,1.687198553,0.030144695,0.001205788,0.002311093,0.050743569,0.741358521,0.004923633,0.170719453,1.758440514,0.004923633,0.083098875,0.000200965,0.513967042,0.86414791,1.028336013,0.717845659,1.268689711,0.313906752,3.998894695,2.986233923,6.793743183,8,-3.534262896,-2.080037355,Label_III
5-11-1-1,5,11,ND,37,1,173,65,21.71806609,2,5.5,3.85,0,Large,44164,285.3527598,0.709429595,1,14659,0.331921927,605,438,371,109,0,48,32,0.723966942,0.61322314,0.180165289,0,0.079338843,0.052892562,14362.67479,14491.67187,2826.93599,0,5.598415035,0.174436771,0.005943621,0.00249066,0.419359221,3.800147175,0.073632967,0.806079475,2.194282803,0.028314276,0.644967735,0.005898336,0.72988792,0.92346881,1.969376203,1.512294804,3.50977018,0.71561191,26.69993207,9.561043813,2.450452218,1,0.370732665,-1.844840765,Label_II
5-11-2-1,5,11,ND,37,1,173,65,21.71806609,2,5.5,3.85,0,Medium,15428,181.8042258,0.779892691,1,2894,0.187581022,207,133,154,79,0,4,23,0.642512077,0.743961353,0.381642512,0,0.019323671,0.111111111,5620.635686,5414.649038,3764.755979,0,6.118380971,0.215665306,0.038725776,0.00408322,0.332944455,4.132153736,0.071585974,0.552530948,5.553827209,0.084743016,0.559077063,0.005962797,0.80154255,1.291593752,1.979616307,1.406928511,4.10632575,0.814278307,29.94277011,10.97430164,2.349039386,1,-0.090533562,-2.284818172,Label_II
5-17-1-1,5,17,ND,37,1,173,65,21.71806609,2,5.5,3.85,0,Large,43597,289.3568754,0.695471151,1,10415,0.238892584,555,369,424,94,45,31,52,0.664864865,0.763963964,0.169369369,0.081081081,0.055855856,0.093693694,13456.69134,21172.51436,2410.944699,159.9963301,6.222074407,0.255516308,0.02497821,0.006468187,0.427462269,6.309899537,0.164525896,0.708426992,1.084384605,0.018831139,0.53859122,0.017638424,0.898871508,1.522753337,2.185880086,1.42368916,3.953025368,1.118044406,32.79266251,9.614317171,2.910405393,1,0.759261847,-1.400149822,Label_I
5-17-2-1,5,17,ND,37,1,173,65,21.71806609,2,5.5,3.85,0,Large,25783,200.907519,0.549195246,1,4158,0.161269053,358,190,292,189,9,29,26,0.530726257,0.815642458,0.527932961,0.025139665,0.081005587,0.072625698,6059.764971,12909.4993,6880.733129,27.99891406,4.715017065,0.171036302,0.010975799,0.002831213,0.415645361,6.472657462,0.118348588,0.715424294,3.219768073,0.029495036,0.654863481,0.014737822,0.727447254,1.461332609,1.857159479,1.065098511,3.293689885,0.749127366,26.41234874,7.971765436,2.905671281,1,0.194288731,-1.503535509,Label_II
5-17-3-1,5,17,ND,37,1,173,65,21.71806609,2,5.5,3.85,0,Medium,16036,209.848947,0.822807294,1,6001,0.374220504,204,155,103,20,3,6,11,0.759803922,0.504901961,0.098039216,0.014705882,0.029411765,0.053921569,6924.568186,2859.821662,725.9547297,25.99837875,8.182640145,0.25609528,0.01337532,0.005830268,0.137058053,1.985284031,0.059300368,0.654361788,0.656513064,0.010257529,0.32799152,0.028590135,0.805449897,1.527249486,2.09403255,1.49242377,3.17275675,0.887323065,31.35349504,8.347228285,0.27525489,7,1.299269199,-2.534787655,Label_II
5-18-1-1,5,18,ND,37,1,173,65,21.71806609,2,5.5,3.85,0,Large,22205,196.70935,0.668851791,1,6614,0.297860842,259,210,122,88,2,12,40,0.810810811,0.471042471,0.33976834,0.007722008,0.046332046,0.154440154,10737.51644,3174.857021,3097.860488,30.99860398,8.477528596,0.258646312,0.04543817,0.003737729,0.219940557,1.463838602,0.084661803,0.842587589,2.684522201,0.038998469,0.526614429,0.004052959,0.934769882,1.413244168,2.125844366,1.646897235,3.726470323,0.909303792,29.99036296,11.14077276,1.475044381,7,0.384053469,-2.817689419,Label_II
5-18-2-1,5,18,ND,37,1,173,65,21.71806609,2,5.5,3.85,0,Medium,19877,175.6677889,0.507249124,1,2976,0.149720783,313,205,234,103,4,13,32,0.654952077,0.747603834,0.329073482,0.012779553,0.041533546,0.102236422,7089.643324,9451.524499,4152.791076,136.993108,6.985863769,0.350689204,0.031341181,0.005282222,0.483323272,6.310343093,0.327397122,0.617843847,5.154366636,0.108034007,0.54985411,0.009482845,1.101343193,1.685456283,2.359719288,1.649864171,5.120711339,0.946347721,32.81424188,12.53888721,2.085036214,1,-0.09507113,-1.943173051,Label_I
5-18-3-1,5,18,ND,37,1,173,65,21.71806609,2,5.5,3.85,0,Medium,12264,159.7997843,0.759011742,1,3955,0.322488584,171,71,135,53,9,10,31,0.415204678,0.789473684,0.30994152,0.052631579,0.058479532,0.18128655,2419.802691,4896.600734,1723.859437,97.99200978,4.131023237,0.17729311,0.053200163,0.002119853,0.39319201,4.465307786,0.344679984,0.607786384,2.030941704,0.02690583,0.601916021,0.005870363,0.847166735,2.146718304,2.067916837,1.190175296,4.0105585,1.048756625,28.39767631,12.41210762,3.011645583,1,-0.6016047,-2.067720413,Label_II
5-18-4-1,5,18,ND,37,1,173,65,21.71806609,2,5.5,3.85,0,Medium,11356,128.9143944,0.45106688,1,3209,0.282581895,175,146,80,46,0,4,20,0.834285714,0.457142857,0.262857143,0,0.022857143,0.114285714,5399.524522,2026.82152,1590.85991,0,7.934665845,0.254204455,0.021528573,0.001496874,0.204367351,2.082504182,0.050805671,0.794487981,2.337324998,0.02535881,0.439156467,0.003169851,0.868891433,1.323456899,2.128599102,1.740248305,3.625913534,0.84335652,28.20049309,10.32107951,0.955821581,7,0.701260865,-2.998192072,Label_II
5-18-5-1,5,18,ND,37,1,173,65,21.71806609,2,5.5,3.85,0,Medium,6871,127.1944226,0.781332787,1,1361,0.198078882,112,99,13,17,46,10,15,0.883928571,0.116071429,0.151785714,0.410714286,0.089285714,0.133928571,3546.483847,290.9576542,531.9225844,1784.74025,9.022482538,0.349025029,0.022118743,0.005820722,0.288562282,0.426222352,7.817302095,1.315192084,1.750582072,0.026557043,0.633876601,0.005602445,0.954671129,2.016880093,2.619979627,2.203434226,3.604118161,0.935608265,30.04809371,10.41436263,2.542003271,1,0.87477684,-2.063767195,Label_II
5-19-1-1,5,19,ND,37,1,173,65,21.71806609,2,5.5,3.85,0,Large,28693,219.4531976,0.641335447,1,8434,0.293939288,402,286,240,154,0,61,43,0.711442786,0.597014925,0.383084577,0,0.151741294,0.106965174,8595.700425,8435.706001,6172.784868,0,6.361939778,0.249843173,0.022391441,0.007858786,0.391614972,3.728131317,0.118805325,0.963058479,5.677876908,0.090280198,1.071216979,0.013521991,0.763643967,1.462134941,2.370530424,1.882065937,3.404108873,0.839060431,28.62171534,9.28932878,2.056974489,1,-0.013787738,-2.167613506,Label_II
5-19-2-1,5,19,ND,37,1,173,65,21.71806609,2,5.5,3.85,0,Medium,12856,143.9633918,0.551950375,1,3473,0.270146235,195,127,140,68,0,24,12,0.651282051,0.717948718,0.348717949,0,0.123076923,0.061538462,4084.682274,4739.631329,1486.884343,0,6.004083379,0.241230458,0.013261258,0.009605662,0.466866299,4.806525628,0.144823831,0.930465894,3.490433227,0.03725597,0.986349848,0.0120168,0.780975344,1.478066423,2.345570506,1.717430194,3.734424827,0.84249825,33.73897488,9.95648285,2.839945212,1,0.971280754,-1.94934392,Label_I
5-19-3-1,5,19,ND,37,1,173,65,21.71806609,2,5.5,3.85,0,Medium,12113,154.1304418,0.725098056,1,3337,0.275489144,161,122,101,52,32,18,10,0.757763975,0.627329193,0.322981366,0.198757764,0.111801242,0.062111801,4643.616642,2856.764157,1855.846789,756.9375103,7.134802708,0.237824005,0.014322272,0.003879808,0.350544824,3.190977382,1.776291894,0.904985967,3.275755324,0.039912498,0.907627538,0.009740796,0.754210005,1.522370811,2.282648176,1.537270926,3.372090144,0.892603599,33.46603104,10.49991745,2.479621258,1,0.790120006,-2.182816982,Label_I
5-2-1-1,5,2,ND,37,1,173,65,21.71806609,2,5.5,3.85,0,Large,35538,311.5986951,0.873378507,1,9121,0.256654848,483,393,199,167,0,11,3,0.813664596,0.412008282,0.345755694,0,0.022774327,0.00621118,20364.42697,3492.901714,4760.866034,0,0.678944258,0.006485832,0.001209938,0.000689383,0.023002898,0.38955795,0.000689383,0.071414502,2.23066209,0.006992318,0.073595205,0.004431751,0.139269535,0.420411379,0.653690312,0.319142351,0.738695518,0.142125552,2.766411548,1.930400405,9.528864688,6,-4.280211926,0.425926894,Label_III
5-2-2-1,5,2,ND,37,1,173,65,21.71806609,2,5.5,3.85,0,Large,27111,210.6146391,0.599272914,1,1745,0.064365018,382,346,266,153,1,33,16,0.905759162,0.696335079,0.40052356,0.002617801,0.086387435,0.041884817,21565.20456,8029.703821,5148.810084,7.999704928,1.819895249,0.049129537,0.003282679,0.000700797,0.1271946,1.217947772,0.01160003,0.120149749,3.079540425,0.01818383,0.186946739,0.002692535,0.600656536,0.976560195,1.232848923,0.993453084,1.76453231,0.819913691,6.482480083,5.815874889,8.981127195,6,-3.751670837,-0.22933194,Label_III
5-2-3-1,5,2,ND,37,1,173,65,21.71806609,2,5.5,3.85,0,Medium,16962,172.3179462,0.637893547,1,5276,0.311048225,239,191,113,49,0,2,3,0.79916318,0.472803347,0.205020921,0,0.008368201,0.012552301,8750.484112,2266.866356,1387.918175,0,0.574544597,0.003596062,0.001414844,0.000707422,0.031716088,0.522637505,0.000736898,0.064139598,1.195513765,0.004215056,0.044891823,0.000825326,0.140924365,0.384660732,0.623533573,0.280876024,0.823380298,0.159405765,3.321759123,2.23548311,6.373170405,13,-3.619023561,-1.225849748,Label_III
5-2-4-1,5,2,ND,37,1,173,65,21.71806609,2,5.5,3.85,0,Medium,10371,167.8835341,0.869298321,1,4199,0.404878989,138,95,78,21,0,0,1,0.688405797,0.565217391,0.152173913,0,0,0.007246377,4112.603452,1956.811319,434.9580602,0,0.425472426,0.002651369,0.001060548,0.001108754,0.035624759,0.692923255,0.000530274,0.044543,0.737418049,0.001012341,0.023139221,0.00014462,0.13656961,0.353548014,0.567007327,0.219629772,0.836531045,0.097618589,3.249035866,2.03707096,4.565806993,13,-2.095859289,-0.85830313,Label_III
5-2-5-1,5,2,ND,37,1,173,65,21.71806609,2,5.5,3.85,0,Medium,9288,144.9227375,0.791809316,1,1113,0.119832041,148,113,83,76,0,10,1,0.763513514,0.560810811,0.513513514,0,0.067567568,0.006756757,6221.330175,1572.83066,2209.762084,0,1.034826138,0.019969857,0.003014318,0.000538271,0.058187103,0.685865002,0.005005921,0.095381634,3.390569491,0.009473571,0.111045322,0.009419744,0.35951125,0.806814512,0.994778771,0.671600818,1.171762299,0.2662827,4.111906556,3.544138228,7.21958573,13,-2.880051851,-0.393680334,Label_III
5-2-6-1,5,2,ND,37,1,173,65,21.71806609,2,5.5,3.85,0,Medium,4163,131.2901452,0.943560895,1,223,0.053567139,69,60,42,19,0,6,0,0.869565217,0.608695652,0.275362319,0,0.086956522,0,3686.114553,724.8258886,411.9010567,0,2.096902017,0.06556196,0.000240154,0.007324688,0.12956292,0.659582133,0.008045149,0.170509126,1.830691643,0.007444765,0.138808838,0.070965418,0.63376561,1.182516811,1.352785783,1.185158501,1.671589817,0.428914505,5.948366955,5.595581172,6.559259928,8,-3.652410269,-2.327322721,Label_III
5-20-1-1,5,20,ND,37,1,173,65,21.71806609,2,5.5,3.85,0,Medium,13600,184.6371296,0.843649148,1,3390,0.249264706,202,154,114,63,0,39,21,0.762376238,0.564356436,0.311881188,0,0.193069307,0.103960396,5621.586648,3630.733034,2248.834645,0,7.852400559,0.311410926,0.027571502,0.011469745,0.342658628,1.414454819,0.083670318,1.12774796,4.670502169,0.082861554,0.976031174,0.021799868,0.872399088,2.373869568,2.635173884,2.254282773,3.616167929,1.004521726,29.75755459,9.52073377,1.444490876,7,0.408027977,-2.604489326,Label_II
5-20-2-1,5,20,ND,37,1,173,65,21.71806609,2,5.5,3.85,0,Medium,12509,159.6548133,0.717414851,1,2869,0.229354864,169,94,136,28,0,28,18,0.556213018,0.804733728,0.165680473,0,0.165680473,0.106508876,4018.678737,5501.560192,1146.908313,0,6.500479616,0.294564349,0.01882494,0.011470823,0.515627498,3.110551559,0.1127498,0.893005596,2.121622702,0.028697042,0.872981615,0.025139888,0.903157474,2.219344524,2.567106315,1.622741807,4.0745004,1.136770584,31.00247802,11.48760991,1.570426496,1,-0.023407251,-2.682847261,Label_II
5-3-1-1,5,3,ND,37,1,173,65,21.71806609,2,5.5,3.85,0,Large,32551,334.462848,0.910945434,1,5297,0.162729256,421,327,268,99,8,8,8,0.77672209,0.636579572,0.235154394,0.019002375,0.019002375,0.019002375,20089.38283,7436.771535,3054.90615,218.9932723,0.969863603,0.010659867,0.002350086,0.000322561,0.098089211,0.908899607,0.029660236,0.095815925,1.163707299,0.006451217,0.05481998,0.00775682,0.352850823,0.567461293,0.875814082,0.502257926,1.379638732,0.28111944,5.182738388,3.855108749,9.528870194,6,-4.007301331,0.237995997,Label_III
5-3-2-1,5,3,ND,37,1,173,65,21.71806609,2,5.5,3.85,0,Large,23831,203.259993,0.666188357,1,6067,0.254584365,267,225,77,76,7,2,5,0.842696629,0.288389513,0.284644195,0.026217228,0.007490637,0.018726592,14702.38306,1891.920611,2251.905505,80.99660121,0.712948976,0.002559584,0.001720376,0.000461564,0.007804632,0.314115475,0.018021987,0.086795065,1.070871098,0.002077039,0.027861699,0.001615475,0.127244881,0.387713998,0.607082914,0.29315626,0.67885616,0.167799597,2.815122524,1.821920107,9.113910365,6,-4.553977013,-0.127975166,Label_III
5-3-3-1,5,3,ND,37,1,173,65,21.71806609,2,5.5,3.85,0,Medium,18149,285.8539323,0.927072223,1,3829,0.210975811,272,230,69,52,2,2,0,0.845588235,0.253676471,0.191176471,0.007352941,0.007352941,0,12296.32248,1319.927273,1578.913003,4.999724518,0.753829201,0.003719008,2.75E-05,0.000165289,0.007245179,0.250275482,0.004573003,0.104903581,1.271046832,0.006418733,0.037933884,0.003829201,0.104407713,0.430881543,0.652176309,0.355371901,0.647465565,0.209944904,2.944407713,1.796721763,9.559128645,6,-4.618593216,0.131044999,Label_III
5-3-4-1,5,3,ND,37,1,173,65,21.71806609,2,5.5,3.85,0,Medium,4777,99.12958055,0.780455609,1,598,0.125183169,83,74,31,23,0,0,0,0.891566265,0.373493976,0.277108434,0,0,0,3560.254709,472.9010046,534.8880285,0,0.927166178,0.015487652,0,0.000732524,0.051276685,0.402678945,0.003139389,0.085182085,1.097634994,0.001778987,0.039242361,0.000523231,0.286940142,0.654039347,0.928212641,0.578903307,1.01213897,0.200816241,4.057032231,2.597007116,7.554569997,6,-4.474534512,-1.70702517,Label_III
5-4-1-1,5,4,ND,37,1,173,65,21.71806609,2,5.5,3.85,0,Large,40059,265.4084916,0.662261153,1,7886,0.196859632,628,418,370,349,53,23,52,0.665605096,0.589171975,0.555732484,0.084394904,0.036624204,0.082802548,14215.64513,12310.69269,11838.70447,1020.974513,8.840364453,0.432151772,0.034785322,0.011732401,0.609236146,4.874013979,0.371929606,1.24257364,7.293022966,0.098290065,1.234623065,0.024226161,1.323689466,2.587968048,3.125861208,2.181003495,5.747778333,1.283150275,37.90485522,17.04711682,3.012589441,1,-0.672148943,-1.866503716,Label_I
5-4-2-1,5,4,ND,37,1,173,65,21.71806609,2,5.5,3.85,0,Large,35437,309.8556647,0.859745013,1,7120,0.200919942,570,361,341,244,7,30,70,0.633333333,0.598245614,0.428070175,0.012280702,0.052631579,0.122807018,14101.60207,11403.6782,7704.782578,71.99796828,10.09763531,0.528726226,0.057297252,0.014631187,0.573099498,5.231234833,0.221443084,1.251566115,5.04406287,0.064817428,1.242197641,0.336192787,1.458490885,2.970525989,3.420128111,2.375966477,6.124710762,1.453383374,42.70250861,17.71158079,2.119548709,1,0.142270476,-2.061828375,Label_I
5-4-3-1,5,4,ND,37,1,173,65,21.71806609,2,5.5,3.85,0,Large,26526,210.2868811,0.637731268,1,2223,0.083804569,427,313,275,254,30,6,24,0.733021077,0.644028103,0.594847775,0.070257611,0.014051522,0.056206089,12234.53877,9960.624496,9834.629246,641.9757982,11.34630754,0.560598635,0.023089682,0.014381573,0.612677649,6.357202096,0.437968862,0.916387077,11.13825536,0.187243186,1.15714178,0.019169148,1.465864968,2.226033852,3.123496815,2.34300901,6.414652995,1.217796962,37.99428884,17.1973084,2.739653778,1,-0.667735696,-2.16938591,Label_I
5-4-4-1,5,4,ND,37,1,173,65,21.71806609,2,5.5,3.85,0,Medium,17190,203.6101135,0.803481045,1,3533,0.205526469,258,164,211,57,2,6,22,0.635658915,0.817829457,0.220930233,0.007751938,0.023255814,0.085271318,5987.651678,8368.513175,1175.931592,26.99842941,9.001803269,0.486562736,0.049153627,0.014775173,0.546099703,9.098859869,0.284189401,0.857919842,1.516782037,0.017421907,0.688238032,0.185387703,1.417631319,4.259379908,3.296085161,2.123029492,6.612762492,1.88264208,46.20804491,21.94107382,3.119262379,1,-0.982564032,-2.322648048,Label_I
5-4-5-1,5,4,ND,37,1,173,65,21.71806609,2,5.5,3.85,0,Medium,10417,174.5346214,0.870272254,1,2460,0.236152443,134,110,57,6,0,1,5,0.820895522,0.425373134,0.044776119,0,0.007462687,0.037313433,6744.352563,1323.872912,67.99347284,0,15.43938376,0.558168554,0.010894605,0.013006335,0.278940296,1.779324246,0.13078326,1.122528316,0.094019965,0.000143982,0.61312152,0.010990593,1.655788059,2.340276445,3.179257055,2.710789019,5.302505279,1.175945479,55.88332693,15.31603955,0.426713733,7,1.711770296,-2.86077714,Label_I
5-4-6-1,5,4,ND,37,1,173,65,21.71806609,2,5.5,3.85,0,Medium,4686,134.5782951,0.936218827,1,836,0.178403756,76,59,34,47,0,9,15,0.776315789,0.447368421,0.618421053,0,0.118421053,0.197368421,2062.559846,962.7945381,1513.676979,0,10.44090036,0.51962876,0.07862172,0.016001707,0.480051205,3.086195861,0.141988479,1.358438233,8.869746106,0.138574781,1.709195648,0.03765735,1.262854705,2.718156603,3.258587583,2.457542138,5.035843823,1.878920418,38.28632387,15.78013655,2.3045544,1,-0.086835511,-2.378302813,Label_I
5-5-1-1,5,5,ND,37,1,173,65,21.71806609,2,5.5,3.85,0,Large,43159,358.8189371,0.887173271,1,10433,0.241734053,585,323,468,116,1,27,65,0.552136752,0.8,0.198290598,0.001709402,0.046153846,0.111111111,11889.72451,21305.50635,2529.941381,16.99960612,6.162291474,0.332159407,0.030572289,0.01189759,0.635101946,5.982275255,0.213021316,1.033167285,1.064353568,0.008225209,0.853579703,0.052594995,1.178834569,2.544265524,2.855989342,1.810993976,4.792782669,1.593524096,38.3567076,12.46931186,2.840693509,1,0.585456967,-1.524667382,Label_I
5-5-2-1,5,5,ND,37,1,173,65,21.71806609,2,5.5,3.85,0,Medium,15421,155.0687346,0.474414765,1,3346,0.21697685,221,141,123,90,2,34,21,0.63800905,0.556561086,0.407239819,0.009049774,0.153846154,0.095022624,5603.636623,5168.664829,3288.786733,10.99928673,7.44404098,0.343243418,0.022694852,0.020782,0.433277137,5.101121774,0.171313708,1.066301388,4.0709052,0.046783815,1.466314356,0.070224355,1.037997666,3.032388795,2.887465958,2.067565815,3.865905849,1.224484503,32.44261445,11.70525872,1.975045957,1,0.067995399,-2.203205824,Label_I
5-5-3-1,5,5,ND,37,1,173,65,21.71806609,2,5.5,3.85,0,Medium,10294,125.0541817,0.460510753,1,3008,0.292209054,129,101,50,10,8,4,20,0.782945736,0.387596899,0.07751938,0.062015504,0.031007752,0.15503876,5778.43866,1333.870423,345.9663915,263.9743565,10.30699369,0.360903351,0.067459932,0.009324915,0.28489558,1.459834871,0.967459932,0.885235551,0.792083536,0.009859155,0.401311316,0.025254978,1.073482273,2.247838757,2.68455561,1.82646916,3.485332686,1.14511899,38.44405051,10.32185527,0.181403668,7,1.616336107,-3.051893473,Label_I
5-5-4-1,5,5,ND,37,1,173,65,21.71806609,2,5.5,3.85,0,Medium,7046,117.6794142,0.707660535,1,1510,0.214305989,129,50,114,28,1,7,12,0.387596899,0.88372093,0.217054264,0.007751938,0.054263566,0.093023256,1308.814247,4040.426564,792.8874698,4.999290478,4.568823613,0.285227756,0.046047964,0.012842344,0.666240954,7.392720307,0.241875976,0.954164893,1.989215269,0.016673762,0.84887186,0.060664112,1.070171704,4.964665815,2.930821626,1.572016461,4.290336313,1.336455229,32.16595714,11.57613169,3.16252939,1,-0.421347439,-1.358691931,Label_I
5-6-1-1,5,6,ND,37,1,173,65,21.71806609,2,5.5,3.85,0,Large,29141,267.3755605,0.836717533,1,7150,0.245358773,439,304,276,189,10,26,56,0.692482916,0.628701595,0.430523918,0.022779043,0.059225513,0.127562642,9994.657024,9927.659323,5288.818509,240.9917301,7.071185917,0.326333127,0.018324068,0.010088532,0.556825201,3.983700501,0.197103836,1.114250909,4.012216046,0.044797886,1.166220575,0.016179397,1.023780111,2.092323794,2.766385286,2.124459543,4.508269851,1.149989706,37.21163613,13.29869261,1.826507925,1,0.203755811,-2.393451452,Label_I
5-6-2-1,5,6,ND,37,1,173,65,21.71806609,2,5.5,3.85,0,Medium,13867,147.6728633,0.386988524,1,4022,0.290041105,192,138,93,58,7,11,39,0.71875,0.484375,0.302083333,0.036458333,0.057291667,0.203125,6033.564898,2662.807975,1828.868114,102.9925728,8.742680992,0.34265936,0.050980675,0.009446207,0.34172195,2.404203923,0.160549466,1.097743005,2.645659071,0.032124315,0.900093741,0.015719642,0.960376406,1.962864148,2.66552495,2.243366022,3.891801269,1.106900779,35.13210268,11.8395587,0.952319343,7,0.815408766,-2.764491796,Label_I
5-6-3-1,5,6,ND,37,1,173,65,21.71806609,2,5.5,3.85,0,Medium,13433,140.8349927,0.391711343,1,3767,0.280428795,195,133,125,40,6,9,46,0.682051282,0.641025641,0.205128205,0.030769231,0.046153846,0.235897436,6370.525756,3220.760235,835.9377698,42.99679917,9.652672324,0.419569748,0.059140986,0.015148132,0.36683043,3.162163168,0.149508709,0.895600715,0.996315319,0.006066696,0.64984368,0.02114039,0.949233289,2.595020098,2.862959655,2.098704779,3.821832663,1.357004615,34.35748846,12.74363555,1.297732358,7,0.462383747,-2.820157528,Label_I
5-6-4-1,5,6,ND,37,1,173,65,21.71806609,2,5.5,3.85,0,Medium,5853,151.9938692,0.934755909,1,746,0.127456005,101,77,78,30,0,0,26,0.762376238,0.772277228,0.297029703,0,0,0.257425743,2833.515887,2729.533652,579.9009224,0,9.837376153,0.441407585,0.055688418,0.013324223,0.524000683,6.469508029,0.168602665,0.994106594,1.652289033,0.012213871,0.678425009,0.042791254,0.877177998,3.28245644,2.928168773,2.134437991,3.78245644,1.504185173,37.4297916,14.59617356,1.554299503,1,0.026894864,-2.704385519,Label_I
5-7-1-1,5,7,ND,37,1,173,65,21.71806609,2,5.5,3.85,0,Medium,20235,182.5564917,0.585589232,1,6057,0.299332839,244,188,139,45,8,8,3,0.770491803,0.569672131,0.18442623,0.032786885,0.032786885,0.012295082,10154.49817,3806.81187,1261.937636,69.99654082,0.554407986,0.00222376,0.002322593,2.47E-05,0.022632931,0.238881202,0.013441392,0.027846412,0.89004744,0.002248468,0.043536272,0.027451077,0.11548725,0.343373196,0.560931014,0.258178494,0.567528168,0.186202807,2.690304408,1.989350662,6.39110227,13,-3.584407806,-1.242819786,Label_III
5-7-2-1,5,7,ND,37,1,173,65,21.71806609,2,5.5,3.85,0,Medium,17847,207.5465683,0.829803307,1,3963,0.222054127,209,178,140,38,8,1,1,0.851674641,0.669856459,0.181818182,0.038277512,0.004784689,0.004784689,8870.50297,5377.698678,1171.934334,162.9908673,0.564068803,0.003781936,0.000364186,0.000140072,0.03689489,0.419906992,0.037315105,0.032524653,1.324013895,0.008292246,0.027061856,0.000616316,0.139287315,0.286614747,0.60197221,0.292609816,0.712740923,0.085499776,3.070540117,1.808802107,6.434256039,13,-3.421709776,-0.851164281,Label_III
5-7-3-1,5,7,ND,37,1,173,65,21.71806609,2,5.5,3.85,0,Medium,9863,125.6058326,0.546181652,1,2478,0.251242016,124,105,68,20,0,1,1,0.846774194,0.548387097,0.161290323,0,0.008064516,0.008064516,5936.398114,1541.843674,371.9622871,0,0.661090835,0.005727899,0.000963098,0.000354826,0.014091646,0.182481752,0.000152068,0.033150852,0.580089213,0.000963098,0.015916464,0.002128954,0.104115977,0.286394972,0.557431062,0.269667478,0.493765207,0.131893755,2.648671938,1.715379157,7.681615251,6,-4.53118372,-1.478147864,Label_III
5-7-4-1,5,7,ND,37,1,173,65,21.71806609,2,5.5,3.85,0,Medium,5429,99.07752673,0.698984613,1,401,0.07386259,61,61,0,1,0,0,2,1,0,0.016393443,0,0,0.032786885,5024.074586,0,4.99907919,0,1.375598527,0.002394107,0.002394107,0.000184162,9.21E-05,0,0,0.030570902,0.01519337,0,0.003222836,0.011141805,0.128268877,0.258287293,0.558839779,0.392725599,0.490423573,0.082780847,3.499815838,1.93747698,9.606753045,6,-5.148319244,-1.352030158,Label_III
5-7-5-1,5,7,ND,37,1,173,65,21.71806609,2,5.5,3.85,0,Medium,5362,110.37328,0.815282117,1,1153,0.215031705,88,57,63,21,0,0,1,0.647727273,0.715909091,0.238636364,0,0,0.011363636,2277.575238,1872.650755,533.9004289,0,0.474827522,0.007551743,0.005500653,0.000186463,0.02796942,0.643483125,0.000372926,0.039623345,1.582789483,0.006712661,0.022841693,0.000466157,0.112996457,0.490117472,0.681335074,0.289856424,0.718720865,0.236434831,2.768133507,1.920939773,5.803963769,13,-2.690269232,-1.207374811,Label_III
5-8-1-1,5,8,ND,37,1,173,65,21.71806609,2,5.5,3.85,0,Large,53429,286.4943446,0.521458392,1,28361,0.530816598,716,375,493,169,0,0,3,0.523743017,0.688547486,0.23603352,0,0,0.004189944,9110.829478,13149.75388,4187.921617,0,0.160836609,0.000467902,0.000533408,1.87E-05,0.01603032,0.271813588,0.000711211,0.021298896,0.413541082,0.000327531,0.007767172,0.001197829,0.026342879,0.172047539,0.316535654,0.099223283,0.45672843,0.060771102,2.101965188,1.314093206,9.20940776,2,-3.084205627,1.368686438,Label_III
5-8-2-1,5,8,ND,37,1,173,65,21.71806609,2,5.5,3.85,0,Medium,8399,163.6613857,0.873642869,1,1840,0.219073699,124,85,74,58,10,3,0,0.685483871,0.596774194,0.467741935,0.080645161,0.024193548,0,3463.587619,1802.785357,2399.714286,143.9828571,0.445059524,0.00375,0,0,0.009047619,0.254107143,0.068571429,0.033571429,2.282142857,0.003630952,0.041428571,0.000833333,0.047321429,0.219821429,0.456607143,0.210833333,0.465238095,0.077857143,2.327321429,1.524702381,7.500777877,13,-2.591114998,0.137272522,Label_III
5-8-3-1,5,8,ND,37,1,173,65,21.71806609,2,5.5,3.85,0,Medium,7091,102.1232199,0.388453789,1,1809,0.255112114,118,99,39,13,0,0,0,0.838983051,0.330508475,0.110169492,0,0,0,4343.387479,836.8819797,306.9567118,0,0.653553299,0.002397067,0,7.05E-05,0.017554992,0.136350818,0.000564016,0.029328821,0.273688663,0,0.009024253,0.000282008,0.066835871,0.194021433,0.535039481,0.297518331,0.421954315,0.07106599,2.55964467,1.555273548,7.681620756,6,-4.563171387,-1.5447644,Label_III
5-8-4-1,5,8,ND,37,1,173,65,21.71806609,2,5.5,3.85,0,Medium,5279,98.99303912,0.697461448,1,2218,0.420155332,87,61,27,50,2,0,0,0.701149425,0.310344828,0.574712644,0.022988506,0,0,1519.712121,239.9545455,1480.719508,21.99583333,0.256628788,0.000189394,0,0,0.002840909,0.04280303,0.018371212,0.016761364,1.244128788,0.000757576,0.039109848,0.002746212,0.011268939,0.142424242,0.253693182,0.081344697,0.140719697,0.043087121,1.188352273,0.757765152,7.314677307,13,-2.83810091,-0.168904245,Label_III
6-10-1-1,6,10,ND,49,0,156,75,30.81854043,1,5.5,2.25,0,Medium,16241,164.2576867,0.605015438,1,1438,0.088541346,217,199,118,100,2,3,1,0.917050691,0.543778802,0.460829493,0.00921659,0.013824885,0.004608295,12653.22091,2698.833826,2805.827238,13.99913804,0.949821451,0.010466691,0.000246275,6.16E-05,0.014407093,0.32046546,0.006187662,0.165189016,0.875692649,0.002093338,0.043405984,0.010097279,0.363194188,0.176363748,0.805073267,0.518747691,0.67679473,0.218569142,2.201206748,2.175901983,6.996295405,6,-3.729398489,-0.288002551,Label_III
6-10-2-1,6,10,ND,49,0,156,75,30.81854043,1,5.5,2.25,0,Medium,15103,162.342757,0.664344928,1,2404,0.159173674,205,161,181,78,1,5,3,0.785365854,0.882926829,0.380487805,0.004878049,0.024390244,0.014634146,7550.500066,6649.559719,2282.848848,14.99900689,0.513175318,0.006322828,0.000662076,0.000198623,0.035520392,0.683527542,0.004469015,0.098748676,0.855137712,0.003376589,0.034659693,0.009302172,0.267909163,0.106230138,0.655687235,0.325973252,0.760361494,0.165320445,2.532673464,2.071338718,6.365019252,13,-3.139324665,-1.085413575,Label_III
6-10-3-1,6,10,ND,49,0,156,75,30.81854043,1,5.5,2.25,0,Medium,13092,157.3562285,0.706711767,1,1732,0.132294531,203,125,150,162,20,5,2,0.615763547,0.738916256,0.798029557,0.098522167,0.024630542,0.009852217,4088.687696,4776.635149,6368.513557,456.9650959,0.333842511,0.007904987,0.000534637,0.000649202,0.057855343,0.594210647,0.15298251,0.160429237,2.729244635,0.004047965,0.088329642,0.005957382,0.258038647,0.140303979,0.723096311,0.410410143,0.787863744,0.301496983,2.096158253,2.152447873,7.500733832,13,-2.978686094,0.350780696,Label_III
6-10-4-1,6,10,ND,49,0,156,75,30.81854043,1,5.5,2.25,0,Medium,7654,133.4565415,0.822921387,1,1131,0.147765874,89,83,50,0,0,1,0,0.93258427,0.561797753,0,0,0.011235955,0,5595.268975,1560.796081,0,0,0.804180274,0.010254735,0,0.000261267,0.024363161,0.424820379,0.002090137,0.15630307,0,0,0.01077727,0.005160026,0.376943174,0.171913782,0.762834749,0.553690398,0.674983671,0.197256695,2.433442195,2.031874592,7.696198183,6,-4.595137596,-1.611138463,Label_III
6-10-5-1,6,10,ND,49,0,156,75,30.81854043,1,5.5,2.25,0,Medium,7520,128.3623485,0.805062687,1,1023,0.136037234,111,84,67,14,0,0,0,0.756756757,0.603603604,0.126126126,0,0,0,4790.362984,1943.741524,442.9410983,0,0.728626512,0.01409387,0.000398883,0.000664805,0.035367637,0.505783805,0.002127377,0.202034304,0.348424412,0.000864247,0.019545273,0.005717325,0.35839649,0.194920888,0.874085893,0.559234144,0.78314054,0.283938306,2.538026858,1.976864779,7.283749974,6,-4.365728378,-1.931883335,Label_III
6-10-6-1,6,10,ND,49,0,156,75,30.81854043,1,5.5,2.25,0,Medium,5880,106.5370182,0.675356163,1,153,0.026020408,86,81,72,30,0,1,8,0.941860465,0.837209302,0.348837209,0,0.011627907,0.093023256,5112.13059,2983.492603,884.8495154,0,1.958850536,0.100578133,0.007481721,0.001020235,0.102363544,1.406138412,0.01343309,0.24995749,1.225726917,0.011052542,0.074987247,0.018959361,0.859207618,0.313042,1.342798844,1.067675565,1.578643088,0.58008842,5.070141132,5.294932835,6.935863545,8,-3.666702747,-2.055667639,Label_III
6-11-1-1,6,11,ND,49,0,156,75,30.81854043,1,5.5,2.25,0,Medium,19252,185.6497092,0.698130498,1,1957,0.101651776,244,212,201,171,0,12,3,0.868852459,0.823770492,0.700819672,0,0.049180328,0.012295082,10837.43707,6990.636888,7180.627019,0,0.632446891,0.010595751,0.00044149,0.0002597,0.021814782,0.626447826,0.001791929,0.130317353,2.187711006,0.005921155,0.080948424,0.006206825,0.29304524,0.132213162,0.728250143,0.352412611,0.705708201,0.200332416,2.304108451,1.919311276,7.500739338,6,-3.146690845,0.370423168,Label_III
6-11-2-1,6,11,ND,49,0,156,75,30.81854043,1,5.5,2.25,0,Medium,11704,145.461828,0.69541895,1,1058,0.090396446,175,155,157,85,0,7,4,0.885714286,0.897142857,0.485714286,0,0.04,0.022857143,7722.340196,5678.514823,2833.757881,0,0.760999573,0.020333191,0.001366937,0.000854336,0.048611704,0.850961128,0.002648441,0.156044425,1.384664673,0.001110636,0.073302008,0.017513883,0.390815891,0.220931226,0.915933362,0.489705254,0.944211875,0.338914994,2.736181119,2.503289193,6.987716767,13,-3.22259903,-0.563820422,Label_III
6-11-3-1,6,11,ND,49,0,156,75,30.81854043,1,5.5,2.25,0,Medium,10631,130.6155368,0.589833432,1,1053,0.099049948,170,158,119,74,6,4,2,0.929411765,0.7,0.435294118,0.035294118,0.023529412,0.011764706,7546.290162,2907.726486,2426.771727,52.99501505,0.840857788,0.013544018,0.000940557,0.000611362,0.037057938,0.506819037,0.027182092,0.157355154,1.404157261,0.003244921,0.054975546,0.013826185,0.342503762,0.234292701,0.76697705,0.439051919,0.726674191,0.233117005,2.133559067,1.951561324,6.99630091,13,-3.477990866,-0.319771647,Label_III
6-11-4-1,6,11,ND,49,0,156,75,30.81854043,1,5.5,2.25,0,Medium,5685,119.3260692,0.848284057,1,570,0.100263852,89,60,86,57,0,5,3,0.674157303,0.966292135,0.640449438,0,0.056179775,0.033707865,1992.64949,3473.389026,2349.586704,0,0.410921562,0.007562434,0.001319029,0.000527612,0.067006683,1.24832923,0.005715793,0.146412241,2.941786845,0.008969399,0.116690116,0.008441787,0.340485403,0.654678157,0.830988393,0.36792121,0.879528667,0.271368273,2.804519873,2.432905382,7.500744843,13,-2.949502707,0.060268082,Label_III
6-4-1-1,6,4,ND,49,0,156,75,30.81854043,1,5.5,2.25,0,Large,31128,235.0239682,0.678894956,1,9729,0.312548188,392,270,354,160,0,3,5,0.68877551,0.903061224,0.408163265,0,0.007653061,0.012755102,8254.734813,13633.56202,3668.882136,0,0.275161425,0.004915031,0.00117254,1.61E-05,0.014343538,0.690497607,0.000867358,0.080584021,1.051447204,0.001670468,0.030212985,0.011082913,0.215715249,0.455716534,0.649394455,0.188714703,0.852500883,0.18290019,2.352533008,2.083924957,7.500783382,13,-2.907958508,0.967243373,Label_III
6-4-2-1,6,4,ND,49,0,156,75,30.81854043,1,5.5,2.25,0,Large,22060,192.1979891,0.574196294,1,6535,0.296237534,283,229,240,87,0,3,4,0.809187279,0.848056537,0.307420495,0,0.010600707,0.014134276,9929.549884,6960.684466,1663.924573,0,0.458116133,0.014505235,0.001201215,0.003105027,0.018879471,0.480236617,0.003535651,0.101151353,0.719119714,0.002039799,0.024114954,0.007887222,0.229205385,0.525656135,0.736639318,0.290082045,0.786206428,0.209396673,2.19715788,2.02388831,6.423474983,13,-3.160455704,-1.196154952,Label_III
6-4-3-1,6,4,ND,49,0,156,75,30.81854043,1,5.5,2.25,0,Medium,17909,205.1383065,0.828743166,1,7769,0.433804233,236,182,131,59,0,3,0,0.771186441,0.555084746,0.25,0,0.012711864,0,5823.674819,3971.778224,1264.929369,0,0.3319933,0.006085985,0.00094919,5.58E-05,0.008486879,0.334338358,0.000725851,0.120044668,0.710469012,0.000642099,0.02414852,0.002233389,0.200111669,0.407621441,0.639670575,0.247264098,0.617671692,0.162451145,1.993271915,1.703629257,6.165111797,13,-2.956063986,-1.193744421,Label_III
6-4-4-1,6,4,ND,49,0,156,75,30.81854043,1,5.5,2.25,0,Medium,9587,155.5153369,0.852180744,1,2962,0.30896005,134,94,118,42,0,4,3,0.701492537,0.880597015,0.313432836,0,0.029850746,0.02238806,2584.730392,4330.54829,792.9172924,0,0.264549437,0.007352941,0.001147267,0.000260743,0.033896537,0.681998331,0.002398832,0.059605757,0.77889028,0.004119733,0.03379224,0.002920317,0.186535252,0.487067167,0.644347101,0.183771381,0.818210263,0.117125574,2.397267418,1.94931164,5.661593213,8,-2.78240943,-1.622296929,Label_III
6-4-5-1,6,4,ND,49,0,156,75,30.81854043,1,5.5,2.25,0,Medium,7173,134.7198944,0.839863069,1,3239,0.45155444,84,60,50,16,0,3,0,0.714285714,0.595238095,0.19047619,0,0.035714286,0,2436.660301,1362.810008,386.9460552,0,0.326735434,0.007318093,0,0,0.002299972,0.250278784,0.000139392,0.083426261,0.508363535,0.00090605,0.202815723,0.015263451,0.189364371,0.406398104,0.62824087,0.253554502,0.571159744,0.231600223,1.71961249,1.795441873,6.949066148,13,-2.813489914,-0.694258153,Label_III
6-5-1-1,6,5,ND,49,0,156,75,30.81854043,1,5.5,2.25,0,Medium,11458,133.0637187,0.526035475,1,1772,0.154651772,139,95,101,82,0,36,30,0.683453237,0.726618705,0.589928058,0,0.258992806,0.215827338,3809.66751,4532.604416,3049.733834,0,4.973296099,0.45003927,0.038354132,0.00741775,0.468234575,3.056898508,0.146391483,1.321319487,2.462649446,0.019940658,1.075922855,0.05179335,1.502661663,1.733135527,2.886552055,1.894580679,4.108168252,2.502487128,20.61165896,10.56863601,5.491933265,4,-2.995526314,-3.188904762,Label_II
6-5-2-1,6,5,ND,49,0,156,75,30.81854043,1,5.5,2.25,0,Medium,11109,163.0229659,0.842182758,1,1662,0.149608426,141,102,134,36,11,28,24,0.723404255,0.95035461,0.255319149,0.078014184,0.19858156,0.170212766,3831.655086,6580.407651,892.919622,335.969757,4.988838884,0.550720072,0.042709271,0.013681368,0.693249325,5.308325833,0.363276328,1.475292529,0.789873987,0.00769577,0.934473447,0.111926193,1.654230423,2.26309631,3.506435644,2.053150315,5.088163816,1.40360036,27.3549955,13.43456346,3.852887483,8,-1.831142545,-2.372439861,Label_II
6-5-3-1,6,5,ND,49,0,156,75,30.81854043,1,5.5,2.25,0,Medium,9739,118.4088012,0.441764923,1,1744,0.179073827,127,61,122,55,0,11,5,0.480314961,0.960629921,0.433070866,0,0.086614173,0.039370079,1309.865503,6449.337782,1519.843943,0,2.671868583,0.363603696,0.019969199,0.00862423,0.630646817,6.056827515,0.174845996,1.258162218,1.576899384,0.015400411,0.673049281,0.067453799,1.488552361,1.454722793,2.722638604,1.660061602,5.066273101,1.115246407,23.64599589,9.330749487,3.162512873,1,-0.620835423,-1.566476822,Label_II
6-5-4-1,6,5,ND,49,0,156,75,30.81854043,1,5.5,2.25,0,Medium,8310,112.4863178,0.535195916,1,2292,0.275812274,89,75,59,46,0,9,10,0.842696629,0.662921348,0.516853933,0,0.101123596,0.112359551,3383.592829,1851.777163,1933.767296,0,5.604319576,0.503068223,0.017747563,0.006437252,0.444711828,1.766574419,0.145650343,1.371014318,2.07032848,0.01804837,0.759535555,0.066418,1.560101071,2.11376489,3.088497172,2.341715798,3.644627602,1.157201299,18.14252196,9.525087234,5.49193877,4,-3.56282258,-3.373049974,Label_II
6-5-5-1,6,5,ND,49,0,156,75,30.81854043,1,5.5,2.25,0,Medium,6186,101.060713,0.62586913,1,1116,0.180407371,84,62,72,7,0,1,3,0.738095238,0.857142857,0.083333333,0,0.011904762,0.035714286,2666.568935,2866.536609,126.9794731,0,5.58622919,0.501939551,0.011879748,0.008081461,0.590997252,4.100129303,0.146759334,1.433651204,0.239130435,0.004525618,0.430095361,0.088896072,1.548488767,1.868110554,3.036932277,2.199692904,4.472927105,1.175044448,22.03046711,9.747696784,5.334312095,4,-2.57822299,-3.393980742,Label_II
6-5-6-1,6,5,ND,49,0,156,75,30.81854043,1,5.5,2.25,0,Medium,5293,109.5658,0.818029277,1,645,0.121859059,79,55,65,24,0,5,12,0.696202532,0.82278481,0.303797468,0,0.063291139,0.151898734,2196.585002,2437.539479,746.8588969,0,6.134491878,0.667642614,0.031450699,0.021722705,0.786361919,3.603041179,0.298734416,2.045239894,1.417737061,0.017661504,0.663675859,0.118813751,1.860124669,2.478655081,3.933226294,2.820834907,5.626463921,1.625330563,24.21873819,12.94087646,5.515612414,4,-2.786632299,-3.773389101,Label_II
6-5-7-1,6,5,ND,49,0,156,75,30.81854043,1,5.5,2.25,0,Medium,4492,121.6609277,0.884952834,1,1185,0.263802315,57,49,33,0,0,3,7,0.859649123,0.578947368,0,0,0.052631579,0.122807018,2371.472068,1085.758291,0,0,6.530937013,0.63342978,0.009793011,0.021255286,0.551747162,1.680725573,0.19619408,2.074004006,0.005898064,0,0.547295793,0.094035166,2.030269308,2.017026486,3.701535722,3.285889161,4.532494992,1.351101714,21.06254173,9.588248386,5.51561792,4,-2.741268396,-3.752589941,Label_II
6-6-1-1,6,6,ND,49,0,156,75,30.81854043,1,5.5,2.25,0,Large,28549,208.9296591,0.481375503,1,2898,0.101509685,320,238,293,119,1,19,57,0.74375,0.915625,0.371875,0.003125,0.059375,0.178125,9509.6669,19592.31373,3247.886235,4.999824869,5.087565674,0.571943958,0.031313485,0.010437828,0.699001751,10.20677758,0.283362522,0.851821366,1.275183888,0.01474606,0.562872154,0.085043783,1.626059545,1.909982487,2.934063047,1.855604203,5.847600701,1.311978984,25.78217163,14.20134851,4.382309282,1,-0.948199868,-0.396397561,Label_II
6-6-2-1,6,6,ND,49,0,156,75,30.81854043,1,5.5,2.25,0,Medium,13595,155.7066678,0.694850098,1,1380,0.101507907,167,147,104,125,0,27,26,0.880239521,0.622754491,0.748502994,0,0.161676647,0.155688623,7043.481906,3620.733672,5392.603339,0,7.41056193,0.668652545,0.054501324,0.021550456,0.518167108,2.970689909,0.200867902,1.601610768,3.562408061,0.034789644,1.147727273,0.085392763,1.752721389,2.062518388,3.451971168,2.33910709,4.64997058,1.372683142,21.46969697,12.04302736,5.491944276,8,-3.428220987,-3.118810415,Label_II
6-6-3-1,6,6,ND,49,0,156,75,30.81854043,1,5.5,2.25,0,Medium,9978,121.4753875,0.288633941,1,1720,0.172379234,129,85,120,48,0,8,19,0.658914729,0.930232558,0.372093023,0,0.062015504,0.147286822,3183.68093,5851.413568,1404.859204,0,4.782944183,0.60211444,0.020493035,0.013929251,0.534722918,8.521394929,0.222667602,0.615242008,1.779837659,0.024651769,0.624511474,0.05546648,1.658683235,1.598055917,2.725222968,2.020643351,4.795219962,1.807996793,20.3167151,13.24436316,4.382314787,11,-1.291508675,-0.025795786,Label_II
6-6-4-1,6,6,ND,49,0,156,75,30.81854043,1,5.5,2.25,0,Medium,7639,119.5179173,0.72564073,1,847,0.110878387,95,91,37,36,0,0,18,0.957894737,0.389473684,0.378947368,0,0,0.189473684,6012.212958,823.8921466,914.8802356,0,10.75615183,0.817408377,0.089267016,0.020811518,0.38697644,1.283115183,0.254450262,1.792604712,1.245549738,0.015248691,0.716819372,0.107395288,1.983965969,2.621465969,3.939725131,3.288939791,4.237958115,1.557984293,23.75,13.2875,5.528411145,4,-3.38684082,-3.782477379,Label_II
6-7-1-1,6,7,ND,49,0,156,75,30.81854043,1,5.5,2.25,0,Large,61282,315.7538959,0.608490316,1,11547,0.188424007,625,504,588,210,0,70,138,0.8064,0.9408,0.336,0,0.112,0.2208,18301.70135,34899.43051,6562.892907,0,3.959450419,0.424612046,0.048520797,0.00923584,0.672617202,4.991433187,0.19897851,1.112135503,0.664180931,0.00483821,0.62247279,0.091722011,1.440978738,2.160664458,3.096649968,1.637281138,4.617291908,1.26804334,23.45258881,11.70612568,3.195003124,1,-0.409430563,-1.722389817,Label_II
6-7-2-1,6,7,ND,49,0,156,75,30.81854043,1,5.5,2.25,0,Large,36661,240.1547092,0.56654047,1,6236,0.170099015,440,243,431,36,4,17,116,0.552272727,0.979545455,0.081818182,0.009090909,0.038636364,0.263636364,5647.845944,27215.25765,552.9849163,26.99926354,2.249290819,0.480361137,0.043369156,0.012369756,1.005318859,6.752577601,0.30080192,1.309353009,0.104290546,0.000886476,0.482461404,0.123452076,1.647141454,3.085265397,3.564358191,1.649759969,6.230374775,1.736130053,34.577178,15.83414707,3.333299283,1,-0.938459158,-1.716229916,Label_I
6-7-3-1,6,7,ND,49,0,156,75,30.81854043,1,5.5,2.25,0,Medium,8513,121.1849425,0.64422323,1,1802,0.21167626,96,71,86,29,1,16,7,0.739583333,0.895833333,0.302083333,0.010416667,0.166666667,0.072916667,2437.713648,4383.485083,713.9161381,18.99776838,3.64070942,0.407798919,0.017148226,0.012450082,0.636128729,5.093258163,0.181935635,1.043634015,0.558315715,0.006871036,0.751174536,0.050035236,1.388771435,1.521024195,2.834331689,1.608468405,4.297979798,1.458715058,23.74982382,9.911381254,3.47304929,4,-1.342413783,-2.343324184,Label_II
6-7-4-1,6,7,ND,49,0,156,75,30.81854043,1,5.5,2.25,0,Medium,8071,132.8229165,0.806099505,1,1433,0.17754925,119,88,107,16,4,8,25,0.739495798,0.899159664,0.134453782,0.033613445,0.067226891,0.210084034,3190.604683,4295.46779,252.9686571,19.9975223,4.897609019,0.534625867,0.063181368,0.013627354,0.765175917,4.70422448,0.307111001,1.207755203,0.244053518,0.003344896,0.473612488,0.13435332,1.661112488,2.299554014,3.564729931,2.032210109,5.442579286,1.320738355,32.78388256,13.84712587,3.380243257,1,-1.147770286,-2.309405327,Label_I
6-7-5-1,6,7,ND,49,0,156,75,30.81854043,1,5.5,2.25,0,Medium,6790,121.6676362,0.792836131,1,895,0.131811487,91,80,52,47,4,7,11,0.879120879,0.571428571,0.516483516,0.043956044,0.076923077,0.120879121,3827.436313,1882.722721,1145.831247,33.99499337,6.212045354,0.503239582,0.010381387,0.010013253,0.478942718,2.36474746,0.209836548,1.458916213,1.189441908,0.008761596,0.750625828,0.042409071,1.507878074,1.93741717,3.30120748,2.400530113,3.867913415,1.132381093,18.2593138,10.02952437,5.491949781,4,-3.528315067,-3.586105585,Label_II
6-8-1-1,6,8,ND,49,0,156,75,30.81854043,1,5.5,2.25,0,Large,25107,201.1289986,0.575416549,1,6410,0.255307285,245,183,208,52,0,25,53,0.746938776,0.848979592,0.212244898,0,0.102040816,0.216326531,7311.708778,12045.52023,1173.953242,0,4.477098933,0.393181456,0.058029313,0.008662578,0.51433806,3.886649673,0.165783814,0.9954397,0.378942966,0.00135415,0.548430779,0.063884021,1.288812331,2.05605783,2.829416919,1.699299028,3.810936753,1.150529712,23.66295603,10.62547794,3.52175219,4,-1.393065453,-2.374023438,Label_II
6-8-2-1,6,8,ND,49,0,156,75,30.81854043,1,5.5,2.25,0,Medium,19425,192.6967963,0.722360151,1,6792,0.34965251,206,136,178,25,0,17,39,0.660194175,0.86407767,0.121359223,0,0.082524272,0.189320388,5441.71986,7853.595696,276.9857408,0,4.21988572,0.42015855,0.047179038,0.010938948,0.615592505,3.055441161,0.179167096,1.092170287,0.133403686,0.000360342,0.533511788,0.08380521,1.342041594,2.552738598,2.90530732,1.703490168,4.256022856,1.319880572,25.28044888,10.9892927,3.815181153,4,-1.490713,-2.494610071,Label_II
6-8-3-1,6,8,ND,49,0,156,75,30.81854043,1,5.5,2.25,0,Medium,17285,168.3252842,0.599159427,1,1851,0.10708707,201,162,169,53,5,13,46,0.805970149,0.84079602,0.263681592,0.024875622,0.064676617,0.228855721,8054.534016,8772.492479,1130.934571,185.9892398,6.492248062,0.557965984,0.024788846,0.012871688,0.637191947,4.11234525,0.357832928,1.318321185,0.559094065,0.001533033,0.714971653,0.101006595,1.561697327,2.659464306,3.496355432,2.191108411,4.517355085,1.274846697,26.50121486,11.57257318,4.953484117,4,-2.353394747,-3.496716738,Label_II
6-8-4-1,6,8,ND,49,0,156,75,30.81854043,1,5.5,2.25,0,Medium,10479,133.8728601,0.631989503,1,2560,0.24429812,110,101,50,34,0,9,18,0.918181818,0.454545455,0.309090909,0,0.081818182,0.163636364,5890.437882,1639.843511,1064.898378,0,7.150715649,0.510209924,0.021135496,0.01226145,0.332919847,1.191173664,0.122375954,1.126192748,1.130343511,0.011593511,0.635114504,0.051431298,1.605248092,2.078005725,3.207251908,2.26846374,3.389933206,1.186211832,17.6028626,9.390076336,5.52841665,4,-3.189442396,-3.802919626,Label_II
6-9-1-1,6,9,ND,49,0,156,75,30.81854043,1,5.5,2.25,0,Medium,19054,169.7904472,0.5221195,1,2265,0.118872678,232,190,194,41,17,15,51,0.818965517,0.836206897,0.176724138,0.073275862,0.064655172,0.219827586,9962.477145,8338.562372,940.9506166,482.9746523,7.616950932,0.702912621,0.024271845,0.023904487,0.741380215,4.416006298,0.784990816,1.905562844,0.47347153,0.003568617,0.881002362,0.120519549,2.239228549,2.691681973,4.284754658,2.732406193,6.649750722,1.666386775,31.77328785,14.5874836,4.953489622,4,-2.37974,-3.493165731,Label_I
6-9-10-1,6,9,ND,49,0,156,75,30.81854043,1,5.5,2.25,0,Medium,5584,88.25931597,0.385947188,1,837,0.14989255,75,64,49,25,0,21,11,0.853333333,0.653333333,0.333333333,0,0.28,0.146666667,3175.431334,1423.745031,732.8687556,0,7.804655327,0.64691137,0.036974038,0.008594449,0.473321397,2.575111907,0.258549687,1.754252462,1.213518353,0.013070725,1.34610564,0.093912265,1.929095792,2.839033124,3.917009848,2.398478066,5.021486124,1.555863921,24.85031334,12.84556849,5.528427661,4,-3.13950491,-3.646142006,Label_II
6-9-2-1,6,9,ND,49,0,156,75,30.81854043,1,5.5,2.25,0,Medium,15222,182.0588672,0.804382913,1,1778,0.116804625,198,171,168,51,0,17,38,0.863636364,0.848484848,0.257575758,0,0.085858586,0.191919192,8290.455364,6474.574657,948.9376601,0,7.860638508,0.726959206,0.037509032,0.028640872,0.742856204,4.353116994,0.372167116,2.182158576,0.666097353,0.007390133,0.919398279,0.157886093,2.136306904,2.739210405,4.291105564,2.868849767,5.880772515,1.688629048,30.77842738,14.26955922,5.003742394,4,-2.458196878,-3.428623915,Label_I
6-9-3-1,6,9,ND,49,0,156,75,30.81854043,1,5.5,2.25,0,Medium,13203,174.4585438,0.819102794,1,1605,0.121563281,162,127,121,23,0,23,29,0.783950617,0.74691358,0.141975309,0,0.141975309,0.179012346,7684.417979,4455.662527,730.944638,0,8.118524689,0.687064526,0.01775977,0.019463799,0.639389579,3.726900939,0.336829749,1.985080279,0.50310512,0.003142987,0.921538928,0.158853378,2.075166616,2.740154499,4.186042108,2.951037564,5.231899424,1.511360194,23.27521963,12.35678582,5.528422156,4,-2.908728361,-3.552827597,Label_II
6-9-4-1,6,9,ND,49,0,156,75,30.81854043,1,5.5,2.25,0,Medium,9904,146.4277616,0.781669562,1,1382,0.13953958,129,109,72,50,0,31,26,0.84496124,0.558139535,0.387596899,0,0.240310078,0.201550388,5984.39576,1967.801312,1475.850984,0,7.98293791,0.696769308,0.028773347,0.018324079,0.49888945,2.240434124,0.284957092,2.062291772,1.349469965,0.012216052,1.094144372,0.101261989,1.998283695,2.562746088,4.089550732,3.06587582,4.760524987,1.586875315,20.37940434,11.91943463,5.491955287,4,-3.503823042,-3.581197739,Label_II
6-9-5-1,6,9,ND,49,0,156,75,30.81854043,1,5.5,2.25,0,Medium,9267,140.6843804,0.780854099,1,1311,0.141469731,137,113,94,33,0,18,13,0.824817518,0.686131387,0.240875912,0,0.131386861,0.094890511,4954.465365,3210.653539,860.9070997,0,7.361242987,0.688498058,0.020392749,0.021094087,0.635520069,3.85757445,0.30929003,2.115936556,1.097917566,0.015914976,0.973187311,0.145770393,1.940170479,2.832218386,3.921611998,2.671018558,5.372140699,1.545640915,26.35698101,12.828388,5.506651059,4,-2.795821667,-3.635219812,Label_II
6-9-6-1,6,9,ND,49,0,156,75,30.81854043,1,5.5,2.25,0,Medium,8265,109.9403106,0.471679219,1,1116,0.135027223,93,55,91,23,0,6,15,0.591397849,0.978494624,0.247311828,0,0.064516129,0.161290323,2244.728406,5692.311275,415.9496734,0,4.292523591,0.590551657,0.043128478,0.020384708,0.878054682,7.971630777,0.406907815,1.957657876,0.43666828,0.00290346,0.820045971,0.134647955,1.98983789,2.493346238,3.927413501,2.403218001,6.706569078,1.63343818,36.33789015,14.23905154,3.472708258,1,-1.076853156,-1.732449532,Label_I
6-9-7-1,6,9,ND,49,0,156,75,30.81854043,1,5.5,2.25,0,Medium,8220,110.9380831,0.488916569,1,1282,0.155961071,108,100,30,44,0,28,10,0.925925926,0.277777778,0.407407407,0,0.259259259,0.092592593,5608.317723,525.9360175,1507.816567,0,8.87720472,0.657949155,0.021530227,0.024936139,0.360114341,0.746320399,0.238413818,2.255808296,2.022929084,0.024206301,1.138669262,0.096156185,2.064590682,2.883347525,3.968799416,3.038620606,4.24984795,1.400985282,19.71949884,10.78627904,5.491960793,4,-3.375913143,-3.63283968,Label_II
6-9-8-1,6,9,ND,49,0,156,75,30.81854043,1,5.5,2.25,0,Medium,6295,98.7701473,0.56131767,1,752,0.119459889,88,72,55,38,0,27,16,0.818181818,0.625,0.431818182,0,0.306818182,0.181818182,4138.342598,1044.834022,1163.815121,0,8.664231258,0.703462516,0.04749047,0.018583227,0.501826557,2.087198221,0.29344028,2.36070521,1.643821474,0.015406607,1.290184244,0.123173443,2.165025413,2.743408513,3.996188056,2.787801779,4.637468234,1.472601652,22.7894695,12.54891995,5.491966298,4,-3.36308527,-3.531629562,Label_II
6-9-9-1,6,9,ND,49,0,156,75,30.81854043,1,5.5,2.25,0,Medium,5718,110.0373892,0.781378783,1,655,0.114550542,62,52,45,30,0,13,29,0.838709677,0.725806452,0.483870968,0,0.209677419,0.467741935,3210.438538,2008.648715,789.861864,0,7.974995629,0.678090575,0.081832488,0.023255814,0.634289211,4.063385207,0.342717258,1.558838958,1.478405316,0.010928484,1.211050883,0.074488547,2.140059451,3.097044938,4.169784927,2.489596083,5.987497814,1.673019759,31.99947543,15.25537681,5.41901286,4,-2.706990957,-3.477019787,Label_I
7-1-1-1,7,1,ND,45,1,180,90,27.77777778,3,5.6,12.77,0,Medium,15521,183.2093119,0.793734926,1,2317,0.149281618,189,165,137,54,72,7,55,0.873015873,0.724867725,0.285714286,0.380952381,0.037037037,0.291005291,10495.3238,5923.618348,1309.915604,1790.884615,13.51369025,0.767910063,0.057950006,0.067549285,0.64128334,16.4639866,3.993428682,1.364514882,0.9639866,3.22E-05,0.762466177,0.227354722,3.065648757,2.715983765,3.97210411,2.297577632,5.359232058,1.773450586,38.57866254,8.693531761,4.19152739,14,1.222415447,0.13347654,Label_I
7-1-2-1,7,1,ND,45,1,180,90,27.77777778,3,5.6,12.77,0,Medium,9747,122.9993644,0.550059305,1,2030,0.208269211,137,110,54,39,101,6,26,0.802919708,0.394160584,0.284671533,0.737226277,0.04379562,0.189781022,4792.508309,1487.847353,1148.88213,3667.623718,8.779800985,0.573707427,0.028057037,0.039136233,0.703631514,7.87340993,12.45670907,1.358945425,1.775287238,0.000102585,0.634130078,0.190295445,2.41747025,3.199066475,3.445886336,2.049599918,3.842942142,1.501025851,31.61068937,6.497537957,4.107591844,14,0.926286817,-0.165343851,Label_II
7-1-3-1,7,1,ND,45,1,180,90,27.77777778,3,5.6,12.77,0,Medium,5070,91.07771329,0.623163404,1,651,0.128402367,54,49,35,10,10,0,16,0.907407407,0.648148148,0.185185185,0.185185185,0,0.296296296,3646.280812,1128.777361,281.9443897,240.9524749,13.96095445,0.760599487,0.061033327,0.054131335,0.439952672,8.548313942,2.063005324,1.447742063,0.558864129,0.000690199,0.574048511,0.168507198,2.145336226,3.00828239,3.706369552,2.185367778,4.419443897,1.603332676,36.90711891,8.835535397,2.324292377,12,1.911086082,-0.843366265,Label_I
7-1-4-1,7,1,ND,45,1,180,90,27.77777778,3,5.6,12.77,0,Medium,4556,92.09730063,0.720142107,1,406,0.089113257,73,56,43,11,56,0,15,0.767123288,0.589041096,0.150684932,0.767123288,0,0.205479452,2688.409919,962.7886768,175.9613781,1655.636603,11.68926926,0.683563748,0.022383147,0.045863507,0.681588765,9.189269256,15.12980031,1.706824665,0.501426377,0.000219443,0.672701339,0.209019092,2.240179943,2.121790652,3.551788457,2.222185648,4.454246215,1.316875137,32.27309634,6.091288128,3.916831955,14,1.026236653,-0.229929879,Label_II
7-2-1-1,7,2,ND,45,1,180,90,27.77777778,3,5.6,12.77,0,Medium,3929,93.11819627,0.808574708,1,270,0.068719776,57,47,15,9,38,3,10,0.824561404,0.263157895,0.157894737,0.666666667,0.052631579,0.175438596,2681.317557,242.9381679,319.9185751,1402.643003,9.661068702,0.58562341,0.020101781,0.028753181,0.471374046,0.054707379,17.47264631,1.282315522,1.267430025,0.000127226,0.434096692,0.123918575,2.326717557,4.441348601,3.434860051,2.098854962,4.595038168,1.414885496,28.97315522,7.660559796,4.030161985,14,0.818697274,-0.546321511,Label_II
7-3-1-1,7,3,ND,45,1,180,90,27.77777778,3,5.6,12.77,0,Medium,14463,153.3051089,0.538527217,1,3558,0.246007052,174,138,143,65,5,23,50,0.793103448,0.82183908,0.373563218,0.028735632,0.132183908,0.287356322,7377.489906,6897.523092,1754.878664,287.9800885,11.44123341,0.682833241,0.060771571,0.091883296,0.740839325,13.15621543,1.012824945,1.916827987,1.55199115,0.00293833,0.997995022,0.303823285,2.941060564,3.431346792,4.400442478,2.46142146,6.188640763,2.956339878,51.95309043,11.9718266,3.476194796,14,1.870517135,-0.44190678,Label_I
7-3-2-1,7,3,ND,45,1,180,90,27.77777778,3,5.6,12.77,0,Medium,11796,137.144339,0.566367724,1,4411,0.373940319,132,103,89,33,0,13,16,0.78030303,0.674242424,0.25,0,0.098484848,0.121212121,4301.635331,3122.735272,885.9248962,0,7.754895312,0.390099178,0.019877935,0.023607697,0.415656523,8.91828431,0.351657201,1.76680512,0.891370687,0.00300924,0.697423074,0.19471052,1.762990591,1.821268119,2.904933458,1.677248453,4.150504366,1.230863779,37.714207,7.20132237,4.423476589,14,2.023334265,-0.42274937,Label_I
7-3-3-1,7,3,ND,45,1,180,90,27.77777778,3,5.6,12.77,0,Medium,4686,99.13798485,0.494159196,1,939,0.200384123,73,62,36,20,0,8,17,0.849315068,0.493150685,0.273972603,0,0.109589041,0.232876712,2821.397909,1147.755067,471.8992959,0,13.38276083,0.553552379,0.03275016,0.065393642,0.568380627,6.606891402,0.494452742,1.724023896,1.374333262,0.003947088,0.810859825,0.221997013,2.407083422,2.531576702,3.69596757,2.084915724,5.068167271,1.463622786,52.47109025,9.453488372,2.25870197,12,2.846417904,-1.386412382,Label_I
7-5-1-1,7,5,ND,45,1,180,90,27.77777778,3,5.6,12.77,0,Large,30861,214.148799,0.50506794,1,23094,0.748323126,194,95,110,13,0,47,21,0.489690722,0.567010309,0.067010309,0,0.242268041,0.108247423,4115.866632,4112.866729,300.9902469,0,1.428147884,0.070150995,0.009850301,0.007679347,0.130208671,3.057481693,0.073520835,0.547923012,0.17079256,0.003677662,0.666402048,0.054695094,0.477739615,1.903846154,1.341099086,0.459448513,1.430351241,0.756723479,12.47145357,3.833792366,0.12589287,10,0.389881879,-5.058001995,Label_IV
7-5-2-1,7,5,ND,45,1,180,90,27.77777778,3,5.6,12.77,0,Medium,15740,152.0970902,0.409841848,1,4607,0.292693774,183,153,131,35,7,16,21,0.836065574,0.715846995,0.191256831,0.038251366,0.087431694,0.114754098,7421.528492,5108.675434,791.9496855,56.99637888,4.547646274,0.171050124,0.02604663,0.228416238,0.363604599,8.209325964,0.216059971,1.410710882,0.460485357,0.005908138,0.530779493,0.080553967,1.231719713,1.467886411,2.33209453,1.131599009,3.047455689,1.2621498,28.77927069,6.866685725,4.092135289,14,1.575195789,-0.19680725,Label_II
8-1-1-1,8,1,ND,58,1,175,80,26.12244898,4,5.3,2.6,0,Medium,17392,240.0714955,0.907691859,1,3757,0.216018859,199,98,162,109,1,5,12,0.492462312,0.814070352,0.547738693,0.005025126,0.025125628,0.060301508,2513.855459,8093.53464,4910.717645,24.99856264,0.650405335,0.047145403,0.005260737,0.001178635,0.256741218,4.626660151,0.042660841,0.046512965,2.611107917,0.023572702,0.150376588,0.009429081,0.659748175,0.388805841,0.788880584,0.487035014,2.132237107,0.942965561,15.82159489,9.326884379,4.59368419,8,-1.695208669,-1.128939509,Label_IV
8-1-2-1,8,1,ND,58,1,175,80,26.12244898,4,5.3,2.6,0,Medium,13113,148.9546056,0.619114663,1,3793,0.289254938,181,98,164,5,5,0,7,0.541436464,0.906077348,0.027624309,0.027624309,0,0.038674033,2986.772228,6833.478878,88.99321336,36.99717859,0.829228306,0.076559402,0.005871588,0.00217325,0.429884093,4.673021199,0.114305323,0.065121244,0.053759341,0.000343145,0.067561385,0.004994662,0.809364038,0.503774592,0.985130395,0.769444868,3.039232881,1.077970108,20.89362513,10.23505414,3.669865053,1,-0.919406474,-1.409916878,Label_II
8-1-3-1,8,1,ND,58,1,175,80,26.12244898,4,5.3,2.6,0,Medium,6480,104.9735404,0.637688265,1,339,0.052314815,78,72,2,26,40,0,4,0.923076923,0.025641026,0.333333333,0.512820513,0,0.051282051,5425.162784,31.99506249,1022.842154,1227.810523,3.025613331,0.057707144,0.002854498,0.00216016,0.069665175,0.07429409,1.976932572,0.141567659,1.634547138,0.013886746,0.036799877,0.002931646,0.701280667,0.353263385,0.761070822,0.789230057,1.263616726,0.491590804,13.03564265,6.912899244,4.38710996,4,-1.571770191,-3.496364832,Label_IV
8-3-1-1,8,3,ND,58,1,175,80,26.12244898,4,5.3,2.6,0,Large,32594,217.5208568,0.327488196,1,4865,0.1492606,415,266,354,74,35,18,11,0.640963855,0.853012048,0.178313253,0.084337349,0.043373494,0.026506024,9729.701488,19053.41543,1457.955269,764.9765301,1.713207547,0.057738917,0.002945237,0.001549317,0.224221506,4.156787851,0.522871606,0.066114435,0.243994478,0.000552232,0.053136984,0.003666206,0.722150637,0.320018408,0.825985581,0.703390091,2.223607915,0.478708391,17.60024544,7.716751035,3.854924856,1,-0.217355236,-1.086326241,Label_IV
8-3-2-1,8,3,ND,58,1,175,80,26.12244898,4,5.3,2.6,0,Large,24099,182.3981241,0.288755548,1,4923,0.204282335,269,200,177,18,75,16,16,0.743494424,0.657992565,0.066914498,0.278810409,0.059479554,0.059479554,10358.57017,8043.666224,463.9807469,2414.899793,2.263713693,0.067489627,0.006825726,0.003257261,0.137572614,2.27653527,2.575954357,0.137614108,0.141099585,0.0006639,0.038070539,0.003195021,0.754626556,0.484356846,0.836390041,0.760892116,2.009917012,0.47560166,17.3589834,7.315477178,2.910361349,1,0.530496359,-1.130542397,Label_IV
8-3-3-1,8,3,ND,58,1,175,80,26.12244898,4,5.3,2.6,0,Large,20859,196.8397694,0.708681217,1,5303,0.254230788,278,213,163,51,21,9,9,0.76618705,0.586330935,0.183453237,0.075539568,0.032374101,0.032374101,10098.51587,5263.747651,1316.936865,307.9852349,2.418959732,0.059060403,0.002229147,0.002900288,0.116826462,1.793288591,0.298106424,0.115292426,0.505465005,0.006040268,0.054817833,0.003619367,0.705225312,0.417545542,0.831927133,0.903235858,1.731495686,0.40352349,14.75354746,7.146788111,3.23534286,4,-0.766865909,-2.933450937,Label_IV
8-3-4-1,8,3,ND,58,1,175,80,26.12244898,4,5.3,2.6,0,Medium,3939,116.1246298,0.902786568,1,1218,0.309215537,59,48,19,0,3,4,0,0.813559322,0.322033898,0,0.050847458,0.06779661,0,2435.381726,231.9411168,0,66.98299492,2.647715736,0.044796954,0,0.002538071,0.041624365,0.345177665,0.201015228,0.09822335,0,0,0.044162437,0.011167513,0.779949239,0.162436548,0.706472081,0.963324873,1.505837563,0.305837563,10.98185279,4.238071066,0.454658803,7,0.198229715,-3.581877708,Label_IV
8-4-1-1,8,4,ND,58,1,175,80,26.12244898,4,5.3,2.6,0,Medium,13379,168.1565838,0.787655559,1,3505,0.261977726,175,144,78,53,5,6,11,0.822857143,0.445714286,0.302857143,0.028571429,0.034285714,0.062857143,6998.476906,2257.831241,1656.876158,99.99252616,5.119955157,0.123878924,0.008893871,0.002130045,0.074215247,1.484940209,0.176494768,0.177690583,1.945478326,0.022346786,0.101606876,0.014461883,0.639985052,0.66038864,0.936621824,1.047234679,1.658370703,0.513938714,25.60321375,7.276494768,0.655882066,7,1.919028163,-2.761269331,Label_II
8-4-2-1,8,4,ND,58,1,175,80,26.12244898,4,5.3,2.6,0,Medium,9402,123.2492098,0.573370462,1,2414,0.256753882,103,93,33,4,13,1,2,0.902912621,0.32038835,0.038834951,0.126213592,0.009708738,0.019417476,6084.352866,944.8995002,113.9878762,277.970435,5.750611507,0.119429969,0.000638094,0.001329363,0.050143571,1.232159949,0.617037116,0.179038605,0.064660215,0,0.032755504,0.000478571,0.750186111,0.616771243,0.937573115,1.163937041,1.740242476,0.410400936,26.95671594,6.639636286,0.790497223,7,2.430943727,-2.788955688,Label_II
8-4-3-1,8,4,ND,58,1,175,80,26.12244898,4,5.3,2.6,0,Medium,4613,103.9282664,0.799577617,1,1219,0.264253197,81,35,15,0,64,29,4,0.432098765,0.185185185,0,0.790123457,0.358024691,0.049382716,880.8090594,414.9100564,0,2595.437365,2.148027742,0.199068054,0.003359341,0.02243173,0.629713914,0.68064586,19.45416125,0.803857824,0.000975293,0.000108366,4.131664499,0.213914174,0.801690507,1.198309493,1.406480277,1.162115301,2.93768964,0.96846554,18.64282618,12.29388817,4.34450026,14,0.551386297,-0.240374789,Label_II
8-4-4-1,8,4,ND,58,1,175,80,26.12244898,4,5.3,2.6,0,Medium,4543,99.36609973,0.805235401,1,1425,0.313669381,67,34,19,47,8,6,4,0.507462687,0.28358209,0.701492537,0.119402985,0.089552239,0.059701493,1312.711048,563.8758803,1540.660871,101.9775528,3.149867958,0.064590669,0.032460387,0.000330106,0.049735915,1.187940141,0.711817782,0.134683099,2.865977113,0.01584507,0.332306338,0.022557218,0.573283451,0.631272007,0.789722711,0.710497359,1.49746919,0.522447183,22.71214789,6.96852993,0.161682919,7,1.586149216,-3.09682703,Label_II
8-4-5-1,8,4,ND,58,1,175,80,26.12244898,4,5.3,2.6,0,Medium,3631,88.92436081,0.787980327,1,673,0.185348389,66,53,20,30,21,0,3,0.803030303,0.303030303,0.454545455,0.318181818,0,0.045454545,2124.414923,352.9028084,606.8328744,332.908315,5.357241189,0.142896476,0.002064978,0.003303965,0.073788546,0.766244493,1.909140969,0.245181718,2.045704846,0.018860132,0.098155286,0.008122247,0.619768722,0.775468062,0.953882159,1.231552863,1.738298458,0.46875,24.35765419,6.396062775,0.691266221,7,2.110295296,-2.825165033,Label_II
8-6-1-1,8,6,ND,58,1,175,80,26.12244898,4,5.3,2.6,0,Medium,18471,182.8369681,0.535378776,1,5613,0.303881761,260,71,255,43,0,1,4,0.273076923,0.980769231,0.165384615,0,0.003846154,0.015384615,1075.94175,12017.34939,1151.937635,0,0.357162191,0.013533997,0.000622564,0.003058683,0.06331204,0.928784106,0.013344521,0.008445214,0.239118666,0,0.03131767,0.028096579,0.365661542,0.641186661,0.460616068,0.250730836,1.059089433,0.618666089,6.353372672,3.392621265,3.690944385,1,-0.964120626,-1.384335041,Label_III
8-6-2-1,8,6,ND,58,1,175,80,26.12244898,4,5.3,2.6,0,Medium,14139,159.5205952,0.676886981,1,6109,0.432067331,177,135,69,39,6,0,0,0.762711864,0.389830508,0.220338983,0.033898305,0,0,4347.692504,2729.806931,1484.894979,84.99398868,1.0718529,0.008415842,0.000176803,0.000247525,0.027475248,0.308486563,0.068104668,0.030763791,0.666336634,0.001272984,0.013896747,0.000318246,0.314321075,0.426980198,0.44112447,0.3718529,0.779985856,0.203041018,5.715134371,3.558592645,4.561938037,4,-1.399560213,-3.650472879,Label_III
8-7-1-1,8,7,ND,58,1,175,80,26.12244898,4,5.3,2.6,0,Medium,11124,154.5855813,0.789593041,1,4628,0.416037397,163,107,112,40,12,0,0,0.656441718,0.687116564,0.245398773,0.073619632,0,0,2857.743101,3484.686742,736.9337528,164.9851685,0.971325843,0.008044944,4.49E-05,0.000764045,0.056719101,1.156089888,0.090382022,0.018651685,0.454426966,0.001123596,0.007775281,0.000359551,0.346876404,0.365438202,0.424719101,0.318876404,0.990426966,0.203640449,7.166202247,4.16588764,4.308117054,8,-1.555267811,-1.640405893,Label_III
8-7-2-1,8,7,ND,58,1,175,80,26.12244898,4,5.3,2.6,0,Medium,7720,110.8120708,0.499128476,1,3857,0.499611399,102,53,61,9,25,1,2,0.519607843,0.598039216,0.088235294,0.245098039,0.009803922,0.019607843,1657.785261,1635.78811,262.9659371,503.9347235,0.797629841,0.001942754,0.001424686,0.000194275,0.039049346,0.706838492,0.407330657,0.022471182,0.241549022,0.001359927,0.003820749,0.000323792,0.190001295,0.156132625,0.287138972,0.262466002,0.740448128,0.106333377,5.483033286,3.364849113,4.426999251,1,-1.104230881,-0.759277284,Label_III
8-8-1-1,8,8,ND,58,1,175,80,26.12244898,4,5.3,2.6,0,Medium,14486,151.8224505,0.529102604,1,2120,0.146348198,185,176,48,60,10,9,1,0.951351351,0.259459459,0.324324324,0.054054054,0.048648649,0.005405405,10891.24815,1038.928281,2019.860565,228.9841927,0.829778422,0.002968178,0.00065576,0.001380548,0.005349624,0.113481052,0.102919859,0.026437496,0.754745634,0.000414164,0.03216677,0.004210672,0.176330503,0.403430662,0.294505419,0.253158004,0.460205702,0.136777801,3.965417271,2.705045903,8.745564655,6,-4.477621078,-0.539275169,Label_III
8-8-2-1,8,8,ND,58,1,175,80,26.12244898,4,5.3,2.6,0,Medium,7293,129.679943,0.816149425,1,892,0.122309063,117,101,89,27,14,2,0,0.863247863,0.760683761,0.230769231,0.11965812,0.017094017,0,4687.35728,2851.608994,739.8985468,210.9710721,0.74458459,0.004181519,0,0.000548396,0.039827255,0.589388539,0.179051275,0.019399506,0.518371264,0.001782287,0.023512476,0.002262133,0.242116808,0.686043323,0.458596106,0.285782835,0.777762545,0.196257198,5.37702221,3.387030436,3.891152044,4,-1.941735148,-2.59204793,Label_III
8-8-3-1,8,8,ND,58,1,175,80,26.12244898,4,5.3,2.6,0,Medium,6421,129.2496959,0.859499548,1,754,0.117427192,92,85,34,28,10,0,0,0.923913043,0.369565217,0.304347826,0.108695652,0,0,4945.229835,562.9123326,943.8530053,390.9391155,0.883758954,0.00591716,0.000155715,0.000622859,0.005294301,0.14746185,0.47547493,0.039395827,0.905481159,0.004593585,0.019152912,0.006384304,0.269075055,0.609467456,0.398551853,0.285347244,0.655636873,0.14302398,4.383369667,3.164434756,7.168971716,6,-4.105776787,-1.92654264,Label_III
8-8-4-1,8,8,ND,58,1,175,80,26.12244898,4,5.3,2.6,0,Medium,4677,100.5467519,0.792252657,1,593,0.126790678,81,61,78,21,12,0,0,0.75308642,0.962962963,0.259259259,0.148148148,0,0,2055.560496,3088.339675,496.893758,307.9341599,0.469217614,0.001710133,0,0.00032065,0.096194955,1.305899957,0.414600257,0.024262505,0.531851218,0.000534416,0.024048739,0.009833262,0.201474989,0.509512612,0.388200086,0.277362121,0.930632749,0.174112869,5.716866182,3.778751603,3.979199424,8,-1.787216187,-2.116538286,Label_III
8-9-1-1,8,9,ND,58,1,175,80,26.12244898,4,5.3,2.6,0,Large,36766,343.0521786,0.914831654,1,13155,0.357803405,573,425,392,237,75,0,2,0.741710297,0.684118674,0.413612565,0.130890052,0,0.003490401,10127.72454,10581.71219,6085.834471,1262.965649,0.228832921,0.000747953,0.000122392,0.000135992,0.005630049,0.328609895,0.145170941,0.007411538,0.812005331,0.000720755,0.01202165,0.000897544,0.043843664,0.164549732,0.110697093,0.082574047,0.287159681,0.109282781,3.243615198,1.49808252,7.500750349,6,-3.298364162,1.000912547,Label_III
8-9-2-1,8,9,ND,58,1,175,80,26.12244898,4,5.3,2.6,0,Large,34331,254.0059012,0.717158126,1,9120,0.265649122,519,434,387,91,28,3,2,0.836223507,0.74566474,0.175337187,0.053949904,0.005780347,0.003853565,13214.61508,13539.60562,1895.944775,390.9886112,0.343309449,0.005039031,0.000334964,0.005490504,0.010689736,0.52336013,0.049632995,0.013456833,0.265699639,0.000101946,0.006189561,0.000859257,0.09022195,0.158481883,0.152903996,0.129296283,0.459891646,0.086566469,3.993999767,1.97723698,2.527188039,1,-0.47356388,-2.306097507,Label_III
9-1-1-1,9,1,ND,47,1,160,70,27.34375,2,5.4,14.8,0,Large,32865,278.9322932,0.836462014,1,9059,0.275642781,491,369,419,113,0,7,0,0.751527495,0.853360489,0.230142566,0,0.014256619,0,11074.66303,14455.56015,2221.932392,0,2.932057445,0.133618329,0.000167346,0.005841903,0.104804357,8.116625084,0.142868009,0.022104911,0.680307917,0.001916875,0.059225339,0.03407777,0.560092497,1.122177935,0.945384288,0.347243352,0.864708209,0.584570681,11.91824378,5.564610844,7.560058912,2,-1.753862977,1.629314303,Label_IV
9-1-2-1,9,1,ND,47,1,160,70,27.34375,2,5.4,14.8,0,Medium,8722,125.3515077,0.628969627,1,2498,0.286402201,172,108,152,33,0,10,1,0.627906977,0.88372093,0.191860465,0,0.058139535,0.005813953,2518.711223,4544.478964,498.9427949,0,2.553937865,0.19488708,0.001662272,0.014616531,0.114238221,8.157743895,0.171500631,0.050154763,0.506935687,0.000286599,0.116645649,0.087527227,0.477587986,1.087355268,1.02327181,0.372578241,0.897798922,0.657743895,11.79502465,5.176946005,7.177347294,11,-0.996631563,1.540008903,Label_IV
9-1-3-1,9,1,ND,47,1,160,70,27.34375,2,5.4,14.8,0,Medium,7770,119.7317092,0.619808531,1,2637,0.339382239,158,101,111,16,0,6,0,0.639240506,0.702531646,0.101265823,0,0.037974684,0,2900.626689,2323.700939,230.9702741,0,3.060223909,0.172049929,6.43E-05,0.010487711,0.075151203,4.946145927,0.11542916,0.030562347,0.315146056,0.000193025,0.060030884,0.040599665,0.43829623,1.818234461,1.115300476,0.436623343,0.717089178,0.825376399,10.48964097,5.24855231,6.179226069,11,-1.0572716,0.792661726,Label_IV
9-1-4-1,9,1,ND,47,1,160,70,27.34375,2,5.4,14.8,0,Medium,5445,104.7758461,0.754620717,1,1512,0.27768595,101,68,76,16,0,6,1,0.673267327,0.752475248,0.158415842,0,0.059405941,0.00990099,2123.609989,1842.661586,270.9502387,0,3.170675725,0.22447668,0.001193537,0.012302607,0.080793243,5.871924348,0.172236504,0.025064267,0.570785898,0.002111642,0.061421227,0.046823357,0.506702167,1.864487697,1.175449871,0.428387808,0.741828865,0.937477047,11.07051047,5.643775248,6.286653942,11,-0.809413373,0.787645876,Label_IV
9-10-1-1,9,10,ND,47,1,160,70,27.34375,2,5.4,14.8,0,Large,21635,298.5355784,0.904173745,1,5700,0.263461983,374,266,296,54,0,12,9,0.711229947,0.79144385,0.144385027,0,0.032085561,0.024064171,8370.613099,8946.586476,860.9602052,0,3.21168423,0.242304493,0.001825661,0.013380477,0.205444629,8.996972638,0.213509891,0.038177112,0.373451655,0.002218525,0.080768164,0.063574598,0.717738954,1.879090405,1.212100203,0.567364578,1.284387133,0.821847846,13.98331485,7.834650582,7.164596758,11,-1.576242208,1.257056475,Label_IV
9-10-2-1,9,10,ND,47,1,160,70,27.34375,2,5.4,14.8,0,Medium,10706,128.691583,0.545786442,1,2788,0.260414721,173,141,129,56,0,1,4,0.815028902,0.74566474,0.323699422,0,0.005780347,0.023121387,4691.561782,3199.70113,1160.891566,0,3.429999066,0.209022135,0.00266181,0.009152891,0.133744279,6.49822546,0.125525357,0.030400672,1.253619128,0.008265621,0.123283833,0.080227888,0.76832913,1.861912767,1.192957878,0.514943495,1.183524797,0.903054077,14.32497432,7.840291398,6.179259103,11,-1.078730345,0.866159558,Label_IV
9-10-3-1,9,10,ND,47,1,160,70,27.34375,2,5.4,14.8,0,Medium,5403,131.6755527,0.90699636,1,1989,0.368128817,105,97,26,21,0,0,10,0.923809524,0.247619048,0.2,0,0,0.095238095,2910.461325,384.9287565,320.9405996,0,3.879071058,0.250370096,0.008789785,0.019059956,0.055977054,1.596595115,0.093911917,0.051813472,0.685140637,0.003515914,0.066802369,0.023223538,0.682735011,2.449389341,1.305329386,0.570595855,0.77646188,0.999907476,12.69430052,6.733068098,4.938621042,4,-1.159282923,-3.709296227,Label_IV
9-2-1-1,9,2,ND,47,1,160,70,27.34375,2,5.4,14.8,0,Medium,14491,161.5324825,0.667988991,1,3269,0.225588296,239,155,220,40,0,7,5,0.648535565,0.920502092,0.167364017,0,0.029288703,0.020920502,5381.628623,7086.510972,616.9574248,0,2.502139111,0.255899807,0.001656086,0.008901463,0.196625725,10.26787193,0.215670715,0.021770632,0.255554789,0.00096605,0.045783881,0.041885178,0.661813414,1.559481093,1.130313276,0.44096743,1.378208667,0.703802098,19.0210806,8.283087221,6.446906772,11,-0.57211715,0.984320462,Label_IV
9-2-2-1,9,2,ND,47,1,160,70,27.34375,2,5.4,14.8,0,Medium,9893,146.1764574,0.774731916,1,1643,0.166077024,200,163,133,36,0,11,1,0.815,0.665,0.18,0,0.055,0.005,6050.388417,2723.724682,773.9217708,0,3.441631292,0.276884981,0.000505357,0.016070346,0.155195068,6.870426521,0.185971296,0.05589246,0.561805134,0.002981605,0.115474025,0.05250657,0.670456843,2.205983424,1.380634728,0.622397413,1.209015565,0.872902769,15.44001415,8.082827977,6.059121721,11,-0.882665515,0.606929898,Label_IV
9-2-3-1,9,2,ND,47,1,160,70,27.34375,2,5.4,14.8,0,Medium,8398,115.2330217,0.50541448,1,3073,0.365920457,156,80,136,28,16,11,1,0.512820513,0.871794872,0.179487179,0.102564103,0.070512821,0.006410256,2233.734016,2992.643648,400.9522562,161.980712,1.867543755,0.251398976,0.000714371,0.008155733,0.265031551,7.836111442,0.367067508,0.041671628,0.422609835,0.002143112,0.086915109,0.082390761,0.7084772,1.629003453,1.18061674,0.456780569,1.706393618,0.84260031,17.69323729,8.2304441,5.920831169,11,-0.774049997,0.489509881,Label_IV
9-3-1-1,9,3,ND,47,1,160,70,27.34375,2,5.4,14.8,0,Large,21108,178.2714202,0.480380539,1,6517,0.308745499,371,290,292,79,0,5,0,0.781671159,0.787061995,0.212938005,0,0.013477089,0,6378.697807,8108.615851,1874.911175,0,2.681960301,0.166966697,7.11E-05,0.00824293,0.112108579,6.790586953,0.119475105,0.025131461,0.886967644,0.003789853,0.085295372,0.047420532,0.556255626,1.462148846,1.012861812,0.397058127,0.871808233,0.639324459,11.43974134,5.660192335,6.880782867,11,-1.126767516,1.341573477,Label_IV
9-3-2-1,9,3,ND,47,1,160,70,27.34375,2,5.4,14.8,0,Medium,7612,109.0869324,0.565830749,1,2713,0.35641093,156,114,98,19,0,7,0,0.730769231,0.628205128,0.121794872,0,0.044871795,0,2626.654932,2336.693025,294.9612505,0,3.025022987,0.172008407,0.000328386,0.009654538,0.075988441,5.427623801,0.100486011,0.038289768,0.402272429,0.000262709,0.073427033,0.037567319,0.521016682,1.506305005,1.043215552,0.442335479,0.823000131,0.70399317,11.02311835,5.534546171,6.280708626,11,-0.928453386,0.825130641,Label_IV
9-4-1-1,9,4,ND,47,1,160,70,27.34375,2,5.4,14.8,0,Medium,12674,140.8913436,0.521551438,1,4123,0.325311662,206,139,139,75,0,10,2,0.674757282,0.674757282,0.36407767,0,0.048543689,0.009708738,4544.64142,3156.750927,1812.856963,0,2.934832347,0.161932939,0.00086785,0.01357002,0.069033531,4.488717949,0.111676529,0.027534517,1.504812623,0.007416174,0.074595661,0.071282051,0.463944773,1.628678501,1.061617357,0.349151874,0.851321499,0.784536489,11.02990138,5.570966469,6.349364634,11,-0.733863652,0.892104149,Label_IV
9-4-2-1,9,4,ND,47,1,160,70,27.34375,2,5.4,14.8,0,Medium,9934,123.488471,0.526771014,1,3298,0.331991142,186,123,141,64,0,2,4,0.661290323,0.758064516,0.344086022,0,0.010752688,0.021505376,2796.71847,3322.665526,1134.885757,0,2.462858581,0.153195773,0.003019628,0.013789633,0.103220936,5.769501761,0.133467539,0.018922999,1.270005033,0.005938601,0.077604429,0.075490689,0.471716155,1.452843483,1.014292904,0.340613991,0.793457474,0.747508807,9.938097635,4.901358832,6.887446919,11,-1.000451207,1.422952533,Label_IV
9-4-3-1,9,4,ND,47,1,160,70,27.34375,2,5.4,14.8,0,Medium,5706,100.836107,0.675727283,1,1780,0.311952331,93,58,76,48,0,15,0,0.623655914,0.817204301,0.516129032,0,0.161290323,0,1398.754862,2227.609602,1058.814438,0,2.435430173,0.152181531,0.000613282,0.013316979,0.151042579,6.699141405,0.154897494,0.023479937,2.533730506,0.016383389,0.122568775,0.075433678,0.495531803,1.594708253,0.986770633,0.415454705,0.912388295,0.681706676,10.95470475,5.639302611,6.929539808,11,-1.005500674,1.520157576,Label_IV
9-5-1-1,9,5,ND,47,1,160,70,27.34375,2,5.4,14.8,0,Large,32029,235.7317774,0.672576557,1,5392,0.168347435,488,438,390,77,0,12,4,0.897540984,0.799180328,0.157786885,0,0.024590164,0.008196721,20306.366,11355.64546,1609.949735,0,0.686044333,0.013565407,0.000359038,0.004448954,0.001529816,2.171495473,0.013487356,0.003449891,0.351685919,0.000811739,0.022182329,0.024086794,0.060068686,0.439697159,0.362581954,0.029160162,0.13203247,0.464455198,3.761629722,1.218326569,9.528820644,6,-3.608190298,0.764074922,Label_III
9-5-2-1,9,5,ND,47,1,160,70,27.34375,2,5.4,14.8,0,Medium,12362,149.6315445,0.69775984,1,3811,0.308283449,164,61,158,34,0,1,0,0.37195122,0.963414634,0.207317073,0,0.006097561,0,1700.862412,7114.424492,737.9403058,0,0.134514276,0.006268705,0.000161773,0.001577287,0.001253741,3.025357923,0.008048208,0.001213298,0.248200275,0,0.017026612,0.02135404,0.045175119,0.432904635,0.21151824,0.015206665,0.221426838,0.173582464,3.50905929,1.243872846,8.279447926,2,-1.740055919,2.636777163,Label_III
9-5-3-1,9,5,ND,47,1,160,70,27.34375,2,5.4,14.8,0,Medium,5235,99.80015917,0.698522348,1,2126,0.406112703,98,68,63,0,0,0,0,0.693877551,0.642857143,0,0,0,0,1975.622613,1313.749045,0,0,0.408040489,0.008498854,0,0.002387319,0.005443086,1.093009931,0.005443086,0.00974026,0,0,0.021390374,0.040870894,0.034663866,0.525496562,0.291634836,0.018143621,0.180576776,0.266233766,3.844728801,1.10446906,4.382320293,13,-1.6108917,-0.096270755,Label_III
9-5-4-1,9,5,ND,47,1,160,70,27.34375,2,5.4,14.8,0,Medium,5052,92.59977941,0.639698089,1,1251,0.247624703,109,74,85,26,0,2,0,0.678899083,0.779816514,0.23853211,0,0.018348624,0,2031.597863,2188.566792,309.9386503,0,0.456560459,0.021373442,0,0.003661191,0.007520285,2.313773996,0.011874134,0.004353849,0.202453988,0,0.005739165,0.072234316,0.083613695,0.787749852,0.446368494,0.047199683,0.228478132,0.41767267,3.83099149,1.496833564,6.577738761,11,-0.824954569,1.181718707,Label_III
9-5-5-1,9,5,ND,47,1,160,70,27.34375,2,5.4,14.8,0,Medium,3674,84.6294481,0.723347512,1,358,0.097441481,85,84,3,11,0,3,0,0.988235294,0.035294118,0.129411765,0,0.035294118,0,3274.108844,44.9877551,71.98040816,0,1.110612245,0.011972789,0,0.003945578,0,0.067891156,0.005034014,0.003129252,0.119727891,0,0.01755102,0.02122449,0.070884354,0.723945578,0.576734694,0.045578231,0.089387755,0.745306122,3.77755102,1.180680272,9.82031263,6,-5.290339947,-1.577270389,Label_III
9-6-1-1,9,6,ND,47,1,160,70,27.34375,2,5.4,14.8,0,Medium,16756,173.91764,0.647862085,1,3784,0.225829554,287,186,260,55,0,6,5,0.648083624,0.905923345,0.191637631,0,0.020905923,0.017421603,5910.647252,8532.49078,975.9417557,0,2.170167691,0.139344751,0.001402399,0.007817628,0.13850928,6.580802053,0.133973862,0.02285612,0.415706869,0.002029003,0.082831056,0.057975771,0.576087605,1.828489586,1.075669869,0.378588053,1.015605419,0.728471683,10.71307513,5.870710748,6.892143079,11,-1.065863252,1.264965534,Label_IV
9-6-2-1,9,6,ND,47,1,160,70,27.34375,2,5.4,14.8,0,Medium,9841,125.7379771,0.558045037,1,4255,0.432374759,162,117,93,14,0,5,4,0.722222222,0.574074074,0.086419753,0,0.030864198,0.024691358,4039.589514,1656.83164,229.9766308,0,2.329963422,0.130664499,0.002489331,0.011074985,0.068736029,2.077880512,0.05283479,0.026061776,0.258128429,0.003556188,0.055273318,0.032462914,0.528347897,1.788305223,1.033072546,0.407996342,0.795417598,0.777433448,9.040642146,5.133306239,4.382325799,13,-1.553922772,-0.650326848,Label_IV
9-6-3-1,9,6,ND,47,1,160,70,27.34375,2,5.4,14.8,0,Medium,6826,131.0587185,0.807667393,1,1372,0.200996191,136,127,34,36,0,0,4,0.933823529,0.25,0.264705882,0,0,0.029411765,4641.320053,589.9135784,593.9129925,0,3.657096821,0.23260583,0.001611249,0.016039256,0.032298228,1.135857624,0.074703384,0.057052878,0.738245203,0.003515453,0.072506225,0.020946243,0.734290318,1.765416728,1.250622528,0.619159221,0.715980665,0.998681705,12.22557492,6.046140325,4.883916701,4,-1.107449889,-3.805228949,Label_IV
9-6-4-1,9,6,ND,47,1,160,70,27.34375,2,5.4,14.8,0,Medium,5747,115.2714447,0.825627693,1,1580,0.274926048,99,76,75,16,0,0,1,0.767676768,0.757575758,0.161616162,0,0,0.01010101,2676.534273,1698.704419,291.9491997,0,2.756784969,0.1611865,0.001913709,0.009046625,0.086725818,3.46598817,0.0782881,0.034707724,0.366214335,0.000521921,0.084029228,0.030793319,0.583768267,1.490518441,1.047929715,0.493302018,0.815414057,0.823851775,12.47903619,5.268441197,4.382331304,1,-0.716855168,-0.474292278,Label_IV
9-6-5-1,9,6,ND,47,1,160,70,27.34375,2,5.4,14.8,0,Medium,4720,94.75686708,0.719323736,1,906,0.191949153,101,71,79,0,0,8,1,0.702970297,0.782178218,0,0,0.079207921,0.00990099,2502.469816,1703.63906,0,0,2.969392078,0.258631646,0.000847278,0.011861894,0.132175387,4.768904893,0.171467909,0.034632493,0.00466003,0,0.097648803,0.127833086,0.683435713,2.356915908,1.303007837,0.569159076,1.007837323,0.899703453,13.1920144,6.761491209,5.933708037,11,-1.000837088,0.079697497,Label_IV
9-7-1-1,9,7,ND,47,1,160,70,27.34375,2,5.4,14.8,0,Large,28806,238.4670479,0.711430951,1,5917,0.205408595,445,428,89,83,0,3,0,0.961797753,0.2,0.186516854,0,0.006741573,0,21521.25289,1233.957163,1629.943417,0,0.755614955,0.014562433,0.000173569,0.005675704,0.000659562,0.222376506,0.00357552,0.024681501,0.305932586,0.000329781,0.017842885,0.009598362,0.044919638,0.528586802,0.377373555,0.024525289,0.059725067,0.45794425,1.889193599,0.882250842,9.307055736,6,-4.726414204,0.153398812,Label_III
9-7-2-1,9,7,ND,47,1,160,70,27.34375,2,5.4,14.8,0,Large,25633,243.2680202,0.811265666,1,4137,0.161393516,350,297,213,58,0,7,2,0.848571429,0.608571429,0.165714286,0,0.02,0.005714286,17716.30885,5232.795857,1055.958805,0,0.855855504,0.028770383,0.000234064,0.006768355,0.008016697,1.158773504,0.014336428,0.012619958,0.248829679,0.00029258,0.025083873,0.017086682,0.114359835,0.942556761,0.652726847,0.090114691,0.259811188,0.651732075,3.700456425,1.842065226,9.528826149,6,-3.997312069,0.435156047,Label_III
9-7-3-1,9,7,ND,47,1,160,70,27.34375,2,5.4,14.8,0,Medium,12673,186.7242249,0.880712595,1,2764,0.218101476,187,165,92,45,0,2,0,0.882352941,0.49197861,0.240641711,0,0.010695187,0,8384.338409,1661.868865,898.9290674,0,0.668494556,0.018107938,3.95E-05,0.005878176,0.001499132,0.662813634,0.007337857,0.010493925,0.325666719,0,0.018147388,0.014833517,0.04300142,0.650583872,0.499132081,0.038504024,0.109633896,0.529588133,2.40796118,1.188101625,8.738076136,6,-4.835867882,-0.531432092,Label_III
9-7-4-1,9,7,ND,47,1,160,70,27.34375,2,5.4,14.8,0,Medium,7828,125.050377,0.738024242,1,3045,0.388988247,113,103,20,5,0,3,0,0.911504425,0.17699115,0.044247788,0,0.026548673,0,4371.441563,416.9467365,38.99501852,0,0.526184698,0.009515902,0,0.004151233,0,0.241346277,0.001149572,0.007663814,0.03282667,0,0.013794865,0.013411675,0.017882233,0.474709414,0.354323668,0.019798186,0.065014689,0.362115213,2.212032188,1.058755908,7.681609745,6,-4.551469326,-1.529316068,Label_III
9-7-5-1,9,7,ND,47,1,160,70,27.34375,2,5.4,14.8,0,Medium,6904,148.8564179,0.89351237,1,1748,0.253186559,138,132,53,25,0,5,0,0.956521739,0.384057971,0.18115942,0,0.036231884,0,4569.338161,760.88979,449.9348298,0,0.68493845,0.017595945,0.000217234,0.007458364,0.002389573,0.619623461,0.007892831,0.019188993,0.304996379,7.24E-05,0.035988414,0.010716872,0.065821868,0.697827661,0.496813903,0.044605358,0.143664012,0.566763215,2.580376539,1.259594497,9.245550483,6,-4.869834423,-1.098499179,Label_III
9-7-6-1,9,7,ND,47,1,160,70,27.34375,2,5.4,14.8,0,Medium,6068,106.4582913,0.706915505,1,983,0.161997363,99,79,69,22,0,4,0,0.797979798,0.696969697,0.222222222,0,0.04040404,0,3519.420003,1640.729609,825.8638985,0,0.637666831,0.013181743,0,0.004036909,0.007414731,1.383506344,0.033613445,0.00922722,0.658592849,0.000164772,0.050255396,0.062613281,0.108007909,0.809935739,0.612621519,0.05799967,0.209672104,0.605124403,3.159828637,1.666584281,6.179231575,11,-1.274995565,0.472959518,Label_III
9-8-1-1,9,8,ND,47,1,160,70,27.34375,2,5.4,14.8,0,Large,21519,258.3770036,0.878554462,1,8670,0.402899763,347,244,218,90,0,4,3,0.703170029,0.628242075,0.259365994,0,0.011527378,0.008645533,7338.658968,5010.767147,1522.929229,0,0.304089219,0.021933086,0.001789033,0.014196097,0.003508364,1.165032528,0.012314126,0.00669145,0.332016729,0.000929368,0.026301115,0.017727695,0.011431227,0.270422862,0.308666357,0.018192379,0.077973978,0.371282528,1.966240706,0.774047398,8.163435987,2,-2.414548635,1.399735212,Label_III
9-8-10-1,9,8,ND,47,1,160,70,27.34375,2,5.4,14.8,0,Medium,3648,81.85650968,0.681753095,1,324,0.088815789,69,68,0,9,0,7,1,0.985507246,0,0.130434783,0,0.101449275,0.014492754,3305.093998,0,57.98410523,0,1.346670321,0.058235133,0.001644286,0.01000274,0.000137024,0,0.015072623,0.015209646,0.16155111,0,0.088654426,0.114688956,0.269936969,1.622362291,0.957659633,0.219512195,0.247191011,1.128254316,5.042614415,2.729103864,9.812498061,6,-5.141623497,-1.624304771,Label_III
9-8-2-1,9,8,ND,47,1,160,70,27.34375,2,5.4,14.8,0,Medium,17860,213.9919457,0.846315907,1,4623,0.258846585,248,200,165,46,0,0,0,0.806451613,0.665322581,0.185483871,0,0,0,9470.469739,4297.759364,927.9480432,0,0.554756173,0.018084094,0.000447903,0.002967359,0.003527238,1.199512905,0.016152511,0.005542803,0.249482112,0.000167964,0.013829013,0.024690667,0.049717261,0.636330553,0.497368568,0.04453838,0.172386764,0.586557304,2.813364313,1.344773529,6.17923708,11,-1.637584448,0.517077506,Label_III
9-8-3-1,9,8,ND,47,1,160,70,27.34375,2,5.4,14.8,0,Medium,13797,203.1813993,0.894886854,1,4648,0.33688483,203,169,134,58,0,1,0,0.832512315,0.660098522,0.285714286,0,0.004926108,0,6297.543557,2913.78881,928.9326714,0,0.441694448,0.017067691,0,0.005616756,0.003333816,0.918031599,0.006667633,0.006558922,0.323235251,0,0.018553414,0.023083056,0.047579359,0.63385998,0.52036527,0.053848384,0.185280475,0.515908103,2.778446152,1.410023192,6.179242586,11,-1.560716391,0.2687231,Label_III
9-8-4-1,9,8,ND,47,1,160,70,27.34375,2,5.4,14.8,0,Medium,6762,128.3986622,0.843912713,1,446,0.065956818,113,110,28,19,0,9,0,0.973451327,0.247787611,0.168141593,0,0.079646018,0,6104.097294,446.9339051,387.942629,0,1.286707083,0.034895756,0.000147863,0.0104983,0.007393169,0.364926808,0.009980778,0.019591897,0.311104539,7.39E-05,0.063729114,0.087017596,0.232958746,1.409064025,0.764749372,0.171817241,0.326260535,0.73399379,4.184533491,2.392799054,9.538242356,6,-5.146211624,-1.273839712,Label_III
9-8-5-1,9,8,ND,47,1,160,70,27.34375,2,5.4,14.8,0,Medium,5434,96.71990981,0.614899588,1,2300,0.42326095,79,55,46,12,0,2,0,0.696202532,0.582278481,0.151898734,0,0.025316456,0,2071.618767,925.8296228,256.9527139,0,0.341950322,0.004415823,0,0.005151794,0,0.677092916,0.001471941,0.000919963,0.21600736,0,0.021895124,0.002943882,0.002667893,0.249586017,0.199448022,0.002115915,0.033394664,0.229714811,1.471849126,0.618399264,7.702771785,13,-2.286494255,-0.303324223,Label_III
9-8-6-1,9,8,ND,47,1,160,70,27.34375,2,5.4,14.8,0,Medium,5235,95.66431218,0.663970243,1,1966,0.375549188,84,68,53,13,0,0,0,0.80952381,0.630952381,0.154761905,0,0,0,2316.557487,923.8235294,193.9629488,0,0.424178762,0.015374332,0,0.004965623,0.006588999,0.914724981,0.007639419,0.005443086,0.180099312,0,0.015565317,0.020435447,0.028743316,0.509931245,0.405462185,0.017379679,0.077540107,0.490832697,2.099407945,1.078590527,7.625429827,13,-2.212385416,-0.085452922,Label_III
9-8-7-1,9,8,ND,47,1,160,70,27.34375,2,5.4,14.8,0,Medium,4961,90.95307309,0.632897861,1,876,0.176577303,95,81,70,8,0,2,0,0.852631579,0.736842105,0.084210526,0,0.021052632,0,3159.36316,1422.71322,160.9675534,0,0.73770657,0.034361145,0.000604595,0.010378879,0.014308746,1.638754534,0.024083031,0.014207981,0.180471584,0,0.027408303,0.065195486,0.122531237,1.034663442,0.641979041,0.086759371,0.279725917,0.85197501,3.286376461,1.760479645,6.179248091,11,-1.395107746,0.470387667,Label_III
9-8-8-1,9,8,ND,47,1,160,70,27.34375,2,5.4,14.8,0,Medium,4315,97.36210467,0.80397462,1,951,0.220393975,67,56,27,15,0,2,0,0.835820896,0.402985075,0.223880597,0,0.029850746,0,2885.331325,378.9121872,254.9409175,0,0.677826691,0.011816497,0,0.011468953,0.000347544,0.412650602,0.005097312,0.006139944,0.300509731,0.000695088,0.030583874,0.022822057,0.027455978,0.50463392,0.460611677,0.045644115,0.066612604,0.666126043,2.36978684,1.0581557,9.812492555,6,-5.076906204,-1.71244216,Label_III
9-8-9-1,9,8,ND,47,1,160,70,27.34375,2,5.4,14.8,0,Medium,3768,84.38887194,0.706176481,1,1557,0.413216561,66,45,47,8,0,7,0,0.681818182,0.712121212,0.121212121,0,0.106060606,0,1249.668347,983.7389228,181.9517113,0,0.280711064,0.01339878,0,0.008224993,0.002520562,1.143406739,0.003979836,0.006500398,0.204828867,0,0.04934996,0.048686654,0.029052799,0.558503582,0.384054126,0.020429822,0.19063412,0.375829132,2.471875829,1.089413638,4.38233681,13,-1.779064417,-0.022404799,Label_III
9-9-1-1,9,9,ND,47,1,160,70,27.34375,2,5.4,14.8,0,Large,45392,371.5405135,0.887580095,1,14306,0.315165668,650,386,567,127,5,36,9,0.593846154,0.872307692,0.195384615,0.007692308,0.055384615,0.013846154,10445.76988,20899.53958,2631.942017,33.99925099,2.26249642,0.241689247,0.001762386,0.046692221,0.238197519,9.574097328,0.271352411,0.030467253,0.636397682,0.003656952,0.184466768,0.103760492,0.884167162,2.02501487,1.277465689,0.474214086,1.611746304,0.990450069,15.37235917,9.623113696,7.872932823,2,-2.095010996,1.548051476,Label_IV
9-9-2-1,9,9,ND,47,1,160,70,27.34375,2,5.4,14.8,0,Large,24552,230.5222423,0.80549715,1,6271,0.255417074,357,301,249,43,9,6,17,0.843137255,0.697478992,0.120448179,0.025210084,0.016806723,0.047619048,12394.49517,6978.715758,823.9664399,134.9945017,3.860709486,0.258563108,0.00366554,0.01337922,0.137070826,6.379240826,0.272308883,0.060929418,0.452062884,0.00480593,0.132407445,0.072455504,0.827780719,2.237567711,1.302345946,0.63698937,1.408198591,0.964322079,14.21097218,9.004989207,6.179253597,11,-0.998903036,0.707781672,Label_IV
